Trade number,Instrument,Account,Strategy,Market pos.,Qty,Entry price,Exit price,Entry time,Exit time,Entry name,Exit name,Profit,Cum. net profit,Commission,Clearing Fee,Exchange Fee,IP Fee,NFA Fee,MAE,MFE,ETD,Bars,
1,MNQ SEP26,Backtest,DA--VWAPPB_V1,Long,45,18963.00,18941.00,1/4/2024 8:13:00 AM,1/4/2024 10:46:00 AM,DAVWAPPB_V1-0781,Stop loss,($1980.00),($1980.00),$0.00,$0.00,$0.00,$0.00,$0.00,$1980.00,$6120.00,$8100.00,154,
2,MNQ SEP26,Backtest,DA--VWAPPB_V1,Long,66,19002.00,19250.00,1/8/2024 7:39:00 AM,1/8/2024 1:56:00 PM,DAVWAPPB_V1-0782,FlattenStrategyPositionsLong,$32736.00,$30756.00,$0.00,$0.00,$0.00,$0.00,$0.00,$561.00,$33660.00,$924.00,378,
3,MNQ SEP26,Backtest,DA--VWAPPB_V1,Long,92,19311.50,19300.75,1/10/2024 8:32:00 AM,1/10/2024 8:39:00 AM,DAVWAPPB_V1-0783,Stop loss,($1978.00),$28778.00,$0.00,$0.00,$0.00,$0.00,$0.00,$1978.00,$1242.00,$3220.00,8,
4,MNQ SEP26,Backtest,DA--VWAPPB_V1,Long,51,19475.25,19455.75,1/12/2024 7:44:00 AM,1/12/2024 7:59:00 AM,DAVWAPPB_V1-0785,Stop loss,($1989.00),$26789.00,$0.00,$0.00,$0.00,$0.00,$0.00,$1989.00,$1453.50,$3442.50,16,
5,MNQ SEP26,Backtest,DA--VWAPPB_V1,Short,141,19392.00,19399.00,1/15/2024 7:59:00 AM,1/15/2024 7:59:00 AM,DAVWAPPB_V1-0786,Stop loss,($1974.00),$24815.00,$0.00,$0.00,$0.00,$0.00,$0.00,$1974.00,$0.00,$1974.00,1,
6,MNQ SEP26,Backtest,DA--VWAPPB_V1,Short,35,19310.25,19338.25,1/16/2024 7:48:00 AM,1/16/2024 7:56:00 AM,DAVWAPPB_V1-0787,Stop loss,($1960.00),$22855.00,$0.00,$0.00,$0.00,$0.00,$0.00,$1960.00,$577.50,$2537.50,9,
7,MNQ SEP26,Backtest,DA--VWAPPB_V1,Long,37,19372.75,19346.00,1/16/2024 8:04:00 AM,1/16/2024 8:05:00 AM,DAVWAPPB_V1-0788,Stop loss,($1979.50),$20875.50,$0.00,$0.00,$0.00,$0.00,$0.00,$1979.50,$148.00,$2127.50,2,
8,MNQ SEP26,Backtest,DA--VWAPPB_V1,Short,54,19205.50,19223.75,1/17/2024 7:38:00 AM,1/17/2024 7:41:00 AM,DAVWAPPB_V1-0789,Stop loss,($1971.00),$18904.50,$0.00,$0.00,$0.00,$0.00,$0.00,$1971.00,$243.00,$2214.00,4,
9,MNQ SEP26,Backtest,DA--VWAPPB_V1,Short,36,19162.75,19190.25,1/17/2024 7:56:00 AM,1/17/2024 8:08:00 AM,DAVWAPPB_V1-0790,Stop loss,($1980.00),$16924.50,$0.00,$0.00,$0.00,$0.00,$0.00,$1980.00,$1926.00,$3906.00,13,
10,MNQ SEP26,Backtest,DA--VWAPPB_V1,Short,79,19887.00,19899.50,1/23/2024 9:20:00 AM,1/23/2024 9:24:00 AM,DAVWAPPB_V1-0795,Stop loss,($1975.00),$14949.50,$0.00,$0.00,$0.00,$0.00,$0.00,$1975.00,$711.00,$2686.00,5,
11,MNQ SEP26,Backtest,DA--VWAPPB_V1,Short,78,19888.25,19901.00,1/23/2024 9:27:00 AM,1/23/2024 9:47:00 AM,DAVWAPPB_V1-0796,Stop loss,($1989.00),$12960.50,$0.00,$0.00,$0.00,$0.00,$0.00,$1989.00,$2262.00,$4251.00,21,
12,MNQ SEP26,Backtest,DA--VWAPPB_V1,Short,45,20087.25,20109.25,1/24/2024 7:40:00 AM,1/24/2024 7:45:00 AM,DAVWAPPB_V1-0797,Stop loss,($1980.00),$10980.50,$0.00,$0.00,$0.00,$0.00,$0.00,$1980.00,$270.00,$2250.00,6,
13,MNQ SEP26,Backtest,DA--VWAPPB_V1,Long,65,20025.75,20010.50,1/29/2024 7:42:00 AM,1/29/2024 7:46:00 AM,DAVWAPPB_V1-0798,Stop loss,($1982.50),$8998.00,$0.00,$0.00,$0.00,$0.00,$0.00,$1982.50,$780.00,$2762.50,5,
14,MNQ SEP26,Backtest,DA--VWAPPB_V1,Long,104,20012.75,20003.25,1/29/2024 9:33:00 AM,1/29/2024 9:34:00 AM,DAVWAPPB_V1-0800,Stop loss,($1976.00),$7022.00,$0.00,$0.00,$0.00,$0.00,$0.00,$1976.00,$0.00,$1976.00,2,
15,MNQ SEP26,Backtest,DA--VWAPPB_V1,Short,59,20079.00,20096.00,1/30/2024 8:07:00 AM,1/30/2024 8:08:00 AM,DAVWAPPB_V1-0801,Stop loss,($2006.00),$5016.00,$0.00,$0.00,$0.00,$0.00,$0.00,$2006.00,$472.00,$2478.00,2,
16,MNQ SEP26,Backtest,DA--VWAPPB_V1,Short,66,19736.75,19751.75,2/1/2024 8:01:00 AM,2/1/2024 8:04:00 AM,DAVWAPPB_V1-0802,Stop loss,($1980.00),$3036.00,$0.00,$0.00,$0.00,$0.00,$0.00,$1980.00,$2607.00,$4587.00,4,
17,MNQ SEP26,Backtest,DA--VWAPPB_V1,Long,47,19797.75,19777.00,2/1/2024 8:16:00 AM,2/1/2024 8:21:00 AM,DAVWAPPB_V1-0803,Stop loss,($1950.50),$1085.50,$0.00,$0.00,$0.00,$0.00,$0.00,$1950.50,$235.00,$2185.50,6,
18,MNQ SEP26,Backtest,DA--VWAPPB_V1,Short,40,20109.25,20133.75,2/5/2024 8:09:00 AM,2/5/2024 10:23:00 AM,DAVWAPPB_V1-0804,Stop loss,($1960.00),($874.50),$0.00,$0.00,$0.00,$0.00,$0.00,$1960.00,$8680.00,$10640.00,135,
19,MNQ SEP26,Backtest,DA--VWAPPB_V1,Short,39,20155.50,20082.00,2/6/2024 7:38:00 AM,2/6/2024 1:56:00 PM,DAVWAPPB_V1-0805,FlattenStrategyPositionsShort,$5733.00,$4858.50,$0.00,$0.00,$0.00,$0.00,$0.00,$1872.00,$11524.50,$5791.50,379,
20,MNQ SEP26,Backtest,DA--VWAPPB_V1,Short,46,20172.00,20193.75,2/7/2024 7:42:00 AM,2/7/2024 7:49:00 AM,DAVWAPPB_V1-0806,Stop loss,($2001.00),$2857.50,$0.00,$0.00,$0.00,$0.00,$0.00,$2001.00,$506.00,$2507.00,8,
21,MNQ SEP26,Backtest,DA--VWAPPB_V1,Long,80,20302.50,20290.00,2/8/2024 8:06:00 AM,2/8/2024 8:07:00 AM,DAVWAPPB_V1-0807,Stop loss,($2000.00),$857.50,$0.00,$0.00,$0.00,$0.00,$0.00,$2000.00,$1240.00,$3240.00,2,
22,MNQ SEP26,Backtest,DA--VWAPPB_V1,Short,64,20325.25,20340.75,2/9/2024 7:40:00 AM,2/9/2024 7:43:00 AM,DAVWAPPB_V1-0808,Stop loss,($1984.00),($1126.50),$0.00,$0.00,$0.00,$0.00,$0.00,$1984.00,$320.00,$2304.00,4,
23,MNQ SEP26,Backtest,DA--VWAPPB_V1,Long,120,20491.25,20483.00,2/12/2024 8:35:00 AM,2/12/2024 11:35:00 AM,DAVWAPPB_V1-0809,Stop loss,($1980.00),($3106.50),$0.00,$0.00,$0.00,$0.00,$0.00,$1980.00,$18540.00,$20520.00,181,
24,MNQ SEP26,Backtest,DA--VWAPPB_V1,Short,43,20216.75,20239.50,2/14/2024 8:57:00 AM,2/14/2024 11:36:00 AM,DAVWAPPB_V1-0810,Stop loss,($1956.50),($5063.00),$0.00,$0.00,$0.00,$0.00,$0.00,$1956.50,$6815.50,$8772.00,160,
25,MNQ SEP26,Backtest,DA--VWAPPB_V1,Short,51,20302.75,20322.00,2/15/2024 7:42:00 AM,2/15/2024 10:39:00 AM,DAVWAPPB_V1-0811,Stop loss,($1963.50),($7026.50),$0.00,$0.00,$0.00,$0.00,$0.00,$1963.50,$7701.00,$9664.50,178,
26,MNQ SEP26,Backtest,DA--VWAPPB_V1,Short,42,20323.50,20347.25,2/16/2024 7:48:00 AM,2/16/2024 12:10:00 PM,DAVWAPPB_V1-0812,Stop loss,($1995.00),($9021.50),$0.00,$0.00,$0.00,$0.00,$0.00,$1995.00,$13671.00,$15666.00,263,
27,MNQ SEP26,Backtest,DA--VWAPPB_V1,Long,191,20248.00,20242.75,2/19/2024 7:40:00 AM,2/19/2024 7:46:00 AM,DAVWAPPB_V1-0813,Stop loss,($2005.50),($11027.00),$0.00,$0.00,$0.00,$0.00,$0.00,$2005.50,$2387.50,$4393.00,7,
28,MNQ SEP26,Backtest,DA--VWAPPB_V1,Short,51,19909.50,19929.00,2/21/2024 7:48:00 AM,2/21/2024 7:57:00 AM,DAVWAPPB_V1-0815,Stop loss,($1989.00),($13016.00),$0.00,$0.00,$0.00,$0.00,$0.00,$1989.00,$1428.00,$3417.00,10,
29,MNQ SEP26,Backtest,DA--VWAPPB_V1,Short,42,19911.50,19935.00,2/21/2024 8:36:00 AM,2/21/2024 9:03:00 AM,DAVWAPPB_V1-0816,Stop loss,($1974.00),($14990.00),$0.00,$0.00,$0.00,$0.00,$0.00,$1974.00,$777.00,$2751.00,28,
30,MNQ SEP26,Backtest,DA--VWAPPB_V1,Short,62,20353.00,20369.00,2/22/2024 8:59:00 AM,2/22/2024 9:06:00 AM,DAVWAPPB_V1-0817,Stop loss,($1984.00),($16974.00),$0.00,$0.00,$0.00,$0.00,$0.00,$1984.00,$372.00,$2356.00,8,
31,MNQ SEP26,Backtest,DA--VWAPPB_V1,Long,54,20587.25,20568.75,2/23/2024 7:38:00 AM,2/23/2024 7:43:00 AM,DAVWAPPB_V1-0818,Stop loss,($1998.00),($18972.00),$0.00,$0.00,$0.00,$0.00,$0.00,$1998.00,$513.00,$2511.00,6,
32,MNQ SEP26,Backtest,DA--VWAPPB_V1,Short,63,20525.50,20456.00,2/23/2024 8:08:00 AM,2/23/2024 1:56:00 PM,DAVWAPPB_V1-0819,FlattenStrategyPositionsShort,$8757.00,($10215.00),$0.00,$0.00,$0.00,$0.00,$0.00,$1575.00,$16695.00,$7938.00,349,
33,MNQ SEP26,Backtest,DA--VWAPPB_V1,Long,69,20476.50,20462.25,2/26/2024 8:24:00 AM,2/26/2024 8:31:00 AM,DAVWAPPB_V1-0821,Stop loss,($1966.50),($12181.50),$0.00,$0.00,$0.00,$0.00,$0.00,$1966.50,$1587.00,$3553.50,8,
34,MNQ SEP26,Backtest,DA--VWAPPB_V1,Short,55,20506.75,20524.75,3/5/2024 7:47:00 AM,3/5/2024 8:04:00 AM,DAVWAPPB_V1-0826,Stop loss,($1980.00),($14161.50),$0.00,$0.00,$0.00,$0.00,$0.00,$1980.00,$4042.50,$6022.50,18,
35,MNQ SEP26,Backtest,DA--VWAPPB_V1,Long,49,20428.25,20408.00,3/11/2024 8:37:00 AM,3/11/2024 8:38:00 AM,DAVWAPPB_V1-0829,Stop loss,($1984.50),($16146.00),$0.00,$0.00,$0.00,$0.00,$0.00,$1984.50,$0.00,$1984.50,2,
36,MNQ SEP26,Backtest,DA--VWAPPB_V1,Short,39,20428.00,20453.25,3/12/2024 7:41:00 AM,3/12/2024 7:56:00 AM,DAVWAPPB_V1-0831,Stop loss,($1969.50),($18115.50),$0.00,$0.00,$0.00,$0.00,$0.00,$1969.50,$4270.50,$6240.00,16,
37,MNQ SEP26,Backtest,DA--VWAPPB_V1,Long,34,20497.50,20679.25,3/12/2024 8:07:00 AM,3/12/2024 1:56:00 PM,DAVWAPPB_V1-0832,FlattenStrategyPositionsLong,$12359.00,($5756.50),$0.00,$0.00,$0.00,$0.00,$0.00,$357.00,$12818.00,$459.00,350,
38,MNQ SEP26,Backtest,DA--VWAPPB_V1,Short,41,20576.50,20600.50,3/13/2024 7:42:00 AM,3/13/2024 12:53:00 PM,DAVWAPPB_V1-0833,Stop loss,($1968.00),($7724.50),$0.00,$0.00,$0.00,$0.00,$0.00,$1968.00,$7851.50,$9819.50,312,
39,MNQ SEP26,Backtest,DA--VWAPPB_V1,Long,37,20538.50,20511.50,3/14/2024 8:36:00 AM,3/14/2024 8:39:00 AM,DAVWAPPB_V1-0834,Stop loss,($1998.00),($9722.50),$0.00,$0.00,$0.00,$0.00,$0.00,$1998.00,$203.50,$2201.50,4,
40,MNQ SEP26,Backtest,DA--VWAPPB_V1,Short,45,20466.50,20488.50,3/14/2024 9:28:00 AM,3/14/2024 9:36:00 AM,DAVWAPPB_V1-0835,Stop loss,($1980.00),($11702.50),$0.00,$0.00,$0.00,$0.00,$0.00,$1980.00,$405.00,$2385.00,9,
41,MNQ SEP26,Backtest,DA--VWAPPB_V1,Short,26,20306.25,20344.25,3/15/2024 7:43:00 AM,3/15/2024 8:39:00 AM,DAVWAPPB_V1-0836,Stop loss,($1976.00),($13678.50),$0.00,$0.00,$0.00,$0.00,$0.00,$1976.00,$4043.00,$6019.00,57,
42,MNQ SEP26,Backtest,DA--VWAPPB_V1,Long,47,20344.25,20323.00,3/15/2024 8:42:00 AM,3/15/2024 8:58:00 AM,DAVWAPPB_V1-0837,Stop loss,($1997.50),($15676.00),$0.00,$0.00,$0.00,$0.00,$0.00,$1997.50,$2467.50,$4465.00,17,
43,MNQ SEP26,Backtest,DA--VWAPPB_V1,Short,74,20286.50,20300.00,3/15/2024 9:25:00 AM,3/15/2024 9:29:00 AM,DAVWAPPB_V1-0838,Stop loss,($1998.00),($17674.00),$0.00,$0.00,$0.00,$0.00,$0.00,$1998.00,$999.00,$2997.00,5,
44,MNQ SEP26,Backtest,DA--VWAPPB_V1,Long,45,20532.50,20510.50,3/18/2024 7:40:00 AM,3/18/2024 7:54:00 AM,DAVWAPPB_V1-0839,Stop loss,($1980.00),($19654.00),$0.00,$0.00,$0.00,$0.00,$0.00,$1980.00,$2542.50,$4522.50,15,
45,MNQ SEP26,Backtest,DA--VWAPPB_V1,Long,45,20319.75,20478.00,3/19/2024 8:43:00 AM,3/19/2024 1:56:00 PM,DAVWAPPB_V1-0844,FlattenStrategyPositionsLong,$14242.50,($5411.50),$0.00,$0.00,$0.00,$0.00,$0.00,$1440.00,$15210.00,$967.50,314,
46,MNQ SEP26,Backtest,DA--VWAPPB_V1,Short,54,20840.75,20859.00,3/21/2024 7:54:00 AM,3/21/2024 8:09:00 AM,DAVWAPPB_V1-0845,Stop loss,($1971.00),($7382.50),$0.00,$0.00,$0.00,$0.00,$0.00,$1971.00,$1701.00,$3672.00,16,
47,MNQ SEP26,Backtest,DA--VWAPPB_V1,Long,135,20871.25,20863.75,3/21/2024 9:39:00 AM,3/21/2024 11:03:00 AM,DAVWAPPB_V1-0849,Stop loss,($2025.00),($9407.50),$0.00,$0.00,$0.00,$0.00,$0.00,$2025.00,$9585.00,$11610.00,85,
48,MNQ SEP26,Backtest,DA--VWAPPB_V1,Long,73,20751.75,20738.25,3/22/2024 8:05:00 AM,3/22/2024 8:10:00 AM,DAVWAPPB_V1-0851,Stop loss,($1971.00),($11378.50),$0.00,$0.00,$0.00,$0.00,$0.00,$1971.00,$1861.50,$3832.50,6,
49,MNQ SEP26,Backtest,DA--VWAPPB_V1,Long,60,20806.00,20789.50,3/26/2024 8:05:00 AM,3/26/2024 8:11:00 AM,DAVWAPPB_V1-0854,Stop loss,($1980.00),($13358.50),$0.00,$0.00,$0.00,$0.00,$0.00,$1980.00,$300.00,$2280.00,7,
50,MNQ SEP26,Backtest,DA--VWAPPB_V1,Short,57,20691.75,20709.25,3/27/2024 7:45:00 AM,3/27/2024 7:47:00 AM,DAVWAPPB_V1-0855,Stop loss,($1995.00),($15353.50),$0.00,$0.00,$0.00,$0.00,$0.00,$1995.00,$855.00,$2850.00,3,
51,MNQ SEP26,Backtest,DA--VWAPPB_V1,Long,50,20715.50,20695.50,3/28/2024 7:48:00 AM,3/28/2024 8:11:00 AM,DAVWAPPB_V1-0856,Stop loss,($2000.00),($17353.50),$0.00,$0.00,$0.00,$0.00,$0.00,$2000.00,$2300.00,$4300.00,24,
52,MNQ SEP26,Backtest,DA--VWAPPB_V1,Short,58,20687.25,20704.50,3/28/2024 8:15:00 AM,3/28/2024 8:36:00 AM,DAVWAPPB_V1-0857,Stop loss,($2001.00),($19354.50),$0.00,$0.00,$0.00,$0.00,$0.00,$2001.00,$1392.00,$3393.00,22,
53,MNQ SEP26,Backtest,DA--VWAPPB_V1,Short,65,20732.50,20697.25,4/1/2024 8:31:00 AM,4/1/2024 1:56:00 PM,DAVWAPPB_V1-0858,FlattenStrategyPositionsShort,$4582.50,($14772.00),$0.00,$0.00,$0.00,$0.00,$0.00,$1105.00,$15437.50,$10855.00,326,
54,MNQ SEP26,Backtest,DA--VWAPPB_V1,Long,70,20474.75,20460.50,4/3/2024 7:38:00 AM,4/3/2024 7:43:00 AM,DAVWAPPB_V1-0860,Stop loss,($1995.00),($16767.00),$0.00,$0.00,$0.00,$0.00,$0.00,$1995.00,$1120.00,$3115.00,6,
55,MNQ SEP26,Backtest,DA--VWAPPB_V1,Short,69,20712.25,20726.75,4/4/2024 7:57:00 AM,4/4/2024 8:01:00 AM,DAVWAPPB_V1-0861,Stop loss,($2001.00),($18768.00),$0.00,$0.00,$0.00,$0.00,$0.00,$2001.00,$897.00,$2898.00,5,
56,MNQ SEP26,Backtest,DA--VWAPPB_V1,Short,58,20350.50,20367.50,4/10/2024 9:02:00 AM,4/10/2024 9:08:00 AM,DAVWAPPB_V1-0864,Stop loss,($1972.00),($20740.00),$0.00,$0.00,$0.00,$0.00,$0.00,$1972.00,$1073.00,$3045.00,7,
57,MNQ SEP26,Backtest,DA--VWAPPB_V1,Short,33,20403.00,20433.00,4/11/2024 8:14:00 AM,4/11/2024 8:32:00 AM,DAVWAPPB_V1-0865,Stop loss,($1980.00),($22720.00),$0.00,$0.00,$0.00,$0.00,$0.00,$1980.00,$2293.50,$4273.50,19,
58,MNQ SEP26,Backtest,DA--VWAPPB_V1,Long,64,20444.00,20692.25,4/11/2024 8:46:00 AM,4/11/2024 1:56:00 PM,DAVWAPPB_V1-0866,FlattenStrategyPositionsLong,$31776.00,$9056.00,$0.00,$0.00,$0.00,$0.00,$0.00,$1696.00,$35136.00,$3360.00,311,
59,MNQ SEP26,Backtest,DA--VWAPPB_V1,Short,34,20485.25,20369.75,4/12/2024 8:09:00 AM,4/12/2024 1:56:00 PM,DAVWAPPB_V1-0867,FlattenStrategyPositionsShort,$7854.00,$16910.00,$0.00,$0.00,$0.00,$0.00,$0.00,$1598.00,$11288.00,$3434.00,348,
60,MNQ SEP26,Backtest,DA--VWAPPB_V1,Long,46,20100.00,20078.75,4/16/2024 8:03:00 AM,4/16/2024 8:04:00 AM,DAVWAPPB_V1-0869,Stop loss,($1955.00),$14955.00,$0.00,$0.00,$0.00,$0.00,$0.00,$1955.00,$368.00,$2323.00,2,
61,MNQ SEP26,Backtest,DA--VWAPPB_V1,Short,60,20061.50,20078.00,4/16/2024 8:34:00 AM,4/16/2024 8:49:00 AM,DAVWAPPB_V1-0870,Stop loss,($1980.00),$12975.00,$0.00,$0.00,$0.00,$0.00,$0.00,$1980.00,$3330.00,$5310.00,16,
62,MNQ SEP26,Backtest,DA--VWAPPB_V1,Short,50,20102.00,19899.75,4/17/2024 7:52:00 AM,4/17/2024 1:56:00 PM,DAVWAPPB_V1-0871,FlattenStrategyPositionsShort,$20225.00,$33200.00,$0.00,$0.00,$0.00,$0.00,$0.00,$475.00,$28675.00,$8450.00,365,
63,MNQ SEP26,Backtest,DA--VWAPPB_V1,Long,40,19850.25,19825.25,4/18/2024 8:16:00 AM,4/18/2024 10:48:00 AM,DAVWAPPB_V1-0873,Stop loss,($2000.00),$31200.00,$0.00,$0.00,$0.00,$0.00,$0.00,$2000.00,$7600.00,$9600.00,153,
64,MNQ SEP26,Backtest,DA--VWAPPB_V1,Short,39,19635.50,19661.00,4/19/2024 7:40:00 AM,4/19/2024 7:42:00 AM,DAVWAPPB_V1-0874,Stop loss,($1989.00),$29211.00,$0.00,$0.00,$0.00,$0.00,$0.00,$1989.00,$214.50,$2203.50,3,
65,MNQ SEP26,Backtest,DA--VWAPPB_V1,Short,36,19616.25,19382.50,4/19/2024 8:13:00 AM,4/19/2024 1:56:00 PM,DAVWAPPB_V1-0875,FlattenStrategyPositionsShort,$16830.00,$46041.00,$0.00,$0.00,$0.00,$0.00,$0.00,$1746.00,$21834.00,$5004.00,344,
66,MNQ SEP26,Backtest,DA--VWAPPB_V1,Long,49,19524.75,19504.50,4/22/2024 7:54:00 AM,4/22/2024 7:56:00 AM,DAVWAPPB_V1-0876,Stop loss,($1984.50),$44056.50,$0.00,$0.00,$0.00,$0.00,$0.00,$1984.50,$24.50,$2009.00,3,
67,MNQ SEP26,Backtest,DA--VWAPPB_V1,Short,45,19451.00,19473.25,4/22/2024 8:21:00 AM,4/22/2024 10:16:00 AM,DAVWAPPB_V1-0877,Stop loss,($2002.50),$42054.00,$0.00,$0.00,$0.00,$0.00,$0.00,$2002.50,$9270.00,$11272.50,116,
68,MNQ SEP26,Backtest,DA--VWAPPB_V1,Long,43,19971.50,19948.50,4/24/2024 7:40:00 AM,4/24/2024 7:56:00 AM,DAVWAPPB_V1-0879,Stop loss,($1978.00),$40076.00,$0.00,$0.00,$0.00,$0.00,$0.00,$1978.00,$2021.00,$3999.00,17,
69,MNQ SEP26,Backtest,DA--VWAPPB_V1,Short,52,19932.25,19951.50,4/24/2024 8:03:00 AM,4/24/2024 8:06:00 AM,DAVWAPPB_V1-0880,Stop loss,($2002.00),$38074.00,$0.00,$0.00,$0.00,$0.00,$0.00,$2002.00,$1352.00,$3354.00,4,
70,MNQ SEP26,Backtest,DA--VWAPPB_V1,Long,57,20098.50,20081.00,4/29/2024 8:14:00 AM,4/29/2024 8:25:00 AM,DAVWAPPB_V1-0883,Stop loss,($1995.00),$36079.00,$0.00,$0.00,$0.00,$0.00,$0.00,$1995.00,$826.50,$2821.50,12,
71,MNQ SEP26,Backtest,DA--VWAPPB_V1,Long,47,20076.50,20055.50,4/30/2024 7:45:00 AM,4/30/2024 7:47:00 AM,DAVWAPPB_V1-0884,Stop loss,($1974.00),$34105.00,$0.00,$0.00,$0.00,$0.00,$0.00,$1974.00,$963.50,$2937.50,3,
72,MNQ SEP26,Backtest,DA--VWAPPB_V1,Short,76,20030.00,19828.75,4/30/2024 9:02:00 AM,4/30/2024 1:56:00 PM,DAVWAPPB_V1-0886,FlattenStrategyPositionsShort,$30590.00,$64695.00,$0.00,$0.00,$0.00,$0.00,$0.00,$570.00,$31692.00,$1102.00,295,
73,MNQ SEP26,Backtest,DA--VWAPPB_V1,Short,45,19697.25,19719.00,5/2/2024 7:54:00 AM,5/2/2024 7:57:00 AM,DAVWAPPB_V1-0887,Stop loss,($1957.50),$62737.50,$0.00,$0.00,$0.00,$0.00,$0.00,$1957.50,$1350.00,$3307.50,4,
74,MNQ SEP26,Backtest,DA--VWAPPB_V1,Long,73,20299.25,20285.50,5/6/2024 7:51:00 AM,5/6/2024 8:18:00 AM,DAVWAPPB_V1-0890,Stop loss,($2007.50),$60730.00,$0.00,$0.00,$0.00,$0.00,$0.00,$2007.50,$2445.50,$4453.00,28,
75,MNQ SEP26,Backtest,DA--VWAPPB_V1,Long,71,20319.25,20383.50,5/8/2024 7:40:00 AM,5/8/2024 1:56:00 PM,DAVWAPPB_V1-0891,FlattenStrategyPositionsLong,$9123.50,$69853.50,$0.00,$0.00,$0.00,$0.00,$0.00,$1278.00,$17359.50,$8236.00,377,
76,MNQ SEP26,Backtest,DA--VWAPPB_V1,Short,47,20358.50,20379.25,5/9/2024 7:40:00 AM,5/9/2024 8:06:00 AM,DAVWAPPB_V1-0892,Stop loss,($1950.50),$67903.00,$0.00,$0.00,$0.00,$0.00,$0.00,$1950.50,$4817.50,$6768.00,27,
77,MNQ SEP26,Backtest,DA--VWAPPB_V1,Long,30,20519.75,20487.25,5/10/2024 7:38:00 AM,5/10/2024 8:02:00 AM,DAVWAPPB_V1-0893,Stop loss,($1950.00),$65953.00,$0.00,$0.00,$0.00,$0.00,$0.00,$1950.00,$1650.00,$3600.00,25,
78,MNQ SEP26,Backtest,DA--VWAPPB_V1,Short,63,20494.25,20464.25,5/10/2024 8:08:00 AM,5/10/2024 1:56:00 PM,DAVWAPPB_V1-0894,FlattenStrategyPositionsShort,$3780.00,$69733.00,$0.00,$0.00,$0.00,$0.00,$0.00,$1921.50,$13450.50,$9670.50,349,
79,MNQ SEP26,Backtest,DA--VWAPPB_V1,Short,43,20488.00,20511.00,5/13/2024 7:40:00 AM,5/13/2024 8:27:00 AM,DAVWAPPB_V1-0895,Stop loss,($1978.00),$67755.00,$0.00,$0.00,$0.00,$0.00,$0.00,$1978.00,$3139.00,$5117.00,48,
80,MNQ SEP26,Backtest,DA--VWAPPB_V1,Short,98,20478.00,20488.25,5/13/2024 9:31:00 AM,5/13/2024 9:53:00 AM,DAVWAPPB_V1-0896,Stop loss,($2009.00),$65746.00,$0.00,$0.00,$0.00,$0.00,$0.00,$2009.00,$3920.00,$5929.00,23,
81,MNQ SEP26,Backtest,DA--VWAPPB_V1,Long,47,20516.50,20495.50,5/14/2024 7:44:00 AM,5/14/2024 8:00:00 AM,DAVWAPPB_V1-0897,Stop loss,($1974.00),$63772.00,$0.00,$0.00,$0.00,$0.00,$0.00,$1974.00,$916.50,$2890.50,17,
82,MNQ SEP26,Backtest,DA--VWAPPB_V1,Long,78,20712.50,20892.75,5/15/2024 8:07:00 AM,5/15/2024 1:56:00 PM,DAVWAPPB_V1-0900,FlattenStrategyPositionsLong,$28119.00,$91891.00,$0.00,$0.00,$0.00,$0.00,$0.00,$1716.00,$30186.00,$2067.00,350,
83,MNQ SEP26,Backtest,DA--VWAPPB_V1,Long,111,20856.25,20847.25,5/17/2024 8:29:00 AM,5/17/2024 9:03:00 AM,DAVWAPPB_V1-0901,Stop loss,($1998.00),$89893.00,$0.00,$0.00,$0.00,$0.00,$0.00,$1998.00,$4440.00,$6438.00,35,
84,MNQ SEP26,Backtest,DA--VWAPPB_V1,Short,145,20835.00,20842.00,5/17/2024 9:39:00 AM,5/17/2024 9:54:00 AM,DAVWAPPB_V1-0902,Stop loss,($2030.00),$87863.00,$0.00,$0.00,$0.00,$0.00,$0.00,$2030.00,$4132.50,$6162.50,16,
85,MNQ SEP26,Backtest,DA--VWAPPB_V1,Long,72,20907.50,20948.25,5/20/2024 7:51:00 AM,5/20/2024 1:56:00 PM,DAVWAPPB_V1-0903,FlattenStrategyPositionsLong,$5868.00,$93731.00,$0.00,$0.00,$0.00,$0.00,$0.00,$684.00,$12420.00,$6552.00,366,
86,MNQ SEP26,Backtest,DA--VWAPPB_V1,Long,89,21105.50,21094.25,5/23/2024 9:37:00 AM,5/23/2024 10:12:00 AM,DAVWAPPB_V1-0904,Stop loss,($2002.50),$91728.50,$0.00,$0.00,$0.00,$0.00,$0.00,$2002.50,$4895.00,$6897.50,36,
87,MNQ SEP26,Backtest,DA--VWAPPB_V1,Long,60,20982.00,20965.50,5/24/2024 7:48:00 AM,5/24/2024 7:49:00 AM,DAVWAPPB_V1-0905,Stop loss,($1980.00),$89748.50,$0.00,$0.00,$0.00,$0.00,$0.00,$1980.00,$0.00,$1980.00,2,
88,MNQ SEP26,Backtest,DA--VWAPPB_V1,Long,54,20984.50,21068.00,5/24/2024 8:06:00 AM,5/24/2024 1:56:00 PM,DAVWAPPB_V1-0906,FlattenStrategyPositionsLong,$9018.00,$98766.50,$0.00,$0.00,$0.00,$0.00,$0.00,$1107.00,$15201.00,$6183.00,351,
89,MNQ SEP26,Backtest,DA--VWAPPB_V1,Long,276,21096.25,21092.75,5/27/2024 8:47:00 AM,5/27/2024 6:11:00 PM,DAVWAPPB_V1-0908,Stop loss,($1932.00),$96834.50,$0.00,$0.00,$0.00,$0.00,$0.00,$1932.00,$33258.00,$35190.00,265,
90,MNQ SEP26,Backtest,DA--VWAPPB_V1,Short,64,21089.25,21104.75,5/28/2024 7:40:00 AM,5/28/2024 7:40:00 AM,DAVWAPPB_V1-0909,Stop loss,($1984.00),$94850.50,$0.00,$0.00,$0.00,$0.00,$0.00,$1984.00,$0.00,$1984.00,1,
91,MNQ SEP26,Backtest,DA--VWAPPB_V1,Long,28,21038.50,21003.50,5/29/2024 7:53:00 AM,5/29/2024 1:52:00 PM,DAVWAPPB_V1-0910,Stop loss,($1960.00),$92890.50,$0.00,$0.00,$0.00,$0.00,$0.00,$1960.00,$2282.00,$4242.00,360,
92,MNQ SEP26,Backtest,DA--VWAPPB_V1,Short,38,20876.25,20902.25,6/3/2024 7:56:00 AM,6/3/2024 8:01:00 AM,DAVWAPPB_V1-0911,Stop loss,($1976.00),$90914.50,$0.00,$0.00,$0.00,$0.00,$0.00,$1976.00,$1881.00,$3857.00,6,
93,MNQ SEP26,Backtest,DA--VWAPPB_V1,Short,49,20781.50,20801.75,6/4/2024 9:35:00 AM,6/4/2024 9:43:00 AM,DAVWAPPB_V1-0913,Stop loss,($1984.50),$88930.00,$0.00,$0.00,$0.00,$0.00,$0.00,$1984.50,$588.00,$2572.50,9,
94,MNQ SEP26,Backtest,DA--VWAPPB_V1,Short,36,21265.75,21292.75,6/6/2024 7:50:00 AM,6/6/2024 8:35:00 AM,DAVWAPPB_V1-0914,Stop loss,($1944.00),$86986.00,$0.00,$0.00,$0.00,$0.00,$0.00,$1944.00,$2466.00,$4410.00,46,
95,MNQ SEP26,Backtest,DA--VWAPPB_V1,Long,68,21300.75,21286.00,6/6/2024 8:45:00 AM,6/6/2024 8:51:00 AM,DAVWAPPB_V1-0915,Stop loss,($2006.00),$84980.00,$0.00,$0.00,$0.00,$0.00,$0.00,$2006.00,$544.00,$2550.00,7,
96,MNQ SEP26,Backtest,DA--VWAPPB_V1,Short,66,21257.00,21272.00,6/6/2024 9:34:00 AM,6/6/2024 9:52:00 AM,DAVWAPPB_V1-0916,Stop loss,($1980.00),$83000.00,$0.00,$0.00,$0.00,$0.00,$0.00,$1980.00,$759.00,$2739.00,19,
97,MNQ SEP26,Backtest,DA--VWAPPB_V1,Long,79,21220.00,21207.25,6/10/2024 7:43:00 AM,6/10/2024 7:45:00 AM,DAVWAPPB_V1-0917,Stop loss,($2014.50),$80985.50,$0.00,$0.00,$0.00,$0.00,$0.00,$2014.50,$316.00,$2330.50,3,
98,MNQ SEP26,Backtest,DA--VWAPPB_V1,Short,45,21217.25,21239.25,6/11/2024 7:54:00 AM,6/11/2024 8:01:00 AM,DAVWAPPB_V1-0919,Stop loss,($1980.00),$79005.50,$0.00,$0.00,$0.00,$0.00,$0.00,$1980.00,$2092.50,$4072.50,8,
99,MNQ SEP26,Backtest,DA--VWAPPB_V1,Long,96,21796.00,21785.50,6/14/2024 7:45:00 AM,6/14/2024 8:14:00 AM,DAVWAPPB_V1-0921,Stop loss,($2016.00),$76989.50,$0.00,$0.00,$0.00,$0.00,$0.00,$2304.00,$9648.00,$11664.00,30,
100,MNQ SEP26,Backtest,DA--VWAPPB_V1,Short,39,21860.00,21885.50,6/17/2024 7:50:00 AM,6/17/2024 7:59:00 AM,DAVWAPPB_V1-0923,Stop loss,($1989.00),$75000.50,$0.00,$0.00,$0.00,$0.00,$0.00,$1989.00,$1345.50,$3334.50,10,
101,MNQ SEP26,Backtest,DA--VWAPPB_V1,Long,62,21900.75,21884.75,6/17/2024 8:08:00 AM,6/17/2024 8:27:00 AM,DAVWAPPB_V1-0924,Stop loss,($1984.00),$73016.50,$0.00,$0.00,$0.00,$0.00,$0.00,$1984.00,$2728.00,$4712.00,20,
102,MNQ SEP26,Backtest,DA--VWAPPB_V1,Short,50,22097.75,22117.75,6/18/2024 8:51:00 AM,6/18/2024 9:03:00 AM,DAVWAPPB_V1-0925,Stop loss,($2000.00),$71016.50,$0.00,$0.00,$0.00,$0.00,$0.00,$2000.00,$300.00,$2300.00,13,
103,MNQ SEP26,Backtest,DA--VWAPPB_V1,Long,418,22180.50,22178.00,6/19/2024 9:07:00 AM,6/19/2024 9:22:00 AM,DAVWAPPB_V1-0926,Stop loss,($2090.00),$68926.50,$0.00,$0.00,$0.00,$0.00,$0.00,$2090.00,$3762.00,$5852.00,16,
104,MNQ SEP26,Backtest,DA--VWAPPB_V1,Long,63,22152.50,22136.75,6/20/2024 9:06:00 AM,6/20/2024 9:20:00 AM,DAVWAPPB_V1-0928,Stop loss,($1984.50),$66942.00,$0.00,$0.00,$0.00,$0.00,$0.00,$1984.50,$1921.50,$3906.00,15,
105,MNQ SEP26,Backtest,DA--VWAPPB_V1,Short,81,22127.25,22139.50,6/20/2024 9:27:00 AM,6/20/2024 9:35:00 AM,DAVWAPPB_V1-0929,Stop loss,($1984.50),$64957.50,$0.00,$0.00,$0.00,$0.00,$0.00,$1984.50,$850.50,$2835.00,9,
106,MNQ SEP26,Backtest,DA--VWAPPB_V1,Short,41,21905.00,21929.25,6/21/2024 7:49:00 AM,6/21/2024 8:14:00 AM,DAVWAPPB_V1-0930,Stop loss,($1988.50),$62969.00,$0.00,$0.00,$0.00,$0.00,$0.00,$1988.50,$4284.50,$6273.00,26,
107,MNQ SEP26,Backtest,DA--VWAPPB_V1,Long,45,21945.75,21924.00,6/21/2024 8:18:00 AM,6/21/2024 8:20:00 AM,DAVWAPPB_V1-0931,Stop loss,($1957.50),$61011.50,$0.00,$0.00,$0.00,$0.00,$0.00,$1957.50,$45.00,$2002.50,3,
108,MNQ SEP26,Backtest,DA--VWAPPB_V1,Short,54,21882.75,21901.25,6/21/2024 8:36:00 AM,6/21/2024 8:36:00 AM,DAVWAPPB_V1-0932,Stop loss,($1998.00),$59013.50,$0.00,$0.00,$0.00,$0.00,$0.00,$1998.00,$0.00,$1998.00,1,
109,MNQ SEP26,Backtest,DA--VWAPPB_V1,Short,59,22084.25,21906.50,6/28/2024 8:58:00 AM,6/28/2024 1:56:00 PM,DAVWAPPB_V1-0936,FlattenStrategyPositionsShort,$20974.50,$79988.00,$0.00,$0.00,$0.00,$0.00,$0.00,$295.00,$28261.00,$7286.50,299,
110,MNQ SEP26,Backtest,DA--VWAPPB_V1,Long,32,21879.50,21849.00,7/1/2024 8:29:00 AM,7/1/2024 8:36:00 AM,DAVWAPPB_V1-0937,Stop loss,($1952.00),$78036.00,$0.00,$0.00,$0.00,$0.00,$0.00,$1952.00,$272.00,$2224.00,8,
111,MNQ SEP26,Backtest,DA--VWAPPB_V1,Long,29,21995.50,21961.00,7/2/2024 7:43:00 AM,7/2/2024 8:12:00 AM,DAVWAPPB_V1-0939,Stop loss,($2001.00),$76035.00,$0.00,$0.00,$0.00,$0.00,$0.00,$2001.00,$2305.50,$4306.50,30,
112,MNQ SEP26,Backtest,DA--VWAPPB_V1,Long,51,22023.00,22003.75,7/2/2024 8:36:00 AM,7/2/2024 8:46:00 AM,DAVWAPPB_V1-0940,Stop loss,($1963.50),$74071.50,$0.00,$0.00,$0.00,$0.00,$0.00,$1963.50,$2397.00,$4360.50,11,
113,MNQ SEP26,Backtest,DA--VWAPPB_V1,Short,244,22330.75,22334.75,7/4/2024 7:40:00 AM,7/4/2024 7:40:00 AM,DAVWAPPB_V1-0941,Stop loss,($1952.00),$72119.50,$0.00,$0.00,$0.00,$0.00,$0.00,$1952.00,$0.00,$1952.00,1,
114,MNQ SEP26,Backtest,DA--VWAPPB_V1,Short,177,22328.50,22334.25,7/4/2024 7:48:00 AM,7/4/2024 5:29:00 PM,DAVWAPPB_V1-0942,Stop loss,($2035.50),$70084.00,$0.00,$0.00,$0.00,$0.00,$0.00,$2035.50,$10177.50,$12213.00,282,
115,MNQ SEP26,Backtest,DA--VWAPPB_V1,Long,154,22568.25,22561.75,7/8/2024 9:15:00 AM,7/8/2024 10:10:00 AM,DAVWAPPB_V1-0944,Stop loss,($2002.00),$68082.00,$0.00,$0.00,$0.00,$0.00,$0.00,$2233.00,$12859.00,$14861.00,56,
116,MNQ SEP26,Backtest,DA--VWAPPB_V1,Short,41,22795.75,22819.75,7/11/2024 7:43:00 AM,7/11/2024 7:45:00 AM,DAVWAPPB_V1-0947,Stop loss,($1968.00),$66114.00,$0.00,$0.00,$0.00,$0.00,$0.00,$1968.00,$389.50,$2357.50,3,
117,MNQ SEP26,Backtest,DA--VWAPPB_V1,Short,24,22117.00,21973.25,7/17/2024 8:03:00 AM,7/17/2024 1:56:00 PM,DAVWAPPB_V1-0950,FlattenStrategyPositionsShort,$6900.00,$73014.00,$0.00,$0.00,$0.00,$0.00,$0.00,$84.00,$8664.00,$1764.00,354,
118,MNQ SEP26,Backtest,DA--VWAPPB_V1,Short,31,21863.50,21895.75,7/22/2024 8:07:00 AM,7/22/2024 8:16:00 AM,DAVWAPPB_V1-0952,Stop loss,($1999.50),$71014.50,$0.00,$0.00,$0.00,$0.00,$0.00,$1999.50,$1844.50,$3844.00,10,
119,MNQ SEP26,Backtest,DA--VWAPPB_V1,Long,28,21949.75,21914.25,7/22/2024 8:42:00 AM,7/22/2024 8:51:00 AM,DAVWAPPB_V1-0953,Stop loss,($1988.00),$69026.50,$0.00,$0.00,$0.00,$0.00,$0.00,$1988.00,$112.00,$2100.00,10,
120,MNQ SEP26,Backtest,DA--VWAPPB_V1,Short,31,21854.25,21886.00,7/22/2024 9:17:00 AM,7/22/2024 10:52:00 AM,DAVWAPPB_V1-0954,Stop loss,($1968.50),$67058.00,$0.00,$0.00,$0.00,$0.00,$0.00,$1968.50,$6603.00,$8571.50,96,
121,MNQ SEP26,Backtest,DA--VWAPPB_V1,Long,39,21955.00,21930.00,7/23/2024 7:45:00 AM,7/23/2024 7:48:00 AM,DAVWAPPB_V1-0955,Stop loss,($1950.00),$65108.00,$0.00,$0.00,$0.00,$0.00,$0.00,$1950.00,$1365.00,$3315.00,4,
122,MNQ SEP26,Backtest,DA--VWAPPB_V1,Short,32,21474.25,21121.00,7/24/2024 7:44:00 AM,7/24/2024 1:56:00 PM,DAVWAPPB_V1-0957,FlattenStrategyPositionsShort,$22608.00,$87716.00,$0.00,$0.00,$0.00,$0.00,$0.00,$1648.00,$22688.00,$80.00,373,
123,MNQ SEP26,Backtest,DA--VWAPPB_V1,Short,23,21048.00,21095.00,7/25/2024 7:50:00 AM,7/25/2024 8:47:00 AM,DAVWAPPB_V1-0958,Stop loss,($2162.00),$85554.00,$0.00,$0.00,$0.00,$0.00,$0.00,$2162.00,$10384.50,$12546.50,54,
124,MNQ SEP26,Backtest,DA--VWAPPB_V1,Long,31,21086.75,21054.75,7/26/2024 9:06:00 AM,7/26/2024 9:13:00 AM,DAVWAPPB_V1-0959,Stop loss,($1984.00),$83570.00,$0.00,$0.00,$0.00,$0.00,$0.00,$1984.00,$868.00,$2852.00,8,
125,MNQ SEP26,Backtest,DA--VWAPPB_V1,Short,30,21190.25,21223.25,7/29/2024 8:16:00 AM,7/29/2024 8:18:00 AM,DAVWAPPB_V1-0961,Stop loss,($1980.00),$81590.00,$0.00,$0.00,$0.00,$0.00,$0.00,$1980.00,$630.00,$2610.00,3,
126,MNQ SEP26,Backtest,DA--VWAPPB_V1,Short,34,21181.75,20915.50,7/30/2024 7:50:00 AM,7/30/2024 1:56:00 PM,DAVWAPPB_V1-0963,FlattenStrategyPositionsShort,$18105.00,$99695.00,$0.00,$0.00,$0.00,$0.00,$0.00,$850.00,$29954.00,$11849.00,367,
127,MNQ SEP26,Backtest,DA--VWAPPB_V1,Long,21,21577.25,21530.25,8/1/2024 7:54:00 AM,8/1/2024 8:06:00 AM,DAVWAPPB_V1-0964,Stop loss,($1974.00),$97721.00,$0.00,$0.00,$0.00,$0.00,$0.00,$1974.00,$1816.50,$3790.50,13,
128,MNQ SEP26,Backtest,DA--VWAPPB_V1,Short,23,21475.00,20931.75,8/1/2024 8:21:00 AM,8/1/2024 1:56:00 PM,DAVWAPPB_V1-0965,FlattenStrategyPositionsShort,$24989.50,$122710.50,$0.00,$0.00,$0.00,$0.00,$0.00,$678.50,$30739.50,$5750.00,336,
129,MNQ SEP26,Backtest,DA--VWAPPB_V1,Long,7,19810.50,19895.25,8/5/2024 7:48:00 AM,8/5/2024 1:56:00 PM,DAVWAPPB_V1-0966,FlattenStrategyPositionsLong,$1186.50,$123897.00,$0.00,$0.00,$0.00,$0.00,$0.00,$301.00,$5845.00,$4658.50,367,
130,MNQ SEP26,Backtest,DA--VWAPPB_V1,Long,20,20100.25,20052.25,8/6/2024 7:59:00 AM,8/6/2024 8:01:00 AM,DAVWAPPB_V1-0967,Stop loss,($1920.00),$121977.00,$0.00,$0.00,$0.00,$0.00,$0.00,$1920.00,$200.00,$2120.00,3,
131,MNQ SEP26,Backtest,DA--VWAPPB_V1,Long,30,20482.75,20449.50,8/7/2024 8:52:00 AM,8/7/2024 8:55:00 AM,DAVWAPPB_V1-0969,Stop loss,($1995.00),$119982.00,$0.00,$0.00,$0.00,$0.00,$0.00,$1995.00,$330.00,$2325.00,4,
132,MNQ SEP26,Backtest,DA--VWAPPB_V1,Short,19,20009.50,20060.25,8/8/2024 7:52:00 AM,8/8/2024 7:53:00 AM,DAVWAPPB_V1-0971,Stop loss,($1928.50),$118053.50,$0.00,$0.00,$0.00,$0.00,$0.00,$1928.50,$228.00,$2156.50,2,
133,MNQ SEP26,Backtest,DA--VWAPPB_V1,Short,39,20385.75,20411.00,8/9/2024 8:37:00 AM,8/9/2024 8:38:00 AM,DAVWAPPB_V1-0972,Stop loss,($1969.50),$116084.00,$0.00,$0.00,$0.00,$0.00,$0.00,$1969.50,$702.00,$2671.50,2,
134,MNQ SEP26,Backtest,DA--VWAPPB_V1,Long,28,20481.00,20446.00,8/9/2024 9:02:00 AM,8/9/2024 9:30:00 AM,DAVWAPPB_V1-0973,Stop loss,($1960.00),$114124.00,$0.00,$0.00,$0.00,$0.00,$0.00,$1960.00,$2114.00,$4074.00,29,
135,MNQ SEP26,Backtest,DA--VWAPPB_V1,Short,32,20522.00,20552.50,8/12/2024 7:45:00 AM,8/12/2024 8:08:00 AM,DAVWAPPB_V1-0974,Stop loss,($1952.00),$112172.00,$0.00,$0.00,$0.00,$0.00,$0.00,$1952.00,$3792.00,$5744.00,24,
136,MNQ SEP26,Backtest,DA--VWAPPB_V1,Short,31,20544.75,20576.50,8/12/2024 9:33:00 AM,8/12/2024 9:49:00 AM,DAVWAPPB_V1-0975,Stop loss,($1968.50),$110203.50,$0.00,$0.00,$0.00,$0.00,$0.00,$1968.50,$930.00,$2898.50,17,
137,MNQ SEP26,Backtest,DA--VWAPPB_V1,Long,45,20846.00,20823.75,8/13/2024 7:53:00 AM,8/13/2024 7:56:00 AM,DAVWAPPB_V1-0976,Stop loss,($2002.50),$108201.00,$0.00,$0.00,$0.00,$0.00,$0.00,$2002.50,$292.50,$2295.00,4,
138,MNQ SEP26,Backtest,DA--VWAPPB_V1,Short,25,21010.50,21050.25,8/14/2024 7:50:00 AM,8/14/2024 9:31:00 AM,DAVWAPPB_V1-0977,Stop loss,($1987.50),$106213.50,$0.00,$0.00,$0.00,$0.00,$0.00,$1987.50,$7312.50,$9300.00,102,
139,MNQ SEP26,Backtest,DA--VWAPPB_V1,Long,40,21361.00,21497.75,8/15/2024 7:55:00 AM,8/15/2024 1:56:00 PM,DAVWAPPB_V1-0978,FlattenStrategyPositionsLong,$10940.00,$117153.50,$0.00,$0.00,$0.00,$0.00,$0.00,$1340.00,$14500.00,$3560.00,362,
140,MNQ SEP26,Backtest,DA--VWAPPB_V1,Long,57,21555.50,21538.00,8/19/2024 8:33:00 AM,8/19/2024 8:38:00 AM,DAVWAPPB_V1-0979,Stop loss,($1995.00),$115158.50,$0.00,$0.00,$0.00,$0.00,$0.00,$1995.00,$1795.50,$3790.50,6,
141,MNQ SEP26,Backtest,DA--VWAPPB_V1,Long,49,21804.00,21783.75,8/20/2024 7:38:00 AM,8/20/2024 8:13:00 AM,DAVWAPPB_V1-0980,Stop loss,($1984.50),$113174.00,$0.00,$0.00,$0.00,$0.00,$0.00,$1984.50,$5831.00,$7815.50,36,
142,MNQ SEP26,Backtest,DA--VWAPPB_V1,Short,35,21767.25,21795.50,8/21/2024 9:01:00 AM,8/21/2024 9:06:00 AM,DAVWAPPB_V1-0981,Stop loss,($1977.50),$111196.50,$0.00,$0.00,$0.00,$0.00,$0.00,$1977.50,$1890.00,$3867.50,6,
143,MNQ SEP26,Backtest,DA--VWAPPB_V1,Short,29,21869.25,21510.00,8/22/2024 8:09:00 AM,8/22/2024 1:56:00 PM,DAVWAPPB_V1-0982,FlattenStrategyPositionsShort,$20836.50,$132033.00,$0.00,$0.00,$0.00,$0.00,$0.00,$652.50,$22141.50,$1305.00,348,
144,MNQ SEP26,Backtest,DA--VWAPPB_V1,Short,61,21672.75,21526.00,8/26/2024 7:49:00 AM,8/26/2024 1:56:00 PM,DAVWAPPB_V1-0983,FlattenStrategyPositionsShort,$17903.50,$149936.50,$0.00,$0.00,$0.00,$0.00,$0.00,$1677.50,$27755.00,$9851.50,368,
145,MNQ SEP26,Backtest,DA--VWAPPB_V1,Short,28,21393.50,21428.50,8/27/2024 7:46:00 AM,8/27/2024 7:49:00 AM,DAVWAPPB_V1-0984,Stop loss,($1960.00),$147976.50,$0.00,$0.00,$0.00,$0.00,$0.00,$1960.00,$728.00,$2688.00,4,
146,MNQ SEP26,Backtest,DA--VWAPPB_V1,Long,33,21489.25,21573.25,8/27/2024 8:01:00 AM,8/27/2024 1:56:00 PM,DAVWAPPB_V1-0985,FlattenStrategyPositionsLong,$5544.00,$153520.50,$0.00,$0.00,$0.00,$0.00,$0.00,$1303.50,$9504.00,$3960.00,356,
147,MNQ SEP26,Backtest,DA--VWAPPB_V1,Short,27,21498.00,21398.25,8/28/2024 7:48:00 AM,8/28/2024 1:56:00 PM,DAVWAPPB_V1-0986,FlattenStrategyPositionsShort,$5386.50,$158907.00,$0.00,$0.00,$0.00,$0.00,$0.00,$1849.50,$15201.00,$9814.50,369,
148,MNQ SEP26,Backtest,DA--VWAPPB_V1,Long,22,21590.50,21545.75,8/29/2024 8:01:00 AM,8/29/2024 8:06:00 AM,DAVWAPPB_V1-0988,Stop loss,($1969.00),$156938.00,$0.00,$0.00,$0.00,$0.00,$0.00,$1969.00,$1474.00,$3443.00,6,
149,MNQ SEP26,Backtest,DA--VWAPPB_V1,Short,29,21475.25,21509.25,8/29/2024 8:24:00 AM,8/29/2024 8:24:00 AM,DAVWAPPB_V1-0989,Stop loss,($1972.00),$154966.00,$0.00,$0.00,$0.00,$0.00,$0.00,$1972.00,$0.00,$1972.00,1,
150,MNQ SEP26,Backtest,DA--VWAPPB_V1,Long,27,21560.75,21524.00,8/30/2024 8:03:00 AM,8/30/2024 8:06:00 AM,DAVWAPPB_V1-0990,Stop loss,($1984.50),$152981.50,$0.00,$0.00,$0.00,$0.00,$0.00,$1984.50,$324.00,$2308.50,4,
151,MNQ SEP26,Backtest,DA--VWAPPB_V1,Short,35,21328.00,21356.25,9/3/2024 7:41:00 AM,9/3/2024 7:49:00 AM,DAVWAPPB_V1-0993,Stop loss,($1977.50),$151004.00,$0.00,$0.00,$0.00,$0.00,$0.00,$1977.50,$2222.50,$4200.00,9,
152,MNQ SEP26,Backtest,DA--VWAPPB_V1,Short,25,21274.00,21312.75,9/3/2024 7:58:00 AM,9/3/2024 7:59:00 AM,DAVWAPPB_V1-0994,Stop loss,($1937.50),$149066.50,$0.00,$0.00,$0.00,$0.00,$0.00,$1937.50,$237.50,$2175.00,2,
153,MNQ SEP26,Backtest,DA--VWAPPB_V1,Long,23,20908.25,20865.50,9/4/2024 7:49:00 AM,9/4/2024 8:01:00 AM,DAVWAPPB_V1-0995,Stop loss,($1966.50),$147100.00,$0.00,$0.00,$0.00,$0.00,$0.00,$1966.50,$989.00,$2955.50,13,
154,MNQ SEP26,Backtest,DA--VWAPPB_V1,Short,33,20941.00,20971.00,9/5/2024 8:51:00 AM,9/5/2024 12:51:00 PM,DAVWAPPB_V1-0997,Stop loss,($1980.00),$145120.00,$0.00,$0.00,$0.00,$0.00,$0.00,$1980.00,$10576.50,$12556.50,241,
155,MNQ SEP26,Backtest,DA--VWAPPB_V1,Short,45,20574.50,20596.50,9/9/2024 8:25:00 AM,9/9/2024 10:04:00 AM,DAVWAPPB_V1-0999,Stop loss,($1980.00),$143140.00,$0.00,$0.00,$0.00,$0.00,$0.00,$1980.00,$12465.00,$14445.00,100,
156,MNQ SEP26,Backtest,DA--VWAPPB_V1,Short,27,20648.25,20684.50,9/10/2024 8:23:00 AM,9/10/2024 8:27:00 AM,DAVWAPPB_V1-1000,Stop loss,($1957.50),$141182.50,$0.00,$0.00,$0.00,$0.00,$0.00,$1957.50,$499.50,$2457.00,5,
157,MNQ SEP26,Backtest,DA--VWAPPB_V1,Long,51,20720.25,20700.75,9/10/2024 9:29:00 AM,9/10/2024 9:35:00 AM,DAVWAPPB_V1-1001,Stop loss,($1989.00),$139193.50,$0.00,$0.00,$0.00,$0.00,$0.00,$1989.00,$918.00,$2907.00,7,
158,MNQ SEP26,Backtest,DA--VWAPPB_V1,Short,22,20738.00,20782.25,9/11/2024 7:51:00 AM,9/11/2024 10:05:00 AM,DAVWAPPB_V1-1002,Stop loss,($1947.00),$137246.50,$0.00,$0.00,$0.00,$0.00,$0.00,$1947.00,$11066.00,$13013.00,135,
159,MNQ SEP26,Backtest,DA--VWAPPB_V1,Long,37,21416.50,21389.75,9/13/2024 7:41:00 AM,9/13/2024 8:01:00 AM,DAVWAPPB_V1-1003,Stop loss,($1979.50),$135267.00,$0.00,$0.00,$0.00,$0.00,$0.00,$1979.50,$1868.50,$3848.00,21,
160,MNQ SEP26,Backtest,DA--VWAPPB_V1,Short,58,21457.75,21474.75,9/17/2024 9:38:00 AM,9/17/2024 9:46:00 AM,DAVWAPPB_V1-1007,Stop loss,($1972.00),$133295.00,$0.00,$0.00,$0.00,$0.00,$0.00,$1972.00,$1566.00,$3538.00,9,
161,MNQ SEP26,Backtest,DA--VWAPPB_V1,Short,29,21699.50,21733.75,9/20/2024 8:01:00 AM,9/20/2024 10:51:00 AM,DAVWAPPB_V1-1009,Stop loss,($1986.50),$131308.50,$0.00,$0.00,$0.00,$0.00,$0.00,$1986.50,$7888.00,$9874.50,171,
162,MNQ SEP26,Backtest,DA--VWAPPB_V1,Short,41,21755.75,21780.00,9/23/2024 9:08:00 AM,9/23/2024 9:11:00 AM,DAVWAPPB_V1-1010,Stop loss,($1988.50),$129320.00,$0.00,$0.00,$0.00,$0.00,$0.00,$1988.50,$430.50,$2419.00,4,
163,MNQ SEP26,Backtest,DA--VWAPPB_V1,Long,75,21806.00,21792.75,9/23/2024 9:34:00 AM,9/23/2024 10:10:00 AM,DAVWAPPB_V1-1011,Stop loss,($1987.50),$127332.50,$0.00,$0.00,$0.00,$0.00,$0.00,$1987.50,$3525.00,$5512.50,37,
164,MNQ SEP26,Backtest,DA--VWAPPB_V1,Long,60,21780.75,21851.50,9/24/2024 9:02:00 AM,9/24/2024 1:56:00 PM,DAVWAPPB_V1-1013,FlattenStrategyPositionsLong,$8490.00,$135822.50,$0.00,$0.00,$0.00,$0.00,$0.00,$990.00,$16500.00,$8010.00,295,
165,MNQ SEP26,Backtest,DA--VWAPPB_V1,Short,35,21902.50,21931.00,9/30/2024 8:04:00 AM,9/30/2024 9:31:00 AM,DAVWAPPB_V1-1021,Stop loss,($1995.00),$133827.50,$0.00,$0.00,$0.00,$0.00,$0.00,$1995.00,$5005.00,$7000.00,88,
166,MNQ SEP26,Backtest,DA--VWAPPB_V1,Short,26,21576.50,21615.00,10/2/2024 7:42:00 AM,10/2/2024 7:49:00 AM,DAVWAPPB_V1-1022,Stop loss,($2002.00),$131825.50,$0.00,$0.00,$0.00,$0.00,$0.00,$2002.00,$2054.00,$4056.00,8,
167,MNQ SEP26,Backtest,DA--VWAPPB_V1,Long,30,21682.50,21650.00,10/3/2024 7:38:00 AM,10/3/2024 8:23:00 AM,DAVWAPPB_V1-1024,Stop loss,($1950.00),$129875.50,$0.00,$0.00,$0.00,$0.00,$0.00,$1950.00,$8160.00,$10110.00,46,
168,MNQ SEP26,Backtest,DA--VWAPPB_V1,Short,29,21661.25,21695.75,10/3/2024 8:31:00 AM,10/3/2024 8:34:00 AM,DAVWAPPB_V1-1026,Stop loss,($2001.00),$127874.50,$0.00,$0.00,$0.00,$0.00,$0.00,$2001.00,$1493.50,$3494.50,4,
169,MNQ SEP26,Backtest,DA--VWAPPB_V1,Long,52,21871.75,21852.50,10/7/2024 8:20:00 AM,10/7/2024 8:41:00 AM,DAVWAPPB_V1-1028,Stop loss,($2002.00),$125872.50,$0.00,$0.00,$0.00,$0.00,$0.00,$2002.00,$2028.00,$4030.00,22,
170,MNQ SEP26,Backtest,DA--VWAPPB_V1,Long,35,21849.75,22026.00,10/8/2024 7:57:00 AM,10/8/2024 1:56:00 PM,DAVWAPPB_V1-1029,FlattenStrategyPositionsLong,$12337.50,$138210.00,$0.00,$0.00,$0.00,$0.00,$0.00,$717.50,$12827.50,$490.00,360,
171,MNQ SEP26,Backtest,DA--VWAPPB_V1,Long,62,22007.75,22177.50,10/9/2024 8:15:00 AM,10/9/2024 1:56:00 PM,DAVWAPPB_V1-1030,FlattenStrategyPositionsLong,$21049.00,$159259.00,$0.00,$0.00,$0.00,$0.00,$0.00,$1519.00,$22072.00,$1023.00,342,
172,MNQ SEP26,Backtest,DA--VWAPPB_V1,Short,53,22291.25,22310.00,10/14/2024 8:58:00 AM,10/14/2024 10:23:00 AM,DAVWAPPB_V1-1033,Stop loss,($1987.50),$157271.50,$0.00,$0.00,$0.00,$0.00,$0.00,$1987.50,$6651.50,$8639.00,86,
173,MNQ SEP26,Backtest,DA--VWAPPB_V1,Short,23,21945.00,21986.75,10/16/2024 7:47:00 AM,10/16/2024 8:10:00 AM,DAVWAPPB_V1-1034,Stop loss,($1920.50),$155351.00,$0.00,$0.00,$0.00,$0.00,$0.00,$1920.50,$1667.50,$3588.00,24,
174,MNQ SEP26,Backtest,DA--VWAPPB_V1,Long,54,22006.75,21988.25,10/16/2024 8:19:00 AM,10/16/2024 8:19:00 AM,DAVWAPPB_V1-1035,Stop loss,($1998.00),$153353.00,$0.00,$0.00,$0.00,$0.00,$0.00,$1998.00,$0.00,$1998.00,1,
175,MNQ SEP26,Backtest,DA--VWAPPB_V1,Long,38,22009.25,21983.50,10/16/2024 8:23:00 AM,10/16/2024 8:40:00 AM,DAVWAPPB_V1-1036,Stop loss,($1957.00),$151396.00,$0.00,$0.00,$0.00,$0.00,$0.00,$1957.00,$3325.00,$5282.00,18,
176,MNQ SEP26,Backtest,DA--VWAPPB_V1,Short,34,21953.25,21982.00,10/16/2024 8:45:00 AM,10/16/2024 8:49:00 AM,DAVWAPPB_V1-1037,Stop loss,($1955.00),$149441.00,$0.00,$0.00,$0.00,$0.00,$0.00,$1955.00,$238.00,$2193.00,5,
177,MNQ SEP26,Backtest,DA--VWAPPB_V1,Long,41,22167.25,22143.25,10/17/2024 8:27:00 AM,10/17/2024 8:28:00 AM,DAVWAPPB_V1-1039,Stop loss,($1968.00),$147473.00,$0.00,$0.00,$0.00,$0.00,$0.00,$1968.00,$41.00,$2009.00,2,
178,MNQ SEP26,Backtest,DA--VWAPPB_V1,Long,47,22169.00,22147.75,10/17/2024 9:35:00 AM,10/17/2024 12:04:00 PM,DAVWAPPB_V1-1040,Stop loss,($1997.50),$145475.50,$0.00,$0.00,$0.00,$0.00,$0.00,$1997.50,$5969.00,$7966.50,150,
179,MNQ SEP26,Backtest,DA--VWAPPB_V1,Long,40,22218.25,22193.75,10/18/2024 8:12:00 AM,10/18/2024 8:14:00 AM,DAVWAPPB_V1-1041,Stop loss,($1960.00),$143515.50,$0.00,$0.00,$0.00,$0.00,$0.00,$1960.00,$380.00,$2340.00,3,
180,MNQ SEP26,Backtest,DA--VWAPPB_V1,Long,56,22185.75,22168.00,10/21/2024 7:48:00 AM,10/21/2024 8:40:00 AM,DAVWAPPB_V1-1042,Stop loss,($1988.00),$141527.50,$0.00,$0.00,$0.00,$0.00,$0.00,$1988.00,$8064.00,$10052.00,53,
181,MNQ SEP26,Backtest,DA--VWAPPB_V1,Long,49,22136.00,22273.50,10/22/2024 7:43:00 AM,10/22/2024 1:56:00 PM,DAVWAPPB_V1-1043,FlattenStrategyPositionsLong,$13475.00,$155002.50,$0.00,$0.00,$0.00,$0.00,$0.00,$710.50,$16611.00,$3136.00,374,
182,MNQ SEP26,Backtest,DA--VWAPPB_V1,Long,86,22136.25,22124.75,10/23/2024 8:44:00 AM,10/23/2024 8:53:00 AM,DAVWAPPB_V1-1045,Stop loss,($1978.00),$153024.50,$0.00,$0.00,$0.00,$0.00,$0.00,$1978.00,$4343.00,$6321.00,10,
183,MNQ SEP26,Backtest,DA--VWAPPB_V1,Short,58,22096.75,22113.75,10/23/2024 8:59:00 AM,10/23/2024 9:04:00 AM,DAVWAPPB_V1-1046,Stop loss,($1972.00),$151052.50,$0.00,$0.00,$0.00,$0.00,$0.00,$1972.00,$1073.00,$3045.00,6,
184,MNQ SEP26,Backtest,DA--VWAPPB_V1,Short,44,22078.50,21902.75,10/23/2024 9:13:00 AM,10/23/2024 1:56:00 PM,DAVWAPPB_V1-1047,FlattenStrategyPositionsShort,$15466.00,$166518.50,$0.00,$0.00,$0.00,$0.00,$0.00,$506.00,$26048.00,$10582.00,284,
185,MNQ SEP26,Backtest,DA--VWAPPB_V1,Short,64,22020.00,22035.50,10/24/2024 9:00:00 AM,10/24/2024 9:01:00 AM,DAVWAPPB_V1-1048,Stop loss,($1984.00),$164534.50,$0.00,$0.00,$0.00,$0.00,$0.00,$1984.00,$896.00,$2880.00,2,
186,MNQ SEP26,Backtest,DA--VWAPPB_V1,Long,71,22068.75,22054.75,10/24/2024 9:20:00 AM,10/24/2024 9:23:00 AM,DAVWAPPB_V1-1049,Stop loss,($1988.00),$162546.50,$0.00,$0.00,$0.00,$0.00,$0.00,$1988.00,$355.00,$2343.00,4,
187,MNQ SEP26,Backtest,DA--VWAPPB_V1,Long,70,22258.50,22244.25,10/25/2024 7:40:00 AM,10/25/2024 11:35:00 AM,DAVWAPPB_V1-1050,Stop loss,($1995.00),$160551.50,$0.00,$0.00,$0.00,$0.00,$0.00,$1995.00,$21350.00,$23345.00,236,
188,MNQ SEP26,Backtest,DA--VWAPPB_V1,Short,43,22267.25,22290.00,10/28/2024 7:46:00 AM,10/28/2024 8:10:00 AM,DAVWAPPB_V1-1051,Stop loss,($1956.50),$158595.00,$0.00,$0.00,$0.00,$0.00,$0.00,$1956.50,$3074.50,$5031.00,25,
189,MNQ SEP26,Backtest,DA--VWAPPB_V1,Short,47,22249.00,22270.00,10/28/2024 9:09:00 AM,10/28/2024 9:13:00 AM,DAVWAPPB_V1-1052,Stop loss,($1974.00),$156621.00,$0.00,$0.00,$0.00,$0.00,$0.00,$1974.00,$235.00,$2209.00,5,
190,MNQ SEP26,Backtest,DA--VWAPPB_V1,Short,42,22148.00,22171.50,10/29/2024 7:40:00 AM,10/29/2024 7:43:00 AM,DAVWAPPB_V1-1053,Stop loss,($1974.00),$154647.00,$0.00,$0.00,$0.00,$0.00,$0.00,$1974.00,$798.00,$2772.00,4,
191,MNQ SEP26,Backtest,DA--VWAPPB_V1,Long,39,22225.00,22414.75,10/29/2024 8:04:00 AM,10/29/2024 1:56:00 PM,DAVWAPPB_V1-1054,FlattenStrategyPositionsLong,$14800.50,$169447.50,$0.00,$0.00,$0.00,$0.00,$0.00,$819.00,$17550.00,$2749.50,353,
192,MNQ SEP26,Backtest,DA--VWAPPB_V1,Short,38,22319.75,22346.00,10/30/2024 7:40:00 AM,10/30/2024 8:02:00 AM,DAVWAPPB_V1-1055,Stop loss,($1995.00),$167452.50,$0.00,$0.00,$0.00,$0.00,$0.00,$1995.00,$5567.00,$7562.00,23,
193,MNQ SEP26,Backtest,DA--VWAPPB_V1,Short,43,22316.25,22339.25,10/30/2024 9:17:00 AM,10/30/2024 9:21:00 AM,DAVWAPPB_V1-1056,Stop loss,($1978.00),$165474.50,$0.00,$0.00,$0.00,$0.00,$0.00,$1978.00,$387.00,$2365.00,5,
194,MNQ SEP26,Backtest,DA--VWAPPB_V1,Short,31,21965.75,21746.25,10/31/2024 7:45:00 AM,10/31/2024 1:56:00 PM,DAVWAPPB_V1-1057,FlattenStrategyPositionsShort,$13609.00,$179083.50,$0.00,$0.00,$0.00,$0.00,$0.00,$1147.00,$15779.00,$2170.00,372,
195,MNQ SEP26,Backtest,DA--VWAPPB_V1,Long,37,21921.75,22025.50,11/5/2024 7:38:00 AM,11/5/2024 1:56:00 PM,DAVWAPPB_V1-1058,FlattenStrategyPositionsLong,$7677.50,$186761.00,$0.00,$0.00,$0.00,$0.00,$0.00,$1905.50,$11451.50,$3774.00,379,
196,MNQ SEP26,Backtest,DA--VWAPPB_V1,Long,26,22450.50,22413.50,11/6/2024 7:37:00 AM,11/6/2024 7:47:00 AM,DAVWAPPB_V1-1059,Stop loss,($1924.00),$184837.00,$0.00,$0.00,$0.00,$0.00,$0.00,$1924.00,$3107.00,$5031.00,11,
197,MNQ SEP26,Backtest,DA--VWAPPB_V1,Short,30,22360.75,22393.25,11/6/2024 7:59:00 AM,11/6/2024 8:00:00 AM,DAVWAPPB_V1-1060,Stop loss,($1950.00),$182887.00,$0.00,$0.00,$0.00,$0.00,$0.00,$1950.00,$720.00,$2670.00,2,
198,MNQ SEP26,Backtest,DA--VWAPPB_V1,Short,38,22943.50,22900.75,11/11/2024 7:43:00 AM,11/11/2024 1:56:00 PM,DAVWAPPB_V1-1062,FlattenStrategyPositionsShort,$3249.00,$186136.00,$0.00,$0.00,$0.00,$0.00,$0.00,$874.00,$10773.00,$7524.00,374,
199,MNQ SEP26,Backtest,DA--VWAPPB_V1,Short,42,22884.50,22907.75,11/12/2024 9:00:00 AM,11/12/2024 9:04:00 AM,DAVWAPPB_V1-1064,Stop loss,($1953.00),$184183.00,$0.00,$0.00,$0.00,$0.00,$0.00,$1953.00,$273.00,$2226.00,5,
200,MNQ SEP26,Backtest,DA--VWAPPB_V1,Short,44,22813.00,22835.75,11/13/2024 8:06:00 AM,11/13/2024 8:34:00 AM,DAVWAPPB_V1-1065,Stop loss,($2002.00),$182181.00,$0.00,$0.00,$0.00,$0.00,$0.00,$2002.00,$4576.00,$6578.00,29,
201,MNQ SEP26,Backtest,DA--VWAPPB_V1,Long,47,22833.50,22812.25,11/14/2024 8:48:00 AM,11/14/2024 8:57:00 AM,DAVWAPPB_V1-1066,Stop loss,($1997.50),$180183.50,$0.00,$0.00,$0.00,$0.00,$0.00,$1997.50,$799.00,$2796.50,10,
202,MNQ SEP26,Backtest,DA--VWAPPB_V1,Short,42,22402.00,22425.50,11/15/2024 7:41:00 AM,11/15/2024 7:41:00 AM,DAVWAPPB_V1-1067,Stop loss,($1974.00),$178209.50,$0.00,$0.00,$0.00,$0.00,$0.00,$1974.00,$0.00,$1974.00,1,
203,MNQ SEP26,Backtest,DA--VWAPPB_V1,Short,26,22401.25,22439.00,11/15/2024 7:44:00 AM,11/15/2024 7:50:00 AM,DAVWAPPB_V1-1068,Stop loss,($1963.00),$176246.50,$0.00,$0.00,$0.00,$0.00,$0.00,$1963.00,$559.00,$2522.00,7,
204,MNQ SEP26,Backtest,DA--VWAPPB_V1,Short,41,22374.75,22204.25,11/15/2024 8:06:00 AM,11/15/2024 1:56:00 PM,DAVWAPPB_V1-1069,FlattenStrategyPositionsShort,$13981.00,$190227.50,$0.00,$0.00,$0.00,$0.00,$0.00,$1271.00,$21812.00,$7831.00,351,
205,MNQ SEP26,Backtest,DA--VWAPPB_V1,Short,56,22213.75,22231.50,11/18/2024 7:51:00 AM,11/18/2024 8:00:00 AM,DAVWAPPB_V1-1070,Stop loss,($1988.00),$188239.50,$0.00,$0.00,$0.00,$0.00,$0.00,$1988.00,$1092.00,$3080.00,10,
206,MNQ SEP26,Backtest,DA--VWAPPB_V1,Long,26,22283.25,22245.75,11/19/2024 7:44:00 AM,11/19/2024 7:48:00 AM,DAVWAPPB_V1-1071,Stop loss,($1950.00),$186289.50,$0.00,$0.00,$0.00,$0.00,$0.00,$1950.00,$364.00,$2314.00,5,
207,MNQ SEP26,Backtest,DA--VWAPPB_V1,Short,39,22383.25,22408.50,11/20/2024 7:40:00 AM,11/20/2024 9:57:00 AM,DAVWAPPB_V1-1072,Stop loss,($1969.50),$184320.00,$0.00,$0.00,$0.00,$0.00,$0.00,$1969.50,$15795.00,$17764.50,138,
208,MNQ SEP26,Backtest,DA--VWAPPB_V1,Long,38,22425.50,22399.75,11/21/2024 9:05:00 AM,11/21/2024 9:10:00 AM,DAVWAPPB_V1-1073,Stop loss,($1957.00),$182363.00,$0.00,$0.00,$0.00,$0.00,$0.00,$1957.00,$1995.00,$3952.00,6,
209,MNQ SEP26,Backtest,DA--VWAPPB_V1,Long,36,22551.00,22523.50,11/22/2024 7:46:00 AM,11/22/2024 7:51:00 AM,DAVWAPPB_V1-1074,Stop loss,($1980.00),$180383.00,$0.00,$0.00,$0.00,$0.00,$0.00,$1980.00,$1854.00,$3834.00,6,
210,MNQ SEP26,Backtest,DA--VWAPPB_V1,Long,34,22538.25,22508.75,11/22/2024 8:45:00 AM,11/22/2024 9:11:00 AM,DAVWAPPB_V1-1076,Stop loss,($2006.00),$178377.00,$0.00,$0.00,$0.00,$0.00,$0.00,$2006.00,$1190.00,$3196.00,27,
211,MNQ SEP26,Backtest,DA--VWAPPB_V1,Short,51,22477.75,22497.00,11/22/2024 9:26:00 AM,11/22/2024 9:39:00 AM,DAVWAPPB_V1-1077,Stop loss,($1963.50),$176413.50,$0.00,$0.00,$0.00,$0.00,$0.00,$1963.50,$2550.00,$4513.50,14,
212,MNQ SEP26,Backtest,DA--VWAPPB_V1,Short,54,22640.25,22658.75,11/26/2024 9:20:00 AM,11/26/2024 9:22:00 AM,DAVWAPPB_V1-1079,Stop loss,($1998.00),$174415.50,$0.00,$0.00,$0.00,$0.00,$0.00,$1998.00,$162.00,$2160.00,3,
213,MNQ SEP26,Backtest,DA--VWAPPB_V1,Short,29,22544.25,22501.50,11/27/2024 7:56:00 AM,11/27/2024 1:56:00 PM,DAVWAPPB_V1-1081,FlattenStrategyPositionsShort,$2479.50,$176895.00,$0.00,$0.00,$0.00,$0.00,$0.00,$1348.50,$9613.50,$7134.00,361,
214,MNQ SEP26,Backtest,DA--VWAPPB_V1,Long,49,22825.75,22805.50,12/2/2024 7:37:00 AM,12/2/2024 7:43:00 AM,DAVWAPPB_V1-1083,Stop loss,($1984.50),$174910.50,$0.00,$0.00,$0.00,$0.00,$0.00,$1984.50,$1690.50,$3675.00,7,
215,MNQ SEP26,Backtest,DA--VWAPPB_V1,Short,77,23212.50,23225.25,12/5/2024 7:56:00 AM,12/5/2024 8:02:00 AM,DAVWAPPB_V1-1085,Stop loss,($1963.50),$172947.00,$0.00,$0.00,$0.00,$0.00,$0.00,$1963.50,$1732.50,$3696.00,7,
216,MNQ SEP26,Backtest,DA--VWAPPB_V1,Long,99,23238.00,23228.00,12/5/2024 9:32:00 AM,12/5/2024 9:36:00 AM,DAVWAPPB_V1-1087,Stop loss,($1980.00),$170967.00,$0.00,$0.00,$0.00,$0.00,$0.00,$1980.00,$544.50,$2524.50,5,
217,MNQ SEP26,Backtest,DA--VWAPPB_V1,Short,67,23222.50,23237.25,12/10/2024 7:58:00 AM,12/10/2024 8:00:00 AM,DAVWAPPB_V1-1088,Stop loss,($1976.50),$168990.50,$0.00,$0.00,$0.00,$0.00,$0.00,$1976.50,$938.00,$2914.50,3,
218,MNQ SEP26,Backtest,DA--VWAPPB_V1,Short,47,23223.25,23096.75,12/10/2024 8:57:00 AM,12/10/2024 1:56:00 PM,DAVWAPPB_V1-1089,FlattenStrategyPositionsShort,$11891.00,$180881.50,$0.00,$0.00,$0.00,$0.00,$0.00,$893.00,$15698.00,$3807.00,300,
219,MNQ SEP26,Backtest,DA--VWAPPB_V1,Long,43,23327.25,23496.75,12/11/2024 7:45:00 AM,12/11/2024 1:56:00 PM,DAVWAPPB_V1-1090,FlattenStrategyPositionsLong,$14577.00,$195458.50,$0.00,$0.00,$0.00,$0.00,$0.00,$129.00,$16856.00,$2279.00,372,
220,MNQ SEP26,Backtest,DA--VWAPPB_V1,Long,43,23413.50,23390.50,12/12/2024 8:32:00 AM,12/12/2024 9:46:00 AM,DAVWAPPB_V1-1091,Stop loss,($1978.00),$193480.50,$0.00,$0.00,$0.00,$0.00,$0.00,$1978.00,$2558.50,$4536.50,75,
221,MNQ SEP26,Backtest,DA--VWAPPB_V1,Long,40,23546.00,23521.25,12/13/2024 7:42:00 AM,12/13/2024 8:27:00 AM,DAVWAPPB_V1-1092,Stop loss,($1980.00),$191500.50,$0.00,$0.00,$0.00,$0.00,$0.00,$1980.00,$5240.00,$7220.00,46,
222,MNQ SEP26,Backtest,DA--VWAPPB_V1,Short,23,23010.75,23053.75,12/19/2024 7:42:00 AM,12/19/2024 7:42:00 AM,DAVWAPPB_V1-1093,Stop loss,($1978.00),$189522.50,$0.00,$0.00,$0.00,$0.00,$0.00,$1978.00,$0.00,$1978.00,1,
223,MNQ SEP26,Backtest,DA--VWAPPB_V1,Long,29,22690.50,22656.25,12/20/2024 7:46:00 AM,12/20/2024 7:48:00 AM,DAVWAPPB_V1-1096,Stop loss,($1986.50),$187536.00,$0.00,$0.00,$0.00,$0.00,$0.00,$1986.50,$638.00,$2624.50,3,
224,MNQ SEP26,Backtest,DA--VWAPPB_V1,Short,34,22989.00,23018.00,12/23/2024 7:52:00 AM,12/23/2024 7:55:00 AM,DAVWAPPB_V1-1097,Stop loss,($1972.00),$185564.00,$0.00,$0.00,$0.00,$0.00,$0.00,$1972.00,$935.00,$2907.00,4,
225,MNQ SEP26,Backtest,DA--VWAPPB_V1,Long,45,23026.50,23167.50,12/23/2024 9:09:00 AM,12/23/2024 1:56:00 PM,DAVWAPPB_V1-1098,FlattenStrategyPositionsLong,$12690.00,$198254.00,$0.00,$0.00,$0.00,$0.00,$0.00,$1417.50,$15030.00,$2340.00,288,
226,MNQ SEP26,Backtest,DA--VWAPPB_V1,Long,29,23291.25,23452.00,12/24/2024 7:46:00 AM,12/26/2024 1:56:00 PM,DAVWAPPB_V1-1099,FlattenStrategyPositionsLong,$9323.50,$207577.50,$0.00,$0.00,$0.00,$0.00,$0.00,$1203.50,$13702.50,$4379.00,1526,
227,MNQ SEP26,Backtest,DA--VWAPPB_V1,Short,30,22725.75,22759.00,12/30/2024 7:47:00 AM,12/30/2024 7:51:00 AM,DAVWAPPB_V1-1100,Stop loss,($1995.00),$205582.50,$0.00,$0.00,$0.00,$0.00,$0.00,$1995.00,$795.00,$2790.00,5,
228,MNQ SEP26,Backtest,DA--VWAPPB_V1,Short,26,22795.00,22833.00,12/31/2024 7:43:00 AM,12/31/2024 7:46:00 AM,DAVWAPPB_V1-1101,Stop loss,($1976.00),$203606.50,$0.00,$0.00,$0.00,$0.00,$0.00,$1976.00,$559.00,$2535.00,4,
229,MNQ SEP26,Backtest,DA--VWAPPB_V1,Short,18,22649.25,22702.00,1/2/2025 8:36:00 AM,1/2/2025 8:38:00 AM,DAVWAPPB_V1-1103,Stop loss,($1899.00),$201707.50,$0.00,$0.00,$0.00,$0.00,$0.00,$1899.00,$72.00,$1971.00,3,
230,MNQ SEP26,Backtest,DA--VWAPPB_V1,Long,38,23233.75,23207.50,1/6/2025 7:46:00 AM,1/6/2025 7:58:00 AM,DAVWAPPB_V1-1104,Stop loss,($1995.00),$199712.50,$0.00,$0.00,$0.00,$0.00,$0.00,$2090.00,$2337.00,$4332.00,13,
231,MNQ SEP26,Backtest,DA--VWAPPB_V1,Short,25,23130.25,23169.50,1/7/2025 7:40:00 AM,1/7/2025 7:45:00 AM,DAVWAPPB_V1-1105,Stop loss,($1962.50),$197750.00,$0.00,$0.00,$0.00,$0.00,$0.00,$1962.50,$937.50,$2900.00,6,
232,MNQ SEP26,Backtest,DA--VWAPPB_V1,Short,35,22134.25,22162.25,1/13/2025 7:42:00 AM,1/13/2025 7:44:00 AM,DAVWAPPB_V1-1106,Stop loss,($1960.00),$195790.00,$0.00,$0.00,$0.00,$0.00,$0.00,$1960.00,$1137.50,$3097.50,3,
233,MNQ SEP26,Backtest,DA--VWAPPB_V1,Long,23,22242.75,22199.50,1/13/2025 7:57:00 AM,1/13/2025 8:01:00 AM,DAVWAPPB_V1-1107,Stop loss,($1989.50),$193800.50,$0.00,$0.00,$0.00,$0.00,$0.00,$1989.50,$690.00,$2679.50,5,
234,MNQ SEP26,Backtest,DA--VWAPPB_V1,Short,42,22180.75,22204.25,1/13/2025 9:13:00 AM,1/13/2025 9:36:00 AM,DAVWAPPB_V1-1108,Stop loss,($1974.00),$191826.50,$0.00,$0.00,$0.00,$0.00,$0.00,$1974.00,$1785.00,$3759.00,24,
235,MNQ SEP26,Backtest,DA--VWAPPB_V1,Long,27,22534.50,22497.75,1/14/2025 7:43:00 AM,1/14/2025 7:47:00 AM,DAVWAPPB_V1-1109,Stop loss,($1984.50),$189842.00,$0.00,$0.00,$0.00,$0.00,$0.00,$1984.50,$607.50,$2592.00,5,
236,MNQ SEP26,Backtest,DA--VWAPPB_V1,Short,19,22422.00,22473.75,1/14/2025 7:56:00 AM,1/14/2025 8:09:00 AM,DAVWAPPB_V1-1110,Stop loss,($1966.50),$187875.50,$0.00,$0.00,$0.00,$0.00,$0.00,$1966.50,$1510.50,$3477.00,14,
237,MNQ SEP26,Backtest,DA--VWAPPB_V1,Long,20,22522.75,22472.75,1/14/2025 8:17:00 AM,1/14/2025 8:23:00 AM,DAVWAPPB_V1-1111,Stop loss,($2000.00),$185875.50,$0.00,$0.00,$0.00,$0.00,$0.00,$2000.00,$160.00,$2160.00,7,
238,MNQ SEP26,Backtest,DA--VWAPPB_V1,Long,36,22724.25,22697.00,1/15/2025 7:47:00 AM,1/15/2025 9:33:00 AM,DAVWAPPB_V1-1112,Stop loss,($1962.00),$183913.50,$0.00,$0.00,$0.00,$0.00,$0.00,$1962.00,$7254.00,$9216.00,107,
239,MNQ SEP26,Backtest,DA--VWAPPB_V1,Short,24,22928.75,22970.25,1/17/2025 7:44:00 AM,1/17/2025 7:47:00 AM,DAVWAPPB_V1-1114,Stop loss,($1992.00),$181921.50,$0.00,$0.00,$0.00,$0.00,$0.00,$1992.00,$960.00,$2952.00,4,
240,MNQ SEP26,Backtest,DA--VWAPPB_V1,Long,65,23169.50,23154.25,1/20/2025 7:39:00 AM,1/20/2025 7:40:00 AM,DAVWAPPB_V1-1116,Stop loss,($1982.50),$179939.00,$0.00,$0.00,$0.00,$0.00,$0.00,$1982.50,$130.00,$2112.50,2,
241,MNQ SEP26,Backtest,DA--VWAPPB_V1,Short,60,23139.00,23155.50,1/20/2025 8:04:00 AM,1/20/2025 8:06:00 AM,DAVWAPPB_V1-1118,Stop loss,($1980.00),$177959.00,$0.00,$0.00,$0.00,$0.00,$0.00,$1980.00,$900.00,$2880.00,3,
242,MNQ SEP26,Backtest,DA--VWAPPB_V1,Long,45,23409.75,23432.50,1/22/2025 7:53:00 AM,1/22/2025 1:56:00 PM,DAVWAPPB_V1-1120,FlattenStrategyPositionsLong,$2047.50,$180006.50,$0.00,$0.00,$0.00,$0.00,$0.00,$1597.50,$9067.50,$7020.00,364,
243,MNQ SEP26,Backtest,DA--VWAPPB_V1,Long,43,23483.00,23460.00,1/24/2025 7:53:00 AM,1/24/2025 7:58:00 AM,DAVWAPPB_V1-1121,Stop loss,($1978.00),$178028.50,$0.00,$0.00,$0.00,$0.00,$0.00,$1978.00,$989.00,$2967.00,6,
244,MNQ SEP26,Backtest,DA--VWAPPB_V1,Short,47,23419.50,23440.50,1/24/2025 8:18:00 AM,1/24/2025 9:39:00 AM,DAVWAPPB_V1-1122,Stop loss,($1974.00),$176054.50,$0.00,$0.00,$0.00,$0.00,$0.00,$1974.00,$3102.00,$5076.00,82,
245,MNQ SEP26,Backtest,DA--VWAPPB_V1,Long,17,22701.75,22645.75,1/27/2025 7:45:00 AM,1/27/2025 8:20:00 AM,DAVWAPPB_V1-1123,Stop loss,($1904.00),$174150.50,$0.00,$0.00,$0.00,$0.00,$0.00,$1904.00,$1895.50,$3799.50,36,
246,MNQ SEP26,Backtest,DA--VWAPPB_V1,Short,35,22626.75,22654.50,1/28/2025 7:40:00 AM,1/28/2025 7:53:00 AM,DAVWAPPB_V1-1125,Stop loss,($1942.50),$172208.00,$0.00,$0.00,$0.00,$0.00,$0.00,$1942.50,$3465.00,$5407.50,14,
247,MNQ SEP26,Backtest,DA--VWAPPB_V1,Short,24,23002.00,23042.75,1/30/2025 8:17:00 AM,1/30/2025 12:48:00 PM,DAVWAPPB_V1-1127,Stop loss,($1956.00),$170252.00,$0.00,$0.00,$0.00,$0.00,$0.00,$1956.00,$7992.00,$9948.00,272,
248,MNQ SEP26,Backtest,DA--VWAPPB_V1,Long,32,23265.50,23234.75,1/31/2025 7:55:00 AM,1/31/2025 11:27:00 AM,DAVWAPPB_V1-1128,Stop loss,($1968.00),$168284.00,$0.00,$0.00,$0.00,$0.00,$0.00,$1968.00,$7472.00,$9440.00,213,
249,MNQ SEP26,Backtest,DA--VWAPPB_V1,Long,14,22752.50,22846.75,2/3/2025 8:30:00 AM,2/3/2025 1:56:00 PM,DAVWAPPB_V1-1130,FlattenStrategyPositionsLong,$2639.00,$170923.00,$0.00,$0.00,$0.00,$0.00,$0.00,$784.00,$5152.00,$2513.00,327,
250,MNQ SEP26,Backtest,DA--VWAPPB_V1,Long,46,22895.00,23094.75,2/4/2025 7:39:00 AM,2/4/2025 1:56:00 PM,DAVWAPPB_V1-1131,FlattenStrategyPositionsLong,$18377.00,$189300.00,$0.00,$0.00,$0.00,$0.00,$0.00,$322.00,$19895.00,$1518.00,378,
251,MNQ SEP26,Backtest,DA--VWAPPB_V1,Long,43,22990.25,22967.25,2/5/2025 7:43:00 AM,2/5/2025 7:54:00 AM,DAVWAPPB_V1-1132,Stop loss,($1978.00),$187322.00,$0.00,$0.00,$0.00,$0.00,$0.00,$1978.00,$1462.00,$3440.00,12,
252,MNQ SEP26,Backtest,DA--VWAPPB_V1,Long,52,23004.25,22985.00,2/5/2025 8:39:00 AM,2/5/2025 9:18:00 AM,DAVWAPPB_V1-1133,Stop loss,($2002.00),$185320.00,$0.00,$0.00,$0.00,$0.00,$0.00,$2002.00,$4654.00,$6656.00,40,
253,MNQ SEP26,Backtest,DA--VWAPPB_V1,Long,108,23223.75,23214.50,2/6/2025 9:19:00 AM,2/6/2025 9:23:00 AM,DAVWAPPB_V1-1135,Stop loss,($1998.00),$183322.00,$0.00,$0.00,$0.00,$0.00,$0.00,$1998.00,$1512.00,$3510.00,5,
254,MNQ SEP26,Backtest,DA--VWAPPB_V1,Long,65,23210.25,23195.00,2/11/2025 7:48:00 AM,2/11/2025 7:50:00 AM,DAVWAPPB_V1-1138,Stop loss,($1982.50),$181339.50,$0.00,$0.00,$0.00,$0.00,$0.00,$1982.50,$97.50,$2080.00,3,
255,MNQ SEP26,Backtest,DA--VWAPPB_V1,Long,29,23018.00,23211.50,2/12/2025 7:38:00 AM,2/12/2025 1:56:00 PM,DAVWAPPB_V1-1139,FlattenStrategyPositionsLong,$11223.00,$192562.50,$0.00,$0.00,$0.00,$0.00,$0.00,$1218.00,$13775.00,$2552.00,379,
256,MNQ SEP26,Backtest,DA--VWAPPB_V1,Long,47,23342.50,23321.50,2/13/2025 8:00:00 AM,2/13/2025 8:08:00 AM,DAVWAPPB_V1-1141,Stop loss,($1974.00),$190588.50,$0.00,$0.00,$0.00,$0.00,$0.00,$1974.00,$3337.00,$5311.00,9,
257,MNQ SEP26,Backtest,DA--VWAPPB_V1,Short,72,23529.25,23543.00,2/14/2025 8:43:00 AM,2/14/2025 8:46:00 AM,DAVWAPPB_V1-1142,Stop loss,($1980.00),$188608.50,$0.00,$0.00,$0.00,$0.00,$0.00,$1980.00,$936.00,$2916.00,4,
258,MNQ SEP26,Backtest,DA--VWAPPB_V1,Short,62,23621.25,23637.25,2/17/2025 7:38:00 AM,2/17/2025 8:19:00 AM,DAVWAPPB_V1-1144,Stop loss,($1984.00),$186624.50,$0.00,$0.00,$0.00,$0.00,$0.00,$1984.00,$1581.00,$3565.00,42,
259,MNQ SEP26,Backtest,DA--VWAPPB_V1,Short,34,23563.25,23592.25,2/19/2025 8:05:00 AM,2/19/2025 8:32:00 AM,DAVWAPPB_V1-1145,Stop loss,($1972.00),$184652.50,$0.00,$0.00,$0.00,$0.00,$0.00,$1972.00,$1955.00,$3927.00,28,
260,MNQ SEP26,Backtest,DA--VWAPPB_V1,Long,111,23600.75,23591.75,2/19/2025 8:45:00 AM,2/19/2025 8:56:00 AM,DAVWAPPB_V1-1146,Stop loss,($1998.00),$182654.50,$0.00,$0.00,$0.00,$0.00,$0.00,$1998.00,$5328.00,$7326.00,12,
261,MNQ SEP26,Backtest,DA--VWAPPB_V1,Short,39,23527.50,23552.75,2/21/2025 7:42:00 AM,2/21/2025 7:46:00 AM,DAVWAPPB_V1-1147,Stop loss,($1969.50),$180685.00,$0.00,$0.00,$0.00,$0.00,$0.00,$1969.50,$1111.50,$3081.00,5,
262,MNQ SEP26,Backtest,DA--VWAPPB_V1,Short,37,23115.25,23142.00,2/24/2025 7:43:00 AM,2/24/2025 7:47:00 AM,DAVWAPPB_V1-1148,Stop loss,($1979.50),$178705.50,$0.00,$0.00,$0.00,$0.00,$0.00,$1979.50,$1091.50,$3071.00,5,
263,MNQ SEP26,Backtest,DA--VWAPPB_V1,Short,24,23088.25,22862.75,2/24/2025 7:52:00 AM,2/24/2025 1:56:00 PM,DAVWAPPB_V1-1149,FlattenStrategyPositionsShort,$10824.00,$189529.50,$0.00,$0.00,$0.00,$0.00,$0.00,$456.00,$11280.00,$456.00,365,
264,MNQ SEP26,Backtest,DA--VWAPPB_V1,Short,22,22722.50,22545.50,2/25/2025 7:48:00 AM,2/25/2025 1:56:00 PM,DAVWAPPB_V1-1150,FlattenStrategyPositionsShort,$7788.00,$197317.50,$0.00,$0.00,$0.00,$0.00,$0.00,$319.00,$13882.00,$6094.00,369,
265,MNQ SEP26,Backtest,DA--VWAPPB_V1,Short,27,22396.75,21844.75,3/3/2025 7:50:00 AM,3/3/2025 1:56:00 PM,DAVWAPPB_V1-1152,FlattenStrategyPositionsShort,$29808.00,$227125.50,$0.00,$0.00,$0.00,$0.00,$0.00,$486.00,$35788.50,$5980.50,367,
266,MNQ SEP26,Backtest,DA--VWAPPB_V1,Short,17,21625.75,21682.00,3/4/2025 8:07:00 AM,3/4/2025 9:47:00 AM,DAVWAPPB_V1-1153,Stop loss,($1912.50),$225213.00,$0.00,$0.00,$0.00,$0.00,$0.00,$1912.50,$4539.00,$6451.50,101,
267,MNQ SEP26,Backtest,DA--VWAPPB_V1,Short,28,21740.00,21774.50,3/5/2025 8:32:00 AM,3/5/2025 8:33:00 AM,DAVWAPPB_V1-1155,Stop loss,($1932.00),$223281.00,$0.00,$0.00,$0.00,$0.00,$0.00,$1932.00,$14.00,$1946.00,2,
268,MNQ SEP26,Backtest,DA--VWAPPB_V1,Long,13,20959.25,20884.75,3/11/2025 7:44:00 AM,3/11/2025 8:01:00 AM,DAVWAPPB_V1-1156,Stop loss,($1937.00),$221344.00,$0.00,$0.00,$0.00,$0.00,$0.00,$1937.00,$1462.50,$3399.50,18,
269,MNQ SEP26,Backtest,DA--VWAPPB_V1,Long,17,20896.75,20841.00,3/11/2025 9:13:00 AM,3/11/2025 9:24:00 AM,DAVWAPPB_V1-1157,Stop loss,($1895.50),$219448.50,$0.00,$0.00,$0.00,$0.00,$0.00,$1895.50,$960.50,$2856.00,12,
270,MNQ SEP26,Backtest,DA--VWAPPB_V1,Short,14,20869.25,20936.25,3/13/2025 7:53:00 AM,3/13/2025 8:20:00 AM,DAVWAPPB_V1-1160,Stop loss,($1876.00),$217572.50,$0.00,$0.00,$0.00,$0.00,$0.00,$1876.00,$3605.00,$5481.00,28,
271,MNQ SEP26,Backtest,DA--VWAPPB_V1,Long,22,20949.00,20904.50,3/13/2025 8:22:00 AM,3/13/2025 8:29:00 AM,DAVWAPPB_V1-1161,Stop loss,($1958.00),$215614.50,$0.00,$0.00,$0.00,$0.00,$0.00,$1958.00,$1672.00,$3630.00,8,
272,MNQ SEP26,Backtest,DA--VWAPPB_V1,Short,27,20845.25,20881.50,3/13/2025 8:42:00 AM,3/13/2025 8:52:00 AM,DAVWAPPB_V1-1162,Stop loss,($1957.50),$213657.00,$0.00,$0.00,$0.00,$0.00,$0.00,$1957.50,$1485.00,$3442.50,11,
273,MNQ SEP26,Backtest,DA--VWAPPB_V1,Long,34,20994.75,20965.50,3/14/2025 7:46:00 AM,3/14/2025 7:59:00 AM,DAVWAPPB_V1-1163,Stop loss,($1989.00),$211668.00,$0.00,$0.00,$0.00,$0.00,$0.00,$1989.00,$2890.00,$4879.00,14,
274,MNQ SEP26,Backtest,DA--VWAPPB_V1,Long,46,20986.00,20964.50,3/14/2025 8:51:00 AM,3/14/2025 8:56:00 AM,DAVWAPPB_V1-1165,Stop loss,($1978.00),$209690.00,$0.00,$0.00,$0.00,$0.00,$0.00,$1978.00,$1173.00,$3151.00,6,
275,MNQ SEP26,Backtest,DA--VWAPPB_V1,Short,25,20987.00,20911.25,3/18/2025 7:41:00 AM,3/18/2025 1:56:00 PM,DAVWAPPB_V1-1168,FlattenStrategyPositionsShort,$3787.50,$213477.50,$0.00,$0.00,$0.00,$0.00,$0.00,$1450.00,$8525.00,$4737.50,376,
276,MNQ SEP26,Backtest,DA--VWAPPB_V1,Long,22,21102.50,21059.00,3/20/2025 7:40:00 AM,3/20/2025 11:28:00 AM,DAVWAPPB_V1-1169,Stop loss,($1914.00),$211563.50,$0.00,$0.00,$0.00,$0.00,$0.00,$1914.00,$9449.00,$11363.00,229,
277,MNQ SEP26,Backtest,DA--VWAPPB_V1,Long,23,20938.75,20895.75,3/21/2025 7:53:00 AM,3/21/2025 7:54:00 AM,DAVWAPPB_V1-1170,Stop loss,($1978.00),$209585.50,$0.00,$0.00,$0.00,$0.00,$0.00,$1978.00,$609.50,$2587.50,2,
278,MNQ SEP26,Backtest,DA--VWAPPB_V1,Long,40,21650.50,21626.00,3/25/2025 8:18:00 AM,3/25/2025 11:30:00 AM,DAVWAPPB_V1-1171,Stop loss,($1960.00),$207625.50,$0.00,$0.00,$0.00,$0.00,$0.00,$1960.00,$4660.00,$6620.00,193,
279,MNQ SEP26,Backtest,DA--VWAPPB_V1,Short,39,21602.50,21337.00,3/26/2025 7:52:00 AM,3/26/2025 1:56:00 PM,DAVWAPPB_V1-1172,FlattenStrategyPositionsShort,$20709.00,$228334.50,$0.00,$0.00,$0.00,$0.00,$0.00,$1326.00,$27222.00,$6513.00,365,
280,MNQ SEP26,Backtest,DA--VWAPPB_V1,Short,31,21156.00,21187.75,3/27/2025 7:41:00 AM,3/27/2025 7:45:00 AM,DAVWAPPB_V1-1173,Stop loss,($1968.50),$226366.00,$0.00,$0.00,$0.00,$0.00,$0.00,$1968.50,$372.00,$2340.50,5,
281,MNQ SEP26,Backtest,DA--VWAPPB_V1,Short,26,20264.75,20303.00,3/31/2025 7:41:00 AM,3/31/2025 7:56:00 AM,DAVWAPPB_V1-1174,Stop loss,($1989.00),$224377.00,$0.00,$0.00,$0.00,$0.00,$0.00,$1989.00,$3939.00,$5928.00,16,
282,MNQ SEP26,Backtest,DA--VWAPPB_V1,Long,30,20345.50,20312.50,3/31/2025 8:08:00 AM,3/31/2025 8:19:00 AM,DAVWAPPB_V1-1175,Stop loss,($1980.00),$222397.00,$0.00,$0.00,$0.00,$0.00,$0.00,$1980.00,$2070.00,$4050.00,12,
283,MNQ SEP26,Backtest,DA--VWAPPB_V1,Long,29,20665.50,20631.50,4/1/2025 7:53:00 AM,4/1/2025 7:53:00 AM,DAVWAPPB_V1-1176,Stop loss,($1972.00),$220425.00,$0.00,$0.00,$0.00,$0.00,$0.00,$1972.00,$0.00,$1972.00,1,
284,MNQ SEP26,Backtest,DA--VWAPPB_V1,Long,22,20647.50,20602.50,4/1/2025 8:43:00 AM,4/1/2025 12:25:00 PM,DAVWAPPB_V1-1177,Stop loss,($1980.00),$218445.00,$0.00,$0.00,$0.00,$0.00,$0.00,$1980.00,$9152.00,$11132.00,223,
285,MNQ SEP26,Backtest,DA--VWAPPB_V1,Long,25,20717.00,20978.00,4/2/2025 7:45:00 AM,4/2/2025 1:56:00 PM,DAVWAPPB_V1-1178,FlattenStrategyPositionsLong,$13050.00,$231495.00,$0.00,$0.00,$0.00,$0.00,$0.00,$900.00,$19262.50,$6212.50,372,
286,MNQ SEP26,Backtest,DA--VWAPPB_V1,Short,5,18383.00,18552.50,4/7/2025 8:41:00 AM,4/7/2025 8:44:00 AM,DAVWAPPB_V1-1180,Stop loss,($1695.00),$229800.00,$0.00,$0.00,$0.00,$0.00,$0.00,$1695.00,$102.50,$1797.50,4,
287,MNQ SEP26,Backtest,DA--VWAPPB_V1,Long,16,19477.75,19417.50,4/8/2025 8:02:00 AM,4/8/2025 8:50:00 AM,DAVWAPPB_V1-1181,Stop loss,($1928.00),$227872.00,$0.00,$0.00,$0.00,$0.00,$0.00,$1928.00,$2936.00,$4864.00,49,
288,MNQ SEP26,Backtest,DA--VWAPPB_V1,Short,23,19384.50,18438.25,4/8/2025 8:57:00 AM,4/8/2025 1:56:00 PM,DAVWAPPB_V1-1182,FlattenStrategyPositionsShort,$43527.50,$271399.50,$0.00,$0.00,$0.00,$0.00,$0.00,$494.50,$55211.50,$11684.00,300,
289,MNQ SEP26,Backtest,DA--VWAPPB_V1,Long,13,18716.25,18642.25,4/9/2025 7:57:00 AM,4/9/2025 7:59:00 AM,DAVWAPPB_V1-1183,Stop loss,($1924.00),$269475.50,$0.00,$0.00,$0.00,$0.00,$0.00,$1924.00,$221.00,$2145.00,3,
290,MNQ SEP26,Backtest,DA--VWAPPB_V1,Long,15,19780.50,19714.75,4/11/2025 7:47:00 AM,4/11/2025 8:02:00 AM,DAVWAPPB_V1-1186,Stop loss,($1972.50),$267503.00,$0.00,$0.00,$0.00,$0.00,$0.00,$1972.50,$2392.50,$4365.00,16,
291,MNQ SEP26,Backtest,DA--VWAPPB_V1,Short,15,20308.00,20374.50,4/14/2025 7:41:00 AM,4/14/2025 8:06:00 AM,DAVWAPPB_V1-1188,Stop loss,($1995.00),$265508.00,$0.00,$0.00,$0.00,$0.00,$0.00,$1995.00,$3262.50,$5257.50,26,
292,MNQ SEP26,Backtest,DA--VWAPPB_V1,Long,46,19836.75,19815.00,4/16/2025 8:35:00 AM,4/16/2025 8:38:00 AM,DAVWAPPB_V1-1191,Stop loss,($2001.00),$263507.00,$0.00,$0.00,$0.00,$0.00,$0.00,$2001.00,$1150.00,$3151.00,4,
293,MNQ SEP26,Backtest,DA--VWAPPB_V1,Short,20,19605.75,19653.50,4/17/2025 7:39:00 AM,4/17/2025 7:42:00 AM,DAVWAPPB_V1-1192,Stop loss,($1910.00),$261597.00,$0.00,$0.00,$0.00,$0.00,$0.00,$1910.00,$450.00,$2360.00,4,
294,MNQ SEP26,Backtest,DA--VWAPPB_V1,Short,45,19266.75,19103.75,4/21/2025 7:56:00 AM,4/21/2025 1:56:00 PM,DAVWAPPB_V1-1194,FlattenStrategyPositionsShort,$14670.00,$276267.00,$0.00,$0.00,$0.00,$0.00,$0.00,$495.00,$31905.00,$17235.00,361,
295,MNQ SEP26,Backtest,DA--VWAPPB_V1,Long,27,20291.75,20255.00,4/23/2025 7:50:00 AM,4/23/2025 7:53:00 AM,DAVWAPPB_V1-1195,Stop loss,($1984.50),$274282.50,$0.00,$0.00,$0.00,$0.00,$0.00,$1984.50,$2106.00,$4090.50,4,
296,MNQ SEP26,Backtest,DA--VWAPPB_V1,Short,30,20217.00,20058.75,4/23/2025 9:22:00 AM,4/23/2025 1:56:00 PM,DAVWAPPB_V1-1196,FlattenStrategyPositionsShort,$9495.00,$283777.50,$0.00,$0.00,$0.00,$0.00,$0.00,$1545.00,$16500.00,$7005.00,275,
297,MNQ SEP26,Backtest,DA--VWAPPB_V1,Short,27,20491.00,20527.25,4/25/2025 8:27:00 AM,4/25/2025 8:38:00 AM,DAVWAPPB_V1-1198,Stop loss,($1957.50),$281820.00,$0.00,$0.00,$0.00,$0.00,$0.00,$1957.50,$2389.50,$4347.00,12,
298,MNQ SEP26,Backtest,DA--VWAPPB_V1,Long,53,20560.25,20541.75,4/25/2025 8:45:00 AM,4/25/2025 8:51:00 AM,DAVWAPPB_V1-1199,Stop loss,($1961.00),$279859.00,$0.00,$0.00,$0.00,$0.00,$0.00,$1961.00,$1616.50,$3577.50,7,
299,MNQ SEP26,Backtest,DA--VWAPPB_V1,Long,32,20731.25,20700.00,4/29/2025 7:55:00 AM,4/29/2025 8:01:00 AM,DAVWAPPB_V1-1201,Stop loss,($2000.00),$277859.00,$0.00,$0.00,$0.00,$0.00,$0.00,$2000.00,$688.00,$2688.00,7,
300,MNQ SEP26,Backtest,DA--VWAPPB_V1,Short,16,20338.25,20400.00,4/30/2025 7:59:00 AM,4/30/2025 8:02:00 AM,DAVWAPPB_V1-1203,Stop loss,($1976.00),$275883.00,$0.00,$0.00,$0.00,$0.00,$0.00,$1976.00,$760.00,$2736.00,4,
301,MNQ SEP26,Backtest,DA--VWAPPB_V1,Long,45,20461.25,20869.75,4/30/2025 8:20:00 AM,4/30/2025 1:56:00 PM,DAVWAPPB_V1-1204,FlattenStrategyPositionsLong,$36765.00,$312648.00,$0.00,$0.00,$0.00,$0.00,$0.00,$652.50,$38700.00,$1935.00,337,
302,MNQ SEP26,Backtest,DA--VWAPPB_V1,Long,30,21060.50,21027.50,5/6/2025 7:38:00 AM,5/6/2025 7:47:00 AM,DAVWAPPB_V1-1205,Stop loss,($1980.00),$310668.00,$0.00,$0.00,$0.00,$0.00,$0.00,$1980.00,$975.00,$2955.00,10,
303,MNQ SEP26,Backtest,DA--VWAPPB_V1,Long,34,21051.50,21132.00,5/6/2025 8:17:00 AM,5/6/2025 1:56:00 PM,DAVWAPPB_V1-1206,FlattenStrategyPositionsLong,$5474.00,$316142.00,$0.00,$0.00,$0.00,$0.00,$0.00,$833.00,$12767.00,$7293.00,340,
304,MNQ SEP26,Backtest,DA--VWAPPB_V1,Long,23,21346.50,21392.50,5/8/2025 9:24:00 AM,5/8/2025 1:56:00 PM,DAVWAPPB_V1-1208,FlattenStrategyPositionsLong,$2116.00,$318258.00,$0.00,$0.00,$0.00,$0.00,$0.00,$460.00,$9349.50,$7233.50,273,
305,MNQ SEP26,Backtest,DA--VWAPPB_V1,Long,50,21486.25,21466.25,5/9/2025 7:39:00 AM,5/9/2025 7:41:00 AM,DAVWAPPB_V1-1209,Stop loss,($2000.00),$316258.00,$0.00,$0.00,$0.00,$0.00,$0.00,$2000.00,$575.00,$2575.00,3,
306,MNQ SEP26,Backtest,DA--VWAPPB_V1,Short,23,22002.25,22045.00,5/12/2025 7:38:00 AM,5/12/2025 7:54:00 AM,DAVWAPPB_V1-1210,Stop loss,($1966.50),$314291.50,$0.00,$0.00,$0.00,$0.00,$0.00,$1966.50,$2001.00,$3967.50,17,
307,MNQ SEP26,Backtest,DA--VWAPPB_V1,Long,46,22272.00,22493.50,5/13/2025 7:40:00 AM,5/13/2025 1:56:00 PM,DAVWAPPB_V1-1211,FlattenStrategyPositionsLong,$20378.00,$334669.50,$0.00,$0.00,$0.00,$0.00,$0.00,$1334.00,$26427.00,$6049.00,377,
308,MNQ SEP26,Backtest,DA--VWAPPB_V1,Short,55,22482.50,22500.50,5/15/2025 8:35:00 AM,5/15/2025 8:41:00 AM,DAVWAPPB_V1-1217,Stop loss,($1980.00),$332689.50,$0.00,$0.00,$0.00,$0.00,$0.00,$1980.00,$1485.00,$3465.00,7,
309,MNQ SEP26,Backtest,DA--VWAPPB_V1,Long,59,22540.00,22523.00,5/15/2025 8:58:00 AM,5/15/2025 1:27:00 PM,DAVWAPPB_V1-1218,Stop loss,($2006.00),$330683.50,$0.00,$0.00,$0.00,$0.00,$0.00,$2006.00,$23836.00,$25842.00,270,
310,MNQ SEP26,Backtest,DA--VWAPPB_V1,Short,45,22604.25,22626.00,5/16/2025 8:35:00 AM,5/16/2025 9:31:00 AM,DAVWAPPB_V1-1219,Stop loss,($1957.50),$328726.00,$0.00,$0.00,$0.00,$0.00,$0.00,$1957.50,$6480.00,$8437.50,57,
311,MNQ SEP26,Backtest,DA--VWAPPB_V1,Long,23,22539.75,22719.00,5/19/2025 7:44:00 AM,5/19/2025 1:56:00 PM,DAVWAPPB_V1-1220,FlattenStrategyPositionsLong,$8245.50,$336971.50,$0.00,$0.00,$0.00,$0.00,$0.00,$575.00,$10028.00,$1782.50,373,
312,MNQ SEP26,Backtest,DA--VWAPPB_V1,Short,27,22570.00,22606.25,5/20/2025 7:52:00 AM,5/20/2025 7:53:00 AM,DAVWAPPB_V1-1221,Stop loss,($1957.50),$335014.00,$0.00,$0.00,$0.00,$0.00,$0.00,$1957.50,$202.50,$2160.00,2,
313,MNQ SEP26,Backtest,DA--VWAPPB_V1,Long,42,22554.25,22531.00,5/21/2025 7:41:00 AM,5/21/2025 11:21:00 AM,DAVWAPPB_V1-1223,Stop loss,($1953.00),$333061.00,$0.00,$0.00,$0.00,$0.00,$0.00,$1953.00,$18186.00,$20139.00,221,
314,MNQ SEP26,Backtest,DA--VWAPPB_V1,Long,26,22468.50,22430.75,5/22/2025 7:58:00 AM,5/22/2025 8:24:00 AM,DAVWAPPB_V1-1224,Stop loss,($1963.00),$331098.00,$0.00,$0.00,$0.00,$0.00,$0.00,$1963.00,$3848.00,$5811.00,27,
315,MNQ SEP26,Backtest,DA--VWAPPB_V1,Long,51,22175.25,22155.75,5/23/2025 9:26:00 AM,5/23/2025 9:54:00 AM,DAVWAPPB_V1-1227,Stop loss,($1989.00),$329109.00,$0.00,$0.00,$0.00,$0.00,$0.00,$1989.00,$4717.50,$6706.50,29,
316,MNQ SEP26,Backtest,DA--VWAPPB_V1,Short,88,22484.75,22496.00,5/26/2025 8:04:00 AM,5/26/2025 10:12:00 AM,DAVWAPPB_V1-1230,Stop loss,($1980.00),$327129.00,$0.00,$0.00,$0.00,$0.00,$0.00,$1980.00,$10032.00,$12012.00,129,
317,MNQ SEP26,Backtest,DA--VWAPPB_V1,Short,25,22417.00,22455.50,5/27/2025 7:38:00 AM,5/27/2025 7:41:00 AM,DAVWAPPB_V1-1231,Stop loss,($1925.00),$325204.00,$0.00,$0.00,$0.00,$0.00,$0.00,$1925.00,$575.00,$2500.00,4,
318,MNQ SEP26,Backtest,DA--VWAPPB_V1,Long,38,22505.50,22662.75,5/27/2025 7:59:00 AM,5/27/2025 1:56:00 PM,DAVWAPPB_V1-1232,FlattenStrategyPositionsLong,$11951.00,$337155.00,$0.00,$0.00,$0.00,$0.00,$0.00,$665.00,$14820.00,$2869.00,358,
319,MNQ SEP26,Backtest,DA--VWAPPB_V1,Long,53,22745.75,22727.25,5/28/2025 7:40:00 AM,5/28/2025 7:47:00 AM,DAVWAPPB_V1-1233,Stop loss,($1961.00),$335194.00,$0.00,$0.00,$0.00,$0.00,$0.00,$1961.00,$3312.50,$5273.50,8,
320,MNQ SEP26,Backtest,DA--VWAPPB_V1,Short,46,22700.50,22721.75,5/28/2025 7:55:00 AM,5/28/2025 1:09:00 PM,DAVWAPPB_V1-1234,Stop loss,($1955.00),$333239.00,$0.00,$0.00,$0.00,$0.00,$0.00,$1955.00,$7981.00,$9936.00,315,
321,MNQ SEP26,Backtest,DA--VWAPPB_V1,Short,32,22792.75,22603.75,5/29/2025 7:39:00 AM,5/29/2025 1:56:00 PM,DAVWAPPB_V1-1235,FlattenStrategyPositionsShort,$12096.00,$345335.00,$0.00,$0.00,$0.00,$0.00,$0.00,$112.00,$17888.00,$5792.00,378,
322,MNQ SEP26,Backtest,DA--VWAPPB_V1,Short,32,22517.75,22548.50,5/30/2025 7:40:00 AM,5/30/2025 8:06:00 AM,DAVWAPPB_V1-1236,Stop loss,($1968.00),$343367.00,$0.00,$0.00,$0.00,$0.00,$0.00,$1968.00,$4528.00,$6496.00,27,
323,MNQ SEP26,Backtest,DA--VWAPPB_V1,Long,51,22562.50,22543.00,5/30/2025 8:11:00 AM,5/30/2025 9:18:00 AM,DAVWAPPB_V1-1237,Stop loss,($1989.00),$341378.00,$0.00,$0.00,$0.00,$0.00,$0.00,$1989.00,$5023.50,$7012.50,68,
324,MNQ SEP26,Backtest,DA--VWAPPB_V1,Long,42,22636.25,22613.00,6/2/2025 7:45:00 AM,6/2/2025 7:47:00 AM,DAVWAPPB_V1-1238,Stop loss,($1953.00),$339425.00,$0.00,$0.00,$0.00,$0.00,$0.00,$1953.00,$966.00,$2919.00,3,
325,MNQ SEP26,Backtest,DA--VWAPPB_V1,Long,28,22804.75,22769.75,6/3/2025 7:50:00 AM,6/3/2025 7:51:00 AM,DAVWAPPB_V1-1239,Stop loss,($1960.00),$337465.00,$0.00,$0.00,$0.00,$0.00,$0.00,$1960.00,$28.00,$1988.00,2,
326,MNQ SEP26,Backtest,DA--VWAPPB_V1,Long,42,23003.00,22979.25,6/4/2025 7:42:00 AM,6/4/2025 7:44:00 AM,DAVWAPPB_V1-1240,Stop loss,($1995.00),$335470.00,$0.00,$0.00,$0.00,$0.00,$0.00,$1995.00,$231.00,$2226.00,3,
327,MNQ SEP26,Backtest,DA--VWAPPB_V1,Long,59,22963.00,22946.25,6/4/2025 8:36:00 AM,6/4/2025 8:39:00 AM,DAVWAPPB_V1-1241,Stop loss,($1976.50),$333493.50,$0.00,$0.00,$0.00,$0.00,$0.00,$1976.50,$914.50,$2891.00,4,
328,MNQ SEP26,Backtest,DA--VWAPPB_V1,Short,15,22936.25,23001.00,6/5/2025 7:48:00 AM,6/5/2025 8:26:00 AM,DAVWAPPB_V1-1242,Stop loss,($1942.50),$331551.00,$0.00,$0.00,$0.00,$0.00,$0.00,$1942.50,$967.50,$2910.00,39,
329,MNQ SEP26,Backtest,DA--VWAPPB_V1,Short,43,23177.25,23200.00,6/11/2025 7:37:00 AM,6/11/2025 7:37:00 AM,DAVWAPPB_V1-1243,Stop loss,($1956.50),$329594.50,$0.00,$0.00,$0.00,$0.00,$0.00,$1956.50,$0.00,$1956.50,1,
330,MNQ SEP26,Backtest,DA--VWAPPB_V1,Long,47,23095.00,23074.00,6/12/2025 7:46:00 AM,6/12/2025 7:56:00 AM,DAVWAPPB_V1-1244,Stop loss,($1974.00),$327620.50,$0.00,$0.00,$0.00,$0.00,$0.00,$1974.00,$869.50,$2843.50,11,
331,MNQ SEP26,Backtest,DA--VWAPPB_V1,Long,57,22957.25,22940.00,6/13/2025 9:01:00 AM,6/13/2025 12:16:00 PM,DAVWAPPB_V1-1246,Stop loss,($1966.50),$325654.00,$0.00,$0.00,$0.00,$0.00,$0.00,$1966.50,$12625.50,$14592.00,196,
332,MNQ SEP26,Backtest,DA--VWAPPB_V1,Long,48,23082.50,23166.75,6/16/2025 7:40:00 AM,6/16/2025 1:56:00 PM,DAVWAPPB_V1-1247,FlattenStrategyPositionsLong,$8088.00,$333742.00,$0.00,$0.00,$0.00,$0.00,$0.00,$1944.00,$13680.00,$5592.00,377,
333,MNQ SEP26,Backtest,DA--VWAPPB_V1,Short,70,22722.50,22736.75,6/19/2025 7:44:00 AM,6/19/2025 9:01:00 AM,DAVWAPPB_V1-1248,Stop loss,($1995.00),$331747.00,$0.00,$0.00,$0.00,$0.00,$0.00,$1995.00,$10045.00,$12040.00,78,
334,MNQ SEP26,Backtest,DA--VWAPPB_V1,Long,50,23111.25,23091.50,6/20/2025 7:40:00 AM,6/20/2025 7:47:00 AM,DAVWAPPB_V1-1249,Stop loss,($1975.00),$329772.00,$0.00,$0.00,$0.00,$0.00,$0.00,$1975.00,$2000.00,$3975.00,8,
335,MNQ SEP26,Backtest,DA--VWAPPB_V1,Short,36,23038.75,22821.00,6/20/2025 7:55:00 AM,6/20/2025 1:56:00 PM,DAVWAPPB_V1-1250,FlattenStrategyPositionsShort,$15678.00,$345450.00,$0.00,$0.00,$0.00,$0.00,$0.00,$900.00,$20034.00,$4356.00,362,
336,MNQ SEP26,Backtest,DA--VWAPPB_V1,Long,67,23332.00,23317.25,6/24/2025 7:49:00 AM,6/24/2025 7:50:00 AM,DAVWAPPB_V1-1251,Stop loss,($1976.50),$343473.50,$0.00,$0.00,$0.00,$0.00,$0.00,$1976.50,$234.50,$2211.00,2,
337,MNQ SEP26,Backtest,DA--VWAPPB_V1,Long,51,23543.50,23524.25,6/25/2025 7:44:00 AM,6/25/2025 7:48:00 AM,DAVWAPPB_V1-1252,Stop loss,($1963.50),$341510.00,$0.00,$0.00,$0.00,$0.00,$0.00,$1963.50,$535.50,$2499.00,5,
338,MNQ SEP26,Backtest,DA--VWAPPB_V1,Short,52,23748.25,23767.25,6/27/2025 9:01:00 AM,6/27/2025 9:04:00 AM,DAVWAPPB_V1-1253,Stop loss,($1976.00),$339534.00,$0.00,$0.00,$0.00,$0.00,$0.00,$1976.00,$182.00,$2158.00,4,
339,MNQ SEP26,Backtest,DA--VWAPPB_V1,Short,55,23817.50,23835.50,6/30/2025 7:37:00 AM,6/30/2025 7:38:00 AM,DAVWAPPB_V1-1254,Stop loss,($1980.00),$337554.00,$0.00,$0.00,$0.00,$0.00,$0.00,$1980.00,$1100.00,$3080.00,2,
340,MNQ SEP26,Backtest,DA--VWAPPB_V1,Short,44,23795.50,23817.75,6/30/2025 7:52:00 AM,6/30/2025 7:53:00 AM,DAVWAPPB_V1-1255,Stop loss,($1958.00),$335596.00,$0.00,$0.00,$0.00,$0.00,$0.00,$1958.00,$0.00,$1958.00,2,
341,MNQ SEP26,Backtest,DA--VWAPPB_V1,Long,121,23840.50,23832.25,6/30/2025 9:40:00 AM,6/30/2025 9:42:00 AM,DAVWAPPB_V1-1256,Stop loss,($1996.50),$333599.50,$0.00,$0.00,$0.00,$0.00,$0.00,$1996.50,$302.50,$2299.00,3,
342,MNQ SEP26,Backtest,DA--VWAPPB_V1,Short,62,23786.25,23716.50,7/1/2025 8:27:00 AM,7/1/2025 1:56:00 PM,DAVWAPPB_V1-1257,FlattenStrategyPositionsShort,$8649.00,$342248.50,$0.00,$0.00,$0.00,$0.00,$0.00,$527.00,$23808.00,$15159.00,330,
343,MNQ SEP26,Backtest,DA--VWAPPB_V1,Long,65,23695.00,23846.25,7/2/2025 7:46:00 AM,7/2/2025 1:56:00 PM,DAVWAPPB_V1-1259,FlattenStrategyPositionsLong,$19662.50,$361911.00,$0.00,$0.00,$0.00,$0.00,$0.00,$162.50,$21352.50,$1690.00,371,
344,MNQ SEP26,Backtest,DA--VWAPPB_V1,Long,54,23961.25,23943.00,7/7/2025 8:28:00 AM,7/7/2025 8:29:00 AM,DAVWAPPB_V1-1262,Stop loss,($1971.00),$359940.00,$0.00,$0.00,$0.00,$0.00,$0.00,$1971.00,$243.00,$2214.00,2,
345,MNQ SEP26,Backtest,DA--VWAPPB_V1,Short,44,23898.25,23920.75,7/8/2025 7:40:00 AM,7/8/2025 7:43:00 AM,DAVWAPPB_V1-1263,Stop loss,($1980.00),$357960.00,$0.00,$0.00,$0.00,$0.00,$0.00,$1980.00,$770.00,$2750.00,4,
346,MNQ SEP26,Backtest,DA--VWAPPB_V1,Short,28,23868.00,23903.00,7/8/2025 8:08:00 AM,7/8/2025 8:33:00 AM,DAVWAPPB_V1-1264,Stop loss,($1960.00),$356000.00,$0.00,$0.00,$0.00,$0.00,$0.00,$1960.00,$1022.00,$2982.00,26,
347,MNQ SEP26,Backtest,DA--VWAPPB_V1,Short,50,23868.25,23888.00,7/8/2025 9:25:00 AM,7/8/2025 9:34:00 AM,DAVWAPPB_V1-1265,Stop loss,($1975.00),$354025.00,$0.00,$0.00,$0.00,$0.00,$0.00,$1975.00,$1300.00,$3275.00,10,
348,MNQ SEP26,Backtest,DA--VWAPPB_V1,Long,67,24030.00,24015.25,7/9/2025 7:37:00 AM,7/9/2025 8:32:00 AM,DAVWAPPB_V1-1266,Stop loss,($1976.50),$352048.50,$0.00,$0.00,$0.00,$0.00,$0.00,$1976.50,$10954.50,$12931.00,56,
349,MNQ SEP26,Backtest,DA--VWAPPB_V1,Short,60,24024.50,24041.00,7/10/2025 7:46:00 AM,7/10/2025 11:57:00 AM,DAVWAPPB_V1-1268,Stop loss,($1980.00),$350068.50,$0.00,$0.00,$0.00,$0.00,$0.00,$1980.00,$14760.00,$16740.00,252,
350,MNQ SEP26,Backtest,DA--VWAPPB_V1,Long,57,23945.50,23928.25,7/11/2025 7:54:00 AM,7/11/2025 7:55:00 AM,DAVWAPPB_V1-1269,Stop loss,($1966.50),$348102.00,$0.00,$0.00,$0.00,$0.00,$0.00,$1966.50,$570.00,$2536.50,2,
351,MNQ SEP26,Backtest,DA--VWAPPB_V1,Short,73,23923.50,23937.25,7/11/2025 9:19:00 AM,7/11/2025 9:20:00 AM,DAVWAPPB_V1-1270,Stop loss,($2007.50),$346094.50,$0.00,$0.00,$0.00,$0.00,$0.00,$2007.50,$255.50,$2263.00,2,
352,MNQ SEP26,Backtest,DA--VWAPPB_V1,Long,70,23973.25,23959.00,7/11/2025 9:39:00 AM,7/11/2025 10:08:00 AM,DAVWAPPB_V1-1271,Stop loss,($1995.00),$344099.50,$0.00,$0.00,$0.00,$0.00,$0.00,$1995.00,$5215.00,$7210.00,30,
353,MNQ SEP26,Backtest,DA--VWAPPB_V1,Short,38,24164.00,24190.25,7/15/2025 7:39:00 AM,7/15/2025 8:15:00 AM,DAVWAPPB_V1-1272,Stop loss,($1995.00),$342104.50,$0.00,$0.00,$0.00,$0.00,$0.00,$1995.00,$3382.00,$5377.00,37,
354,MNQ SEP26,Backtest,DA--VWAPPB_V1,Short,31,24004.50,24036.25,7/16/2025 7:46:00 AM,7/16/2025 9:15:00 AM,DAVWAPPB_V1-1274,Stop loss,($1968.50),$340136.00,$0.00,$0.00,$0.00,$0.00,$0.00,$1968.50,$3456.50,$5425.00,90,
355,MNQ SEP26,Backtest,DA--VWAPPB_V1,Long,61,24130.25,24261.75,7/17/2025 7:50:00 AM,7/17/2025 1:56:00 PM,DAVWAPPB_V1-1275,FlattenStrategyPositionsLong,$16043.00,$356179.00,$0.00,$0.00,$0.00,$0.00,$0.00,$1860.50,$18452.50,$2409.50,367,
356,MNQ SEP26,Backtest,DA--VWAPPB_V1,Long,49,24323.75,24346.50,7/21/2025 7:40:00 AM,7/21/2025 1:56:00 PM,DAVWAPPB_V1-1276,FlattenStrategyPositionsLong,$2229.50,$358408.50,$0.00,$0.00,$0.00,$0.00,$0.00,$637.00,$9971.50,$7742.00,377,
357,MNQ SEP26,Backtest,DA--VWAPPB_V1,Long,71,24214.50,24200.50,7/22/2025 8:42:00 AM,7/22/2025 8:50:00 AM,DAVWAPPB_V1-1277,Stop loss,($1988.00),$356420.50,$0.00,$0.00,$0.00,$0.00,$0.00,$1988.00,$2023.50,$4011.50,9,
358,MNQ SEP26,Backtest,DA--VWAPPB_V1,Short,37,24156.25,24183.00,7/23/2025 8:09:00 AM,7/23/2025 8:10:00 AM,DAVWAPPB_V1-1279,Stop loss,($1979.50),$354441.00,$0.00,$0.00,$0.00,$0.00,$0.00,$1979.50,$425.50,$2405.00,2,
359,MNQ SEP26,Backtest,DA--VWAPPB_V1,Long,117,24366.75,24358.25,7/24/2025 8:54:00 AM,7/24/2025 10:06:00 AM,DAVWAPPB_V1-1280,Stop loss,($1989.00),$352452.00,$0.00,$0.00,$0.00,$0.00,$0.00,$1989.00,$8014.50,$10003.50,73,
360,MNQ SEP26,Backtest,DA--VWAPPB_V1,Long,55,24395.25,24423.25,7/25/2025 7:54:00 AM,7/25/2025 1:56:00 PM,DAVWAPPB_V1-1281,FlattenStrategyPositionsLong,$3080.00,$355532.00,$0.00,$0.00,$0.00,$0.00,$0.00,$1347.50,$9047.50,$5967.50,363,
361,MNQ SEP26,Backtest,DA--VWAPPB_V1,Short,106,24487.75,24497.25,7/28/2025 8:58:00 AM,7/28/2025 8:59:00 AM,DAVWAPPB_V1-1282,Stop loss,($2014.00),$353518.00,$0.00,$0.00,$0.00,$0.00,$0.00,$2014.00,$159.00,$2173.00,2,
362,MNQ SEP26,Backtest,DA--VWAPPB_V1,Long,81,24636.75,24624.50,7/29/2025 7:37:00 AM,7/29/2025 7:44:00 AM,DAVWAPPB_V1-1283,Stop loss,($1984.50),$351533.50,$0.00,$0.00,$0.00,$0.00,$0.00,$1984.50,$2592.00,$4576.50,8,
363,MNQ SEP26,Backtest,DA--VWAPPB_V1,Short,40,24647.00,24671.75,7/31/2025 7:44:00 AM,7/31/2025 7:53:00 AM,DAVWAPPB_V1-1285,Stop loss,($1980.00),$349553.50,$0.00,$0.00,$0.00,$0.00,$0.00,$1980.00,$3060.00,$5040.00,10,
364,MNQ SEP26,Backtest,DA--VWAPPB_V1,Long,53,24165.00,24290.75,8/4/2025 7:43:00 AM,8/4/2025 1:56:00 PM,DAVWAPPB_V1-1286,FlattenStrategyPositionsLong,$13329.50,$362883.00,$0.00,$0.00,$0.00,$0.00,$0.00,$583.00,$14257.00,$927.50,374,
365,MNQ SEP26,Backtest,DA--VWAPPB_V1,Short,47,24308.25,24147.50,8/5/2025 8:17:00 AM,8/5/2025 1:56:00 PM,DAVWAPPB_V1-1287,FlattenStrategyPositionsShort,$15110.50,$377993.50,$0.00,$0.00,$0.00,$0.00,$0.00,$1574.50,$18259.50,$3149.00,340,
366,MNQ SEP26,Backtest,DA--VWAPPB_V1,Long,33,24249.50,24420.25,8/6/2025 8:41:00 AM,8/6/2025 1:56:00 PM,DAVWAPPB_V1-1289,FlattenStrategyPositionsLong,$11269.50,$389263.00,$0.00,$0.00,$0.00,$0.00,$0.00,$1501.50,$12919.50,$1650.00,316,
367,MNQ SEP26,Backtest,DA--VWAPPB_V1,Long,58,24580.00,24712.25,8/8/2025 7:41:00 AM,8/8/2025 1:56:00 PM,DAVWAPPB_V1-1291,FlattenStrategyPositionsLong,$15341.00,$404604.00,$0.00,$0.00,$0.00,$0.00,$0.00,$1189.00,$16820.00,$1479.00,376,
368,MNQ SEP26,Backtest,DA--VWAPPB_V1,Long,72,24745.75,24732.00,8/11/2025 8:04:00 AM,8/11/2025 8:04:00 AM,DAVWAPPB_V1-1292,Stop loss,($1980.00),$402624.00,$0.00,$0.00,$0.00,$0.00,$0.00,$1980.00,$0.00,$1980.00,1,
369,MNQ SEP26,Backtest,DA--VWAPPB_V1,Long,23,24793.25,24750.25,8/12/2025 7:39:00 AM,8/12/2025 7:45:00 AM,DAVWAPPB_V1-1293,Stop loss,($1978.00),$400646.00,$0.00,$0.00,$0.00,$0.00,$0.00,$1978.00,$724.50,$2702.50,7,
370,MNQ SEP26,Backtest,DA--VWAPPB_V1,Long,26,24746.50,24940.75,8/12/2025 8:21:00 AM,8/12/2025 1:56:00 PM,DAVWAPPB_V1-1294,FlattenStrategyPositionsLong,$10101.00,$410747.00,$0.00,$0.00,$0.00,$0.00,$0.00,$975.00,$10569.00,$468.00,336,
371,MNQ SEP26,Backtest,DA--VWAPPB_V1,Short,39,24997.25,24944.50,8/13/2025 8:03:00 AM,8/13/2025 1:56:00 PM,DAVWAPPB_V1-1295,FlattenStrategyPositionsShort,$4114.50,$414861.50,$0.00,$0.00,$0.00,$0.00,$0.00,$1384.50,$8638.50,$4524.00,354,
372,MNQ SEP26,Backtest,DA--VWAPPB_V1,Long,49,24917.50,24897.25,8/14/2025 7:40:00 AM,8/14/2025 7:42:00 AM,DAVWAPPB_V1-1296,Stop loss,($1984.50),$412877.00,$0.00,$0.00,$0.00,$0.00,$0.00,$1984.50,$294.00,$2278.50,3,
373,MNQ SEP26,Backtest,DA--VWAPPB_V1,Long,30,24924.75,24891.50,8/14/2025 7:46:00 AM,8/14/2025 9:26:00 AM,DAVWAPPB_V1-1297,Stop loss,($1995.00),$410882.00,$0.00,$0.00,$0.00,$0.00,$0.00,$1995.00,$4875.00,$6870.00,101,
374,MNQ SEP26,Backtest,DA--VWAPPB_V1,Short,28,24835.00,24870.25,8/15/2025 7:46:00 AM,8/15/2025 8:15:00 AM,DAVWAPPB_V1-1298,Stop loss,($1974.00),$408908.00,$0.00,$0.00,$0.00,$0.00,$0.00,$1974.00,$3836.00,$5810.00,30,
375,MNQ SEP26,Backtest,DA--VWAPPB_V1,Short,60,24808.25,24825.00,8/15/2025 8:52:00 AM,8/15/2025 9:19:00 AM,DAVWAPPB_V1-1299,Stop loss,($2010.00),$406898.00,$0.00,$0.00,$0.00,$0.00,$0.00,$2010.00,$2520.00,$4530.00,28,
376,MNQ SEP26,Backtest,DA--VWAPPB_V1,Long,39,24820.50,24795.00,8/18/2025 8:27:00 AM,8/18/2025 8:29:00 AM,DAVWAPPB_V1-1301,Stop loss,($1989.00),$404909.00,$0.00,$0.00,$0.00,$0.00,$0.00,$1989.00,$78.00,$2067.00,3,
377,MNQ SEP26,Backtest,DA--VWAPPB_V1,Short,30,24631.75,24444.00,8/19/2025 8:36:00 AM,8/19/2025 1:56:00 PM,DAVWAPPB_V1-1302,FlattenStrategyPositionsShort,$11265.00,$416174.00,$0.00,$0.00,$0.00,$0.00,$0.00,$855.00,$12360.00,$1095.00,321,
378,MNQ SEP26,Backtest,DA--VWAPPB_V1,Short,25,24341.00,24351.50,8/20/2025 7:45:00 AM,8/20/2025 1:56:00 PM,DAVWAPPB_V1-1303,FlattenStrategyPositionsShort,($525.00),$415649.00,$0.00,$0.00,$0.00,$0.00,$0.00,$887.50,$15262.50,$15787.50,372,
379,MNQ SEP26,Backtest,DA--VWAPPB_V1,Long,25,24539.50,24540.75,8/25/2025 8:05:00 AM,8/25/2025 1:56:00 PM,DAVWAPPB_V1-1305,FlattenStrategyPositionsLong,$62.50,$415711.50,$0.00,$0.00,$0.00,$0.00,$0.00,$1037.50,$3887.50,$3825.00,352,
380,MNQ SEP26,Backtest,DA--VWAPPB_V1,Short,31,24504.00,24536.00,8/27/2025 7:50:00 AM,8/27/2025 7:55:00 AM,DAVWAPPB_V1-1306,Stop loss,($1984.00),$413727.50,$0.00,$0.00,$0.00,$0.00,$0.00,$1984.00,$930.00,$2914.00,6,
381,MNQ SEP26,Backtest,DA--VWAPPB_V1,Short,49,24628.75,24429.75,8/29/2025 7:38:00 AM,8/29/2025 1:56:00 PM,DAVWAPPB_V1-1307,FlattenStrategyPositionsShort,$19502.00,$433229.50,$0.00,$0.00,$0.00,$0.00,$0.00,$808.50,$22221.50,$2719.50,379,
382,MNQ SEP26,Backtest,DA--VWAPPB_V1,Long,24,24160.50,24119.75,9/2/2025 7:42:00 AM,9/2/2025 9:16:00 AM,DAVWAPPB_V1-1308,Stop loss,($1956.00),$431273.50,$0.00,$0.00,$0.00,$0.00,$0.00,$1956.00,$5772.00,$7728.00,95,
383,MNQ SEP26,Backtest,DA--VWAPPB_V1,Short,38,24434.25,24460.00,9/4/2025 8:11:00 AM,9/4/2025 8:13:00 AM,DAVWAPPB_V1-1311,Stop loss,($1957.00),$429316.50,$0.00,$0.00,$0.00,$0.00,$0.00,$1957.00,$57.00,$2014.00,3,
384,MNQ SEP26,Backtest,DA--VWAPPB_V1,Long,46,24510.00,24655.75,9/4/2025 8:36:00 AM,9/4/2025 1:56:00 PM,DAVWAPPB_V1-1312,FlattenStrategyPositionsLong,$13409.00,$442725.50,$0.00,$0.00,$0.00,$0.00,$0.00,$1702.00,$14099.00,$690.00,321,
385,MNQ SEP26,Backtest,DA--VWAPPB_V1,Long,35,24843.00,24814.75,9/8/2025 7:47:00 AM,9/8/2025 7:48:00 AM,DAVWAPPB_V1-1313,Stop loss,($1977.50),$440748.00,$0.00,$0.00,$0.00,$0.00,$0.00,$1977.50,$157.50,$2135.00,2,
386,MNQ SEP26,Backtest,DA--VWAPPB_V1,Long,26,24863.75,24826.00,9/8/2025 7:55:00 AM,9/8/2025 8:19:00 AM,DAVWAPPB_V1-1314,Stop loss,($1963.00),$438785.00,$0.00,$0.00,$0.00,$0.00,$0.00,$1963.00,$689.00,$2652.00,25,
387,MNQ SEP26,Backtest,DA--VWAPPB_V1,Long,67,24864.25,24849.50,9/8/2025 8:37:00 AM,9/8/2025 9:20:00 AM,DAVWAPPB_V1-1316,Stop loss,($1976.50),$436808.50,$0.00,$0.00,$0.00,$0.00,$0.00,$1976.50,$3249.50,$5226.00,44,
388,MNQ SEP26,Backtest,DA--VWAPPB_V1,Short,41,24926.50,24950.75,9/10/2025 7:42:00 AM,9/10/2025 7:44:00 AM,DAVWAPPB_V1-1317,Stop loss,($1988.50),$434820.00,$0.00,$0.00,$0.00,$0.00,$0.00,$1988.50,$656.00,$2644.50,3,
389,MNQ SEP26,Backtest,DA--VWAPPB_V1,Long,69,24970.25,24955.75,9/10/2025 8:07:00 AM,9/10/2025 8:09:00 AM,DAVWAPPB_V1-1319,Stop loss,($2001.00),$432819.00,$0.00,$0.00,$0.00,$0.00,$0.00,$2001.00,$828.00,$2829.00,3,
390,MNQ SEP26,Backtest,DA--VWAPPB_V1,Long,36,25003.25,24975.50,9/11/2025 8:09:00 AM,9/11/2025 8:11:00 AM,DAVWAPPB_V1-1322,Stop loss,($1998.00),$430821.00,$0.00,$0.00,$0.00,$0.00,$0.00,$1998.00,$36.00,$2034.00,3,
391,MNQ SEP26,Backtest,DA--VWAPPB_V1,Short,47,25018.00,25039.00,9/12/2025 7:38:00 AM,9/12/2025 7:47:00 AM,DAVWAPPB_V1-1323,Stop loss,($1974.00),$428847.00,$0.00,$0.00,$0.00,$0.00,$0.00,$1974.00,$1457.00,$3431.00,10,
392,MNQ SEP26,Backtest,DA--VWAPPB_V1,Long,53,25229.75,25211.25,9/15/2025 7:42:00 AM,9/15/2025 7:45:00 AM,DAVWAPPB_V1-1324,Stop loss,($1961.00),$426886.00,$0.00,$0.00,$0.00,$0.00,$0.00,$1961.00,$424.00,$2385.00,4,
393,MNQ SEP26,Backtest,DA--VWAPPB_V1,Short,54,25319.50,25304.00,9/16/2025 7:41:00 AM,9/16/2025 1:56:00 PM,DAVWAPPB_V1-1325,FlattenStrategyPositionsShort,$1674.00,$428560.00,$0.00,$0.00,$0.00,$0.00,$0.00,$1836.00,$6183.00,$4509.00,376,
394,MNQ SEP26,Backtest,DA--VWAPPB_V1,Long,35,25481.50,25485.75,9/18/2025 8:05:00 AM,9/18/2025 1:56:00 PM,DAVWAPPB_V1-1326,FlattenStrategyPositionsLong,$297.50,$428857.50,$0.00,$0.00,$0.00,$0.00,$0.00,$1505.00,$6825.00,$6527.50,352,
395,MNQ SEP26,Backtest,DA--VWAPPB_V1,Short,56,25521.00,25538.75,9/19/2025 8:43:00 AM,9/19/2025 8:53:00 AM,DAVWAPPB_V1-1327,Stop loss,($1988.00),$426869.50,$0.00,$0.00,$0.00,$0.00,$0.00,$1988.00,$2492.00,$4480.00,11,
396,MNQ SEP26,Backtest,DA--VWAPPB_V1,Long,72,25629.00,25762.75,9/22/2025 7:52:00 AM,9/22/2025 1:56:00 PM,DAVWAPPB_V1-1328,FlattenStrategyPositionsLong,$19260.00,$446129.50,$0.00,$0.00,$0.00,$0.00,$0.00,$1584.00,$23256.00,$3996.00,365,
397,MNQ SEP26,Backtest,DA--VWAPPB_V1,Short,48,25602.50,25499.50,9/24/2025 7:38:00 AM,9/24/2025 1:56:00 PM,DAVWAPPB_V1-1330,FlattenStrategyPositionsShort,$9888.00,$456017.50,$0.00,$0.00,$0.00,$0.00,$0.00,$1152.00,$20280.00,$10392.00,379,
398,MNQ SEP26,Backtest,DA--VWAPPB_V1,Short,27,25507.50,25543.25,9/30/2025 7:40:00 AM,9/30/2025 7:45:00 AM,DAVWAPPB_V1-1332,Stop loss,($1930.50),$454087.00,$0.00,$0.00,$0.00,$0.00,$0.00,$1930.50,$162.00,$2092.50,6,
399,MNQ SEP26,Backtest,DA--VWAPPB_V1,Long,28,25599.75,25564.25,10/1/2025 7:37:00 AM,10/1/2025 7:47:00 AM,DAVWAPPB_V1-1333,Stop loss,($1988.00),$452099.00,$0.00,$0.00,$0.00,$0.00,$0.00,$1988.00,$280.00,$2268.00,11,
400,MNQ SEP26,Backtest,DA--VWAPPB_V1,Short,43,25512.00,25535.25,10/1/2025 7:54:00 AM,10/1/2025 7:54:00 AM,DAVWAPPB_V1-1334,Stop loss,($1999.50),$450099.50,$0.00,$0.00,$0.00,$0.00,$0.00,$1999.50,$0.00,$1999.50,1,
401,MNQ SEP26,Backtest,DA--VWAPPB_V1,Short,43,25816.00,25839.25,10/2/2025 7:49:00 AM,10/2/2025 8:06:00 AM,DAVWAPPB_V1-1335,Stop loss,($1999.50),$448100.00,$0.00,$0.00,$0.00,$0.00,$0.00,$1999.50,$3311.00,$5310.50,18,
402,MNQ SEP26,Backtest,DA--VWAPPB_V1,Short,47,25892.25,25913.25,10/6/2025 8:36:00 AM,10/6/2025 8:49:00 AM,DAVWAPPB_V1-1336,Stop loss,($1974.00),$446126.00,$0.00,$0.00,$0.00,$0.00,$0.00,$1974.00,$1762.50,$3736.50,14,
403,MNQ SEP26,Backtest,DA--VWAPPB_V1,Long,82,25891.25,25879.25,10/8/2025 7:40:00 AM,10/8/2025 7:45:00 AM,DAVWAPPB_V1-1338,Stop loss,($1968.00),$444158.00,$0.00,$0.00,$0.00,$0.00,$0.00,$1968.00,$4059.00,$6027.00,6,
404,MNQ SEP26,Backtest,DA--VWAPPB_V1,Long,44,25923.75,26094.00,10/8/2025 7:50:00 AM,10/8/2025 1:56:00 PM,DAVWAPPB_V1-1339,FlattenStrategyPositionsLong,$14982.00,$459140.00,$0.00,$0.00,$0.00,$0.00,$0.00,$1562.00,$15180.00,$198.00,367,
405,MNQ SEP26,Backtest,DA--VWAPPB_V1,Short,22,25499.75,25544.25,10/13/2025 7:42:00 AM,10/13/2025 7:43:00 AM,DAVWAPPB_V1-1342,Stop loss,($1958.00),$457182.00,$0.00,$0.00,$0.00,$0.00,$0.00,$1958.00,$253.00,$2211.00,2,
406,MNQ SEP26,Backtest,DA--VWAPPB_V1,Long,24,25631.00,25591.00,10/13/2025 7:58:00 AM,10/13/2025 8:22:00 AM,DAVWAPPB_V1-1343,Stop loss,($1920.00),$455262.00,$0.00,$0.00,$0.00,$0.00,$0.00,$1920.00,$2208.00,$4128.00,25,
407,MNQ SEP26,Backtest,DA--VWAPPB_V1,Short,27,25529.00,25565.25,10/13/2025 8:56:00 AM,10/13/2025 9:11:00 AM,DAVWAPPB_V1-1345,Stop loss,($1957.50),$453304.50,$0.00,$0.00,$0.00,$0.00,$0.00,$1957.50,$1201.50,$3159.00,16,
408,MNQ SEP26,Backtest,DA--VWAPPB_V1,Long,49,25626.00,25704.25,10/13/2025 9:20:00 AM,10/13/2025 1:56:00 PM,DAVWAPPB_V1-1346,FlattenStrategyPositionsLong,$7668.50,$460973.00,$0.00,$0.00,$0.00,$0.00,$0.00,$1053.50,$10020.50,$2352.00,277,
409,MNQ SEP26,Backtest,DA--VWAPPB_V1,Short,23,25256.75,25300.00,10/14/2025 7:42:00 AM,10/14/2025 7:54:00 AM,DAVWAPPB_V1-1347,Stop loss,($1989.50),$458983.50,$0.00,$0.00,$0.00,$0.00,$0.00,$1989.50,$3231.50,$5221.00,13,
410,MNQ SEP26,Backtest,DA--VWAPPB_V1,Long,17,25351.75,25512.00,10/14/2025 8:02:00 AM,10/14/2025 1:56:00 PM,DAVWAPPB_V1-1348,FlattenStrategyPositionsLong,$5448.50,$464432.00,$0.00,$0.00,$0.00,$0.00,$0.00,$1156.00,$12197.50,$6749.00,355,
411,MNQ SEP26,Backtest,DA--VWAPPB_V1,Long,44,25773.25,25750.75,10/15/2025 7:59:00 AM,10/15/2025 9:36:00 AM,DAVWAPPB_V1-1349,Stop loss,($1980.00),$462452.00,$0.00,$0.00,$0.00,$0.00,$0.00,$1980.00,$9482.00,$11462.00,98,
412,MNQ SEP26,Backtest,DA--VWAPPB_V1,Long,16,25613.50,25551.75,10/17/2025 7:56:00 AM,10/17/2025 8:01:00 AM,DAVWAPPB_V1-1351,Stop loss,($1976.00),$460476.00,$0.00,$0.00,$0.00,$0.00,$0.00,$1976.00,$1272.00,$3248.00,6,
413,MNQ SEP26,Backtest,DA--VWAPPB_V1,Long,32,25995.50,26091.25,10/20/2025 7:52:00 AM,10/20/2025 1:56:00 PM,DAVWAPPB_V1-1352,FlattenStrategyPositionsLong,$6128.00,$466604.00,$0.00,$0.00,$0.00,$0.00,$0.00,$1936.00,$7856.00,$1728.00,365,
414,MNQ SEP26,Backtest,DA--VWAPPB_V1,Short,25,25991.00,26030.75,10/21/2025 7:49:00 AM,10/21/2025 7:51:00 AM,DAVWAPPB_V1-1353,Stop loss,($1987.50),$464616.50,$0.00,$0.00,$0.00,$0.00,$0.00,$1987.50,$425.00,$2412.50,3,
415,MNQ SEP26,Backtest,DA--VWAPPB_V1,Short,41,25977.25,26001.00,10/21/2025 8:33:00 AM,10/21/2025 8:36:00 AM,DAVWAPPB_V1-1355,Stop loss,($1947.50),$462669.00,$0.00,$0.00,$0.00,$0.00,$0.00,$1947.50,$902.00,$2849.50,4,
416,MNQ SEP26,Backtest,DA--VWAPPB_V1,Short,33,25955.25,25791.75,10/22/2025 8:26:00 AM,10/22/2025 1:56:00 PM,DAVWAPPB_V1-1357,FlattenStrategyPositionsShort,$10791.00,$473460.00,$0.00,$0.00,$0.00,$0.00,$0.00,$1023.00,$25525.50,$14734.50,331,
417,MNQ SEP26,Backtest,DA--VWAPPB_V1,Long,33,25826.25,26019.50,10/23/2025 7:39:00 AM,10/23/2025 1:56:00 PM,DAVWAPPB_V1-1358,FlattenStrategyPositionsLong,$12754.50,$486214.50,$0.00,$0.00,$0.00,$0.00,$0.00,$429.00,$14866.50,$2112.00,378,
418,MNQ SEP26,Backtest,DA--VWAPPB_V1,Long,72,26281.75,26268.00,10/24/2025 9:20:00 AM,10/24/2025 9:56:00 AM,DAVWAPPB_V1-1360,Stop loss,($1980.00),$484234.50,$0.00,$0.00,$0.00,$0.00,$0.00,$1980.00,$4104.00,$6084.00,37,
419,MNQ SEP26,Backtest,DA--VWAPPB_V1,Short,54,26794.25,26812.50,10/28/2025 7:56:00 AM,10/28/2025 7:56:00 AM,DAVWAPPB_V1-1361,Stop loss,($1971.00),$482263.50,$0.00,$0.00,$0.00,$0.00,$0.00,$1971.00,$0.00,$1971.00,1,
420,MNQ SEP26,Backtest,DA--VWAPPB_V1,Short,31,26734.25,26766.50,10/30/2025 7:46:00 AM,10/30/2025 7:47:00 AM,DAVWAPPB_V1-1363,Stop loss,($1999.50),$480264.00,$0.00,$0.00,$0.00,$0.00,$0.00,$1999.50,$449.50,$2449.00,2,
421,MNQ SEP26,Backtest,DA--VWAPPB_V1,Short,34,26871.75,26900.50,10/31/2025 7:50:00 AM,10/31/2025 8:37:00 AM,DAVWAPPB_V1-1366,Stop loss,($1955.00),$478309.00,$0.00,$0.00,$0.00,$0.00,$0.00,$1955.00,$3502.00,$5457.00,48,
422,MNQ SEP26,Backtest,DA--VWAPPB_V1,Short,38,26924.25,26855.50,11/3/2025 7:48:00 AM,11/3/2025 1:56:00 PM,DAVWAPPB_V1-1367,FlattenStrategyPositionsShort,$5225.00,$483534.00,$0.00,$0.00,$0.00,$0.00,$0.00,$1634.00,$11267.00,$6042.00,369,
423,MNQ SEP26,Backtest,DA--VWAPPB_V1,Long,20,26543.50,26494.25,11/4/2025 7:51:00 AM,11/4/2025 9:52:00 AM,DAVWAPPB_V1-1368,Stop loss,($1970.00),$481564.00,$0.00,$0.00,$0.00,$0.00,$0.00,$1970.00,$4540.00,$6510.00,122,
424,MNQ SEP26,Backtest,DA--VWAPPB_V1,Long,54,26381.00,26362.75,11/10/2025 7:42:00 AM,11/10/2025 7:51:00 AM,DAVWAPPB_V1-1369,Stop loss,($1971.00),$479593.00,$0.00,$0.00,$0.00,$0.00,$0.00,$1971.00,$3213.00,$5184.00,10,
425,MNQ SEP26,Backtest,DA--VWAPPB_V1,Short,49,26331.75,26352.00,11/11/2025 7:55:00 AM,11/11/2025 7:57:00 AM,DAVWAPPB_V1-1370,Stop loss,($1984.50),$477608.50,$0.00,$0.00,$0.00,$0.00,$0.00,$1984.50,$661.50,$2646.00,3,
426,MNQ SEP26,Backtest,DA--VWAPPB_V1,Short,27,26435.25,26381.75,11/12/2025 7:38:00 AM,11/12/2025 1:56:00 PM,DAVWAPPB_V1-1371,FlattenStrategyPositionsShort,$2889.00,$480497.50,$0.00,$0.00,$0.00,$0.00,$0.00,$1242.00,$9895.50,$7006.50,379,
427,MNQ SEP26,Backtest,DA--VWAPPB_V1,Short,28,26122.00,26157.00,11/13/2025 7:41:00 AM,11/13/2025 7:57:00 AM,DAVWAPPB_V1-1372,Stop loss,($1960.00),$478537.50,$0.00,$0.00,$0.00,$0.00,$0.00,$1960.00,$4368.00,$6328.00,17,
428,MNQ SEP26,Backtest,DA--VWAPPB_V1,Short,29,26120.50,25804.25,11/13/2025 8:34:00 AM,11/13/2025 1:56:00 PM,DAVWAPPB_V1-1373,FlattenStrategyPositionsShort,$18342.50,$496880.00,$0.00,$0.00,$0.00,$0.00,$0.00,$928.00,$20604.50,$2262.00,323,
429,MNQ SEP26,Backtest,DA--VWAPPB_V1,Long,14,25600.75,25849.00,11/14/2025 7:45:00 AM,11/14/2025 1:56:00 PM,DAVWAPPB_V1-1374,FlattenStrategyPositionsLong,$6951.00,$503831.00,$0.00,$0.00,$0.00,$0.00,$0.00,$518.00,$12768.00,$5817.00,372,
430,MNQ SEP26,Backtest,DA--VWAPPB_V1,Long,18,25956.00,25900.50,11/17/2025 7:47:00 AM,11/17/2025 8:04:00 AM,DAVWAPPB_V1-1375,Stop loss,($1998.00),$501833.00,$0.00,$0.00,$0.00,$0.00,$0.00,$1998.00,$2232.00,$4230.00,18,
431,MNQ SEP26,Backtest,DA--VWAPPB_V1,Short,12,25378.50,25457.00,11/18/2025 7:52:00 AM,11/18/2025 9:39:00 AM,DAVWAPPB_V1-1378,Stop loss,($1884.00),$499949.00,$0.00,$0.00,$0.00,$0.00,$0.00,$1884.00,$5646.00,$7530.00,108,
432,MNQ SEP26,Backtest,DA--VWAPPB_V1,Short,25,25949.75,25989.50,11/20/2025 8:15:00 AM,11/20/2025 8:19:00 AM,DAVWAPPB_V1-1379,Stop loss,($1987.50),$497961.50,$0.00,$0.00,$0.00,$0.00,$0.00,$1987.50,$1525.00,$3512.50,5,
433,MNQ SEP26,Backtest,DA--VWAPPB_V1,Short,22,25931.50,24901.75,11/20/2025 9:00:00 AM,11/20/2025 1:56:00 PM,DAVWAPPB_V1-1380,FlattenStrategyPositionsShort,$45309.00,$543270.50,$0.00,$0.00,$0.00,$0.00,$0.00,$451.00,$47025.00,$1716.00,297,
434,MNQ SEP26,Backtest,DA--VWAPPB_V1,Long,15,24956.00,25090.00,11/21/2025 9:35:00 AM,11/21/2025 1:56:00 PM,DAVWAPPB_V1-1381,FlattenStrategyPositionsLong,$4020.00,$547290.50,$0.00,$0.00,$0.00,$0.00,$0.00,$1005.00,$12112.50,$8092.50,262,
435,MNQ SEP26,Backtest,DA--VWAPPB_V1,Long,36,26004.50,25977.50,11/26/2025 8:40:00 AM,11/26/2025 8:43:00 AM,DAVWAPPB_V1-1383,Stop loss,($1944.00),$545346.50,$0.00,$0.00,$0.00,$0.00,$0.00,$1944.00,$738.00,$2682.00,4,
436,MNQ SEP26,Backtest,DA--VWAPPB_V1,Long,64,26161.50,26146.00,11/28/2025 7:38:00 AM,11/28/2025 7:40:00 AM,DAVWAPPB_V1-1384,Stop loss,($1984.00),$543362.50,$0.00,$0.00,$0.00,$0.00,$0.00,$1984.00,$2976.00,$4960.00,3,
437,MNQ SEP26,Backtest,DA--VWAPPB_V1,Long,26,26094.75,26056.50,12/1/2025 7:54:00 AM,12/1/2025 8:35:00 AM,DAVWAPPB_V1-1385,Stop loss,($1989.00),$541373.50,$0.00,$0.00,$0.00,$0.00,$0.00,$1989.00,$3029.00,$5018.00,42,
438,MNQ SEP26,Backtest,DA--VWAPPB_V1,Long,39,26362.00,26336.75,12/2/2025 7:46:00 AM,12/2/2025 7:47:00 AM,DAVWAPPB_V1-1386,Stop loss,($1969.50),$539404.00,$0.00,$0.00,$0.00,$0.00,$0.00,$1969.50,$370.50,$2340.00,2,
439,MNQ SEP26,Backtest,DA--VWAPPB_V1,Long,56,26389.50,26371.75,12/2/2025 8:47:00 AM,12/2/2025 9:07:00 AM,DAVWAPPB_V1-1389,Stop loss,($1988.00),$537416.00,$0.00,$0.00,$0.00,$0.00,$0.00,$1988.00,$4900.00,$6888.00,21,
440,MNQ SEP26,Backtest,DA--VWAPPB_V1,Short,31,26351.50,26383.75,12/4/2025 7:47:00 AM,12/4/2025 8:38:00 AM,DAVWAPPB_V1-1390,Stop loss,($1999.50),$535416.50,$0.00,$0.00,$0.00,$0.00,$0.00,$1999.50,$4231.50,$6231.00,52,
441,MNQ SEP26,Backtest,DA--VWAPPB_V1,Long,34,26389.00,26360.00,12/4/2025 8:40:00 AM,12/4/2025 8:48:00 AM,DAVWAPPB_V1-1391,Stop loss,($1972.00),$533444.50,$0.00,$0.00,$0.00,$0.00,$0.00,$1972.00,$901.00,$2873.00,9,
442,MNQ SEP26,Backtest,DA--VWAPPB_V1,Short,64,26332.75,26348.25,12/4/2025 9:01:00 AM,12/4/2025 9:22:00 AM,DAVWAPPB_V1-1392,Stop loss,($1984.00),$531460.50,$0.00,$0.00,$0.00,$0.00,$0.00,$1984.00,$8224.00,$10208.00,22,
443,MNQ SEP26,Backtest,DA--VWAPPB_V1,Short,29,26517.25,26376.00,12/8/2025 7:53:00 AM,12/8/2025 1:56:00 PM,DAVWAPPB_V1-1393,FlattenStrategyPositionsShort,$8192.50,$539653.00,$0.00,$0.00,$0.00,$0.00,$0.00,$1421.00,$11034.50,$2842.00,364,
444,MNQ SEP26,Backtest,DA--VWAPPB_V1,Short,41,26349.00,26373.25,12/10/2025 8:46:00 AM,12/10/2025 8:49:00 AM,DAVWAPPB_V1-1394,Stop loss,($1988.50),$537664.50,$0.00,$0.00,$0.00,$0.00,$0.00,$1988.50,$615.00,$2603.50,4,
445,MNQ SEP26,Backtest,DA--VWAPPB_V1,Long,41,26330.75,26306.75,12/11/2025 8:18:00 AM,12/11/2025 8:41:00 AM,DAVWAPPB_V1-1395,Stop loss,($1968.00),$535696.50,$0.00,$0.00,$0.00,$0.00,$0.00,$1968.00,$5063.50,$7031.50,24,
446,MNQ SEP26,Backtest,DA--VWAPPB_V1,Short,30,26267.75,26301.00,12/12/2025 7:51:00 AM,12/12/2025 7:52:00 AM,DAVWAPPB_V1-1396,Stop loss,($1995.00),$533701.50,$0.00,$0.00,$0.00,$0.00,$0.00,$1995.00,$180.00,$2175.00,2,
447,MNQ SEP26,Backtest,DA--VWAPPB_V1,Short,20,26060.50,25849.00,12/15/2025 7:44:00 AM,12/15/2025 1:56:00 PM,DAVWAPPB_V1-1397,FlattenStrategyPositionsShort,$8460.00,$542161.50,$0.00,$0.00,$0.00,$0.00,$0.00,$710.00,$10560.00,$2100.00,373,
448,MNQ SEP26,Backtest,DA--VWAPPB_V1,Long,21,25866.25,25819.00,12/16/2025 7:56:00 AM,12/16/2025 8:11:00 AM,DAVWAPPB_V1-1398,Stop loss,($1984.50),$540177.00,$0.00,$0.00,$0.00,$0.00,$0.00,$1984.50,$2194.50,$4179.00,16,
449,MNQ SEP26,Backtest,DA--VWAPPB_V1,Short,25,25785.75,25825.75,12/16/2025 8:20:00 AM,12/16/2025 8:55:00 AM,DAVWAPPB_V1-1399,Stop loss,($2000.00),$538177.00,$0.00,$0.00,$0.00,$0.00,$0.00,$2000.00,$4987.50,$6987.50,36,
450,MNQ SEP26,Backtest,DA--VWAPPB_V1,Long,19,25847.75,25795.50,12/16/2025 9:01:00 AM,12/16/2025 9:09:00 AM,DAVWAPPB_V1-1400,Stop loss,($1985.50),$536191.50,$0.00,$0.00,$0.00,$0.00,$0.00,$1985.50,$237.50,$2223.00,9,
451,MNQ SEP26,Backtest,DA--VWAPPB_V1,Short,24,25742.25,25782.75,12/16/2025 9:21:00 AM,12/16/2025 9:36:00 AM,DAVWAPPB_V1-1401,Stop loss,($1944.00),$534247.50,$0.00,$0.00,$0.00,$0.00,$0.00,$1944.00,$936.00,$2880.00,16,
452,MNQ SEP26,Backtest,DA--VWAPPB_V1,Short,18,25690.75,25745.50,12/18/2025 7:43:00 AM,12/18/2025 7:48:00 AM,DAVWAPPB_V1-1402,Stop loss,($1971.00),$532276.50,$0.00,$0.00,$0.00,$0.00,$0.00,$1971.00,$27.00,$1998.00,6,
453,MNQ SEP26,Backtest,DA--VWAPPB_V1,Short,33,25691.00,25720.50,12/18/2025 8:22:00 AM,12/18/2025 8:22:00 AM,DAVWAPPB_V1-1405,Stop loss,($1947.00),$530329.50,$0.00,$0.00,$0.00,$0.00,$0.00,$1947.00,$0.00,$1947.00,1,
454,MNQ SEP26,Backtest,DA--VWAPPB_V1,Long,49,26044.25,26024.00,12/19/2025 9:11:00 AM,12/19/2025 9:48:00 AM,DAVWAPPB_V1-1407,Stop loss,($1984.50),$528345.00,$0.00,$0.00,$0.00,$0.00,$0.00,$1984.50,$3013.50,$4998.00,38,
455,MNQ SEP26,Backtest,DA--VWAPPB_V1,Short,30,26189.75,26222.25,12/22/2025 7:44:00 AM,12/22/2025 7:48:00 AM,DAVWAPPB_V1-1409,Stop loss,($1950.00),$526395.00,$0.00,$0.00,$0.00,$0.00,$0.00,$1950.00,$45.00,$1995.00,5,
456,MNQ SEP26,Backtest,DA--VWAPPB_V1,Short,49,26189.75,26210.00,12/22/2025 8:14:00 AM,12/22/2025 8:18:00 AM,DAVWAPPB_V1-1410,Stop loss,($1984.50),$524410.50,$0.00,$0.00,$0.00,$0.00,$0.00,$1984.50,$465.50,$2450.00,5,
457,MNQ SEP26,Backtest,DA--VWAPPB_V1,Long,90,26224.75,26213.75,12/22/2025 9:21:00 AM,12/22/2025 9:32:00 AM,DAVWAPPB_V1-1411,Stop loss,($1980.00),$522430.50,$0.00,$0.00,$0.00,$0.00,$0.00,$1980.00,$1485.00,$3465.00,12,
458,MNQ SEP26,Backtest,DA--VWAPPB_V1,Long,36,26242.50,26215.25,12/23/2025 7:47:00 AM,12/23/2025 7:55:00 AM,DAVWAPPB_V1-1412,Stop loss,($1962.00),$520468.50,$0.00,$0.00,$0.00,$0.00,$0.00,$1962.00,$1350.00,$3312.00,9,
459,MNQ SEP26,Backtest,DA--VWAPPB_V1,Long,100,26223.25,26318.25,12/23/2025 8:49:00 AM,12/23/2025 1:56:00 PM,DAVWAPPB_V1-1414,FlattenStrategyPositionsLong,$19000.00,$539468.50,$0.00,$0.00,$0.00,$0.00,$0.00,$1400.00,$20100.00,$1100.00,308,
460,MNQ SEP26,Backtest,DA--VWAPPB_V1,Short,49,26383.00,26403.25,12/26/2025 8:01:00 AM,12/26/2025 8:32:00 AM,DAVWAPPB_V1-1415,Stop loss,($1984.50),$537484.00,$0.00,$0.00,$0.00,$0.00,$0.00,$1984.50,$3797.50,$5782.00,32,
461,MNQ SEP26,Backtest,DA--VWAPPB_V1,Long,31,26315.25,26283.75,12/29/2025 7:44:00 AM,12/29/2025 7:46:00 AM,DAVWAPPB_V1-1417,Stop loss,($1953.00),$535531.00,$0.00,$0.00,$0.00,$0.00,$0.00,$1953.00,$31.00,$1984.00,3,
462,MNQ SEP26,Backtest,DA--VWAPPB_V1,Long,47,26260.00,26238.75,12/29/2025 8:31:00 AM,12/29/2025 8:48:00 AM,DAVWAPPB_V1-1418,Stop loss,($1997.50),$533533.50,$0.00,$0.00,$0.00,$0.00,$0.00,$1997.50,$2185.50,$4183.00,18,
463,MNQ SEP26,Backtest,DA--VWAPPB_V1,Long,55,26256.50,26238.50,12/30/2025 7:56:00 AM,12/30/2025 8:06:00 AM,DAVWAPPB_V1-1419,Stop loss,($1980.00),$531553.50,$0.00,$0.00,$0.00,$0.00,$0.00,$1980.00,$3107.50,$5087.50,11,
464,MNQ SEP26,Backtest,DA--VWAPPB_V1,Short,55,26205.00,26223.25,12/30/2025 8:19:00 AM,12/30/2025 8:24:00 AM,DAVWAPPB_V1-1420,Stop loss,($2007.50),$529546.00,$0.00,$0.00,$0.00,$0.00,$0.00,$2007.50,$907.50,$2915.00,6,
465,MNQ SEP26,Backtest,DA--VWAPPB_V1,Long,66,26249.00,26234.00,12/30/2025 8:57:00 AM,12/30/2025 9:54:00 AM,DAVWAPPB_V1-1421,Stop loss,($1980.00),$527566.00,$0.00,$0.00,$0.00,$0.00,$0.00,$1980.00,$7260.00,$9240.00,58,
466,MNQ SEP26,Backtest,DA--VWAPPB_V1,Long,29,26266.50,26232.75,1/2/2026 7:57:00 AM,1/2/2026 8:07:00 AM,DAVWAPPB_V1-1423,Stop loss,($1957.50),$525608.50,$0.00,$0.00,$0.00,$0.00,$0.00,$1957.50,$1363.00,$3320.50,11,
467,MNQ SEP26,Backtest,DA--VWAPPB_V1,Long,29,26222.75,26188.50,1/6/2026 7:51:00 AM,1/6/2026 8:56:00 AM,DAVWAPPB_V1-1425,Stop loss,($1986.50),$523622.00,$0.00,$0.00,$0.00,$0.00,$0.00,$1986.50,$3828.00,$5814.50,66,
468,MNQ SEP26,Backtest,DA--VWAPPB_V1,Short,34,26182.75,26211.50,1/6/2026 9:01:00 AM,1/6/2026 9:25:00 AM,DAVWAPPB_V1-1426,Stop loss,($1955.00),$521667.00,$0.00,$0.00,$0.00,$0.00,$0.00,$1955.00,$2295.00,$4250.00,25,
469,MNQ SEP26,Backtest,DA--VWAPPB_V1,Long,39,26368.25,26343.00,1/7/2026 7:47:00 AM,1/7/2026 8:01:00 AM,DAVWAPPB_V1-1427,Stop loss,($1969.50),$519697.50,$0.00,$0.00,$0.00,$0.00,$0.00,$1969.50,$1696.50,$3666.00,15,
470,MNQ SEP26,Backtest,DA--VWAPPB_V1,Short,32,26209.75,26201.25,1/8/2026 7:39:00 AM,1/8/2026 1:56:00 PM,DAVWAPPB_V1-1428,FlattenStrategyPositionsShort,$544.00,$520241.50,$0.00,$0.00,$0.00,$0.00,$0.00,$992.00,$8336.00,$7792.00,378,
471,MNQ SEP26,Backtest,DA--VWAPPB_V1,Long,31,26380.25,26348.75,1/12/2026 7:38:00 AM,1/12/2026 7:46:00 AM,DAVWAPPB_V1-1429,Stop loss,($1953.00),$518288.50,$0.00,$0.00,$0.00,$0.00,$0.00,$1953.00,$1379.50,$3332.50,9,
472,MNQ SEP26,Backtest,DA--VWAPPB_V1,Short,14,26162.25,26111.50,1/14/2026 7:44:00 AM,1/14/2026 1:56:00 PM,DAVWAPPB_V1-1430,FlattenStrategyPositionsShort,$1421.00,$519709.50,$0.00,$0.00,$0.00,$0.00,$0.00,$1197.00,$6468.00,$5047.00,373,
473,MNQ SEP26,Backtest,DA--VWAPPB_V1,Short,32,26382.25,26413.00,1/15/2026 7:39:00 AM,1/15/2026 7:41:00 AM,DAVWAPPB_V1-1431,Stop loss,($1968.00),$517741.50,$0.00,$0.00,$0.00,$0.00,$0.00,$1968.00,$1232.00,$3200.00,3,
474,MNQ SEP26,Backtest,DA--VWAPPB_V1,Short,50,26317.25,26222.75,1/16/2026 7:54:00 AM,1/16/2026 1:56:00 PM,DAVWAPPB_V1-1433,FlattenStrategyPositionsShort,$9450.00,$527191.50,$0.00,$0.00,$0.00,$0.00,$0.00,$550.00,$21700.00,$12250.00,363,
475,MNQ SEP26,Backtest,DA--VWAPPB_V1,Short,51,25758.00,25777.50,1/19/2026 7:41:00 AM,1/19/2026 7:51:00 AM,DAVWAPPB_V1-1434,Stop loss,($1989.00),$525202.50,$0.00,$0.00,$0.00,$0.00,$0.00,$1989.00,$1198.50,$3187.50,11,
476,MNQ SEP26,Backtest,DA--VWAPPB_V1,Long,35,25869.75,25841.50,1/20/2026 8:30:00 AM,1/20/2026 8:52:00 AM,DAVWAPPB_V1-1435,Stop loss,($1977.50),$523225.00,$0.00,$0.00,$0.00,$0.00,$0.00,$1977.50,$4060.00,$6037.50,23,
477,MNQ SEP26,Backtest,DA--VWAPPB_V1,Short,17,26091.00,26147.75,1/22/2026 7:58:00 AM,1/22/2026 8:43:00 AM,DAVWAPPB_V1-1437,Stop loss,($1929.50),$521295.50,$0.00,$0.00,$0.00,$0.00,$0.00,$1929.50,$1572.50,$3502.00,46,
478,MNQ SEP26,Backtest,DA--VWAPPB_V1,Long,35,26307.00,26369.25,1/26/2026 7:42:00 AM,1/26/2026 1:56:00 PM,DAVWAPPB_V1-1438,FlattenStrategyPositionsLong,$4357.50,$525653.00,$0.00,$0.00,$0.00,$0.00,$0.00,$1225.00,$9502.50,$5145.00,375,
479,MNQ SEP26,Backtest,DA--VWAPPB_V1,Long,42,26519.25,26587.75,1/27/2026 7:54:00 AM,1/27/2026 1:56:00 PM,DAVWAPPB_V1-1439,FlattenStrategyPositionsLong,$5754.00,$531407.00,$0.00,$0.00,$0.00,$0.00,$0.00,$357.00,$8841.00,$3087.00,363,
480,MNQ SEP26,Backtest,DA--VWAPPB_V1,Short,31,26530.75,26494.50,1/29/2026 7:42:00 AM,1/29/2026 1:56:00 PM,DAVWAPPB_V1-1440,FlattenStrategyPositionsShort,$2247.50,$533654.50,$0.00,$0.00,$0.00,$0.00,$0.00,$511.50,$30054.50,$27807.00,375,
481,MNQ SEP26,Backtest,DA--VWAPPB_V1,Long,31,26416.00,26384.00,1/30/2026 8:47:00 AM,1/30/2026 8:54:00 AM,DAVWAPPB_V1-1441,Stop loss,($1984.00),$531670.50,$0.00,$0.00,$0.00,$0.00,$0.00,$1984.00,$1751.50,$3735.50,8,
482,MNQ SEP26,Backtest,DA--VWAPPB_V1,Short,37,26341.75,26368.75,1/30/2026 9:03:00 AM,1/30/2026 9:07:00 AM,DAVWAPPB_V1-1442,Stop loss,($1998.00),$529672.50,$0.00,$0.00,$0.00,$0.00,$0.00,$1998.00,$703.00,$2701.00,5,
483,MNQ SEP26,Backtest,DA--VWAPPB_V1,Long,28,26220.25,26357.75,2/2/2026 7:42:00 AM,2/2/2026 1:56:00 PM,DAVWAPPB_V1-1443,FlattenStrategyPositionsLong,$7700.00,$537372.50,$0.00,$0.00,$0.00,$0.00,$0.00,$1260.00,$13370.00,$5670.00,375,
484,MNQ SEP26,Backtest,DA--VWAPPB_V1,Short,16,26348.50,25933.50,2/3/2026 7:38:00 AM,2/3/2026 1:56:00 PM,DAVWAPPB_V1-1444,FlattenStrategyPositionsShort,$13280.00,$550652.50,$0.00,$0.00,$0.00,$0.00,$0.00,$968.00,$19856.00,$6576.00,379,
485,MNQ SEP26,Backtest,DA--VWAPPB_V1,Long,9,25440.25,25337.00,2/5/2026 7:45:00 AM,2/5/2026 7:56:00 AM,DAVWAPPB_V1-1445,Stop loss,($1858.50),$548794.00,$0.00,$0.00,$0.00,$0.00,$0.00,$1858.50,$558.00,$2416.50,12,
486,MNQ SEP26,Backtest,DA--VWAPPB_V1,Long,14,25689.50,25621.75,2/9/2026 7:50:00 AM,2/9/2026 7:52:00 AM,DAVWAPPB_V1-1446,Stop loss,($1897.00),$546897.00,$0.00,$0.00,$0.00,$0.00,$0.00,$1897.00,$252.00,$2149.00,3,
487,MNQ SEP26,Backtest,DA--VWAPPB_V1,Short,25,25397.75,25437.75,2/23/2026 7:51:00 AM,2/23/2026 7:51:00 AM,DAVWAPPB_V1-1447,Stop loss,($2000.00),$544897.00,$0.00,$0.00,$0.00,$0.00,$0.00,$2000.00,$0.00,$2000.00,1,
488,MNQ SEP26,Backtest,DA--VWAPPB_V1,Short,22,25218.50,25263.25,2/24/2026 7:37:00 AM,2/24/2026 7:39:00 AM,DAVWAPPB_V1-1448,Stop loss,($1969.00),$542928.00,$0.00,$0.00,$0.00,$0.00,$0.00,$1969.00,$638.00,$2607.00,3,
489,MNQ SEP26,Backtest,DA--VWAPPB_V1,Long,30,25755.00,25897.25,2/25/2026 7:37:00 AM,2/25/2026 1:56:00 PM,DAVWAPPB_V1-1449,FlattenStrategyPositionsLong,$8535.00,$551463.00,$0.00,$0.00,$0.00,$0.00,$0.00,$1500.00,$9105.00,$570.00,380,
490,MNQ SEP26,Backtest,DA--VWAPPB_V1,Short,22,25739.00,25574.50,2/26/2026 7:49:00 AM,2/26/2026 1:56:00 PM,DAVWAPPB_V1-1450,FlattenStrategyPositionsShort,$7238.00,$558701.00,$0.00,$0.00,$0.00,$0.00,$0.00,$1100.00,$16148.00,$8910.00,368,
491,MNQ SEP26,Backtest,DA--VWAPPB_V1,Long,22,25384.50,25339.25,3/2/2026 7:49:00 AM,3/2/2026 7:53:00 AM,DAVWAPPB_V1-1452,Stop loss,($1991.00),$556710.00,$0.00,$0.00,$0.00,$0.00,$0.00,$1991.00,$1078.00,$3069.00,5,
492,MNQ SEP26,Backtest,DA--VWAPPB_V1,Long,21,25511.25,25652.25,3/4/2026 8:14:00 AM,3/4/2026 1:56:00 PM,DAVWAPPB_V1-1454,FlattenStrategyPositionsLong,$5922.00,$562632.00,$0.00,$0.00,$0.00,$0.00,$0.00,$1837.50,$9061.50,$3139.50,343,
493,MNQ SEP26,Backtest,DA--VWAPPB_V1,Long,27,25621.00,25585.25,3/5/2026 7:38:00 AM,3/5/2026 7:40:00 AM,DAVWAPPB_V1-1455,Stop loss,($1930.50),$560701.50,$0.00,$0.00,$0.00,$0.00,$0.00,$1930.50,$769.50,$2700.00,3,
494,MNQ SEP26,Backtest,DA--VWAPPB_V1,Long,20,25654.75,25605.75,3/5/2026 7:56:00 AM,3/5/2026 8:21:00 AM,DAVWAPPB_V1-1456,Stop loss,($1960.00),$558741.50,$0.00,$0.00,$0.00,$0.00,$0.00,$1960.00,$2540.00,$4500.00,26,
495,MNQ SEP26,Backtest,DA--VWAPPB_V1,Short,17,25550.75,25606.75,3/5/2026 8:25:00 AM,3/5/2026 8:55:00 AM,DAVWAPPB_V1-1457,Stop loss,($1904.00),$556837.50,$0.00,$0.00,$0.00,$0.00,$0.00,$1904.00,$3748.50,$5652.50,31,
496,MNQ SEP26,Backtest,DA--VWAPPB_V1,Short,22,24869.25,24914.50,3/9/2026 7:46:00 AM,3/9/2026 7:47:00 AM,DAVWAPPB_V1-1458,Stop loss,($1991.00),$554846.50,$0.00,$0.00,$0.00,$0.00,$0.00,$1991.00,$693.00,$2684.00,2,
497,MNQ SEP26,Backtest,DA--VWAPPB_V1,Long,27,25549.25,25513.00,3/10/2026 8:34:00 AM,3/10/2026 12:20:00 PM,DAVWAPPB_V1-1460,Stop loss,($1957.50),$552889.00,$0.00,$0.00,$0.00,$0.00,$0.00,$1957.50,$9639.00,$11596.50,227,
498,MNQ SEP26,Backtest,DA--VWAPPB_V1,Long,34,25616.00,25587.25,3/11/2026 7:41:00 AM,3/11/2026 7:44:00 AM,DAVWAPPB_V1-1461,Stop loss,($1955.00),$550934.00,$0.00,$0.00,$0.00,$0.00,$0.00,$1955.00,$646.00,$2601.00,4,
499,MNQ SEP26,Backtest,DA--VWAPPB_V1,Long,18,25642.00,25587.75,3/11/2026 8:06:00 AM,3/11/2026 8:09:00 AM,DAVWAPPB_V1-1462,Stop loss,($1953.00),$548981.00,$0.00,$0.00,$0.00,$0.00,$0.00,$1953.00,$621.00,$2574.00,4,
500,MNQ SEP26,Backtest,DA--VWAPPB_V1,Long,19,25300.00,25249.00,3/13/2026 7:56:00 AM,3/13/2026 7:58:00 AM,DAVWAPPB_V1-1463,Stop loss,($1938.00),$547043.00,$0.00,$0.00,$0.00,$0.00,$0.00,$1938.00,$95.00,$2033.00,3,
501,MNQ SEP26,Backtest,DA--VWAPPB_V1,Short,35,25174.50,25202.50,3/13/2026 8:16:00 AM,3/13/2026 8:28:00 AM,DAVWAPPB_V1-1464,Stop loss,($1960.00),$545083.00,$0.00,$0.00,$0.00,$0.00,$0.00,$1960.00,$2152.50,$4112.50,13,
502,MNQ SEP26,Backtest,DA--VWAPPB_V1,Short,26,25175.75,25213.25,3/16/2026 8:39:00 AM,3/16/2026 9:15:00 AM,DAVWAPPB_V1-1465,Stop loss,($1950.00),$543133.00,$0.00,$0.00,$0.00,$0.00,$0.00,$1950.00,$2392.00,$4342.00,37,
503,MNQ SEP26,Backtest,DA--VWAPPB_V1,Long,43,25244.50,25221.25,3/16/2026 9:35:00 AM,3/16/2026 9:51:00 AM,DAVWAPPB_V1-1467,Stop loss,($1999.50),$541133.50,$0.00,$0.00,$0.00,$0.00,$0.00,$1999.50,$494.50,$2494.00,17,
504,MNQ SEP26,Backtest,DA--VWAPPB_V1,Long,35,25369.00,25340.50,3/17/2026 7:39:00 AM,3/17/2026 8:12:00 AM,DAVWAPPB_V1-1468,Stop loss,($1995.00),$539138.50,$0.00,$0.00,$0.00,$0.00,$0.00,$1995.00,$2887.50,$4882.50,34,
505,MNQ SEP26,Backtest,DA--VWAPPB_V1,Short,28,24678.25,24713.75,3/20/2026 7:39:00 AM,3/20/2026 7:42:00 AM,DAVWAPPB_V1-1469,Stop loss,($1988.00),$537150.50,$0.00,$0.00,$0.00,$0.00,$0.00,$1988.00,$182.00,$2170.00,4,
506,MNQ SEP26,Backtest,DA--VWAPPB_V1,Short,20,24626.00,24360.50,3/20/2026 7:58:00 AM,3/20/2026 1:56:00 PM,DAVWAPPB_V1-1470,FlattenStrategyPositionsShort,$10620.00,$547770.50,$0.00,$0.00,$0.00,$0.00,$0.00,$1150.00,$14380.00,$3760.00,359,
507,MNQ SEP26,Backtest,DA--VWAPPB_V1,Short,27,24834.00,24742.75,3/23/2026 9:41:00 AM,3/23/2026 1:56:00 PM,DAVWAPPB_V1-1471,FlattenStrategyPositionsShort,$4927.50,$552698.00,$0.00,$0.00,$0.00,$0.00,$0.00,$1255.50,$12595.50,$7668.00,256,
508,MNQ SEP26,Backtest,DA--VWAPPB_V1,Long,22,24813.00,24768.50,3/25/2026 7:43:00 AM,3/25/2026 7:44:00 AM,DAVWAPPB_V1-1473,Stop loss,($1958.00),$550740.00,$0.00,$0.00,$0.00,$0.00,$0.00,$1958.00,$143.00,$2101.00,2,
509,MNQ SEP26,Backtest,DA--VWAPPB_V1,Short,29,24679.50,24713.75,3/25/2026 8:00:00 AM,3/25/2026 8:07:00 AM,DAVWAPPB_V1-1474,Stop loss,($1986.50),$548753.50,$0.00,$0.00,$0.00,$0.00,$0.00,$1986.50,$3204.50,$5191.00,8,
510,MNQ SEP26,Backtest,DA--VWAPPB_V1,Long,30,24477.50,24445.25,3/26/2026 7:52:00 AM,3/26/2026 8:00:00 AM,DAVWAPPB_V1-1476,Stop loss,($1935.00),$546818.50,$0.00,$0.00,$0.00,$0.00,$0.00,$1935.00,$3090.00,$5025.00,9,
511,MNQ SEP26,Backtest,DA--VWAPPB_V1,Short,20,24396.50,24077.25,3/26/2026 8:50:00 AM,3/26/2026 1:56:00 PM,DAVWAPPB_V1-1477,FlattenStrategyPositionsShort,$12770.00,$559588.50,$0.00,$0.00,$0.00,$0.00,$0.00,$1200.00,$12960.00,$190.00,307,
512,MNQ SEP26,Backtest,DA--VWAPPB_V1,Short,23,23816.00,23858.75,3/27/2026 7:56:00 AM,3/27/2026 9:24:00 AM,DAVWAPPB_V1-1479,Stop loss,($1966.50),$557622.00,$0.00,$0.00,$0.00,$0.00,$0.00,$1966.50,$3749.00,$5715.50,89,
513,MNQ SEP26,Backtest,DA--VWAPPB_V1,Long,24,23896.50,23855.50,3/27/2026 9:34:00 AM,3/27/2026 9:40:00 AM,DAVWAPPB_V1-1480,Stop loss,($1968.00),$555654.00,$0.00,$0.00,$0.00,$0.00,$0.00,$1968.00,$492.00,$2460.00,7,
514,MNQ SEP26,Backtest,DA--VWAPPB_V1,Long,35,23698.50,23670.75,3/30/2026 9:04:00 AM,3/30/2026 9:08:00 AM,DAVWAPPB_V1-1481,Stop loss,($1942.50),$553711.50,$0.00,$0.00,$0.00,$0.00,$0.00,$1942.50,$2450.00,$4392.50,5,
515,MNQ SEP26,Backtest,DA--VWAPPB_V1,Long,30,23846.00,23812.75,3/31/2026 9:17:00 AM,3/31/2026 9:21:00 AM,DAVWAPPB_V1-1482,Stop loss,($1995.00),$551716.50,$0.00,$0.00,$0.00,$0.00,$0.00,$1995.00,$555.00,$2550.00,5,
516,MNQ SEP26,Backtest,DA--VWAPPB_V1,Long,25,24475.25,24435.50,4/1/2026 7:39:00 AM,4/1/2026 7:43:00 AM,DAVWAPPB_V1-1483,Stop loss,($1987.50),$549729.00,$0.00,$0.00,$0.00,$0.00,$0.00,$1987.50,$750.00,$2737.50,5,
517,MNQ SEP26,Backtest,DA--VWAPPB_V1,Long,25,24105.00,24497.75,4/2/2026 7:54:00 AM,4/2/2026 1:56:00 PM,DAVWAPPB_V1-1484,FlattenStrategyPositionsLong,$19637.50,$569366.50,$0.00,$0.00,$0.00,$0.00,$0.00,$525.00,$22925.00,$3287.50,363,
518,MNQ SEP26,Backtest,DA--VWAPPB_V1,Short,24,24449.25,24489.50,4/7/2026 7:51:00 AM,4/7/2026 7:55:00 AM,DAVWAPPB_V1-1488,Stop loss,($1932.00),$567434.50,$0.00,$0.00,$0.00,$0.00,$0.00,$1932.00,$696.00,$2628.00,5,
519,MNQ SEP26,Backtest,DA--VWAPPB_V1,Short,24,25409.50,25450.75,4/8/2026 7:42:00 AM,4/8/2026 7:48:00 AM,DAVWAPPB_V1-1489,Stop loss,($1980.00),$565454.50,$0.00,$0.00,$0.00,$0.00,$0.00,$1980.00,$1164.00,$3144.00,7,
520,MNQ SEP26,Backtest,DA--VWAPPB_V1,Short,33,25375.50,25405.25,4/8/2026 7:56:00 AM,4/8/2026 10:04:00 AM,DAVWAPPB_V1-1490,Stop loss,($1963.50),$563491.00,$0.00,$0.00,$0.00,$0.00,$0.00,$1963.50,$10114.50,$12078.00,129,
521,MNQ SEP26,Backtest,DA--VWAPPB_V1,Short,34,25310.50,25339.25,4/9/2026 7:56:00 AM,4/9/2026 8:05:00 AM,DAVWAPPB_V1-1491,Stop loss,($1955.00),$561536.00,$0.00,$0.00,$0.00,$0.00,$0.00,$1955.00,$629.00,$2584.00,10,
522,MNQ SEP26,Backtest,DA--VWAPPB_V1,Short,42,25580.00,25603.50,4/10/2026 8:08:00 AM,4/10/2026 8:14:00 AM,DAVWAPPB_V1-1492,Stop loss,($1974.00),$559562.00,$0.00,$0.00,$0.00,$0.00,$0.00,$1974.00,$1302.00,$3276.00,7,
523,MNQ SEP26,Backtest,DA--VWAPPB_V1,Long,33,25574.50,25544.50,4/13/2026 7:58:00 AM,4/13/2026 8:24:00 AM,DAVWAPPB_V1-1493,Stop loss,($1980.00),$557582.00,$0.00,$0.00,$0.00,$0.00,$0.00,$1980.00,$3580.50,$5560.50,27,
524,MNQ SEP26,Backtest,DA--VWAPPB_V1,Long,45,26054.25,26032.25,4/14/2026 7:54:00 AM,4/14/2026 7:56:00 AM,DAVWAPPB_V1-1494,Stop loss,($1980.00),$555602.00,$0.00,$0.00,$0.00,$0.00,$0.00,$1980.00,$67.50,$2047.50,3,
525,MNQ SEP26,Backtest,DA--VWAPPB_V1,Long,38,26350.50,26324.25,4/15/2026 7:42:00 AM,4/15/2026 7:44:00 AM,DAVWAPPB_V1-1495,Stop loss,($1995.00),$553607.00,$0.00,$0.00,$0.00,$0.00,$0.00,$1995.00,$171.00,$2166.00,3,
526,MNQ SEP26,Backtest,DA--VWAPPB_V1,Long,42,26681.25,26658.00,4/16/2026 8:39:00 AM,4/16/2026 8:41:00 AM,DAVWAPPB_V1-1496,Stop loss,($1953.00),$551654.00,$0.00,$0.00,$0.00,$0.00,$0.00,$1953.00,$0.00,$1953.00,3,
527,MNQ SEP26,Backtest,DA--VWAPPB_V1,Short,40,27036.50,27061.25,4/21/2026 7:41:00 AM,4/21/2026 7:44:00 AM,DAVWAPPB_V1-1497,Stop loss,($1980.00),$549674.00,$0.00,$0.00,$0.00,$0.00,$0.00,$1980.00,$620.00,$2600.00,4,
528,MNQ SEP26,Backtest,DA--VWAPPB_V1,Short,46,27083.00,27104.25,4/21/2026 8:53:00 AM,4/21/2026 8:55:00 AM,DAVWAPPB_V1-1498,Stop loss,($1955.00),$547719.00,$0.00,$0.00,$0.00,$0.00,$0.00,$1955.00,$644.00,$2599.00,3,
529,MNQ SEP26,Backtest,DA--VWAPPB_V1,Short,45,27073.50,26893.25,4/21/2026 8:58:00 AM,4/21/2026 1:56:00 PM,DAVWAPPB_V1-1499,FlattenStrategyPositionsShort,$16222.50,$563941.50,$0.00,$0.00,$0.00,$0.00,$0.00,$945.00,$20340.00,$4117.50,299,
530,MNQ SEP26,Backtest,DA--VWAPPB_V1,Long,47,27187.25,27380.00,4/22/2026 8:08:00 AM,4/22/2026 1:56:00 PM,DAVWAPPB_V1-1500,FlattenStrategyPositionsLong,$18118.50,$582060.00,$0.00,$0.00,$0.00,$0.00,$0.00,$1386.50,$18941.00,$822.50,349,
531,MNQ SEP26,Backtest,DA--VWAPPB_V1,Short,27,27296.00,27331.75,4/23/2026 8:07:00 AM,4/23/2026 8:32:00 AM,DAVWAPPB_V1-1501,Stop loss,($1930.50),$580129.50,$0.00,$0.00,$0.00,$0.00,$0.00,$1930.50,$1201.50,$3132.00,26,
532,MNQ SEP26,Backtest,DA--VWAPPB_V1,Long,40,27554.25,27529.50,4/24/2026 8:47:00 AM,4/24/2026 8:50:00 AM,DAVWAPPB_V1-1503,Stop loss,($1980.00),$578149.50,$0.00,$0.00,$0.00,$0.00,$0.00,$1980.00,$1700.00,$3680.00,4,
533,MNQ SEP26,Backtest,DA--VWAPPB_V1,Long,28,27570.75,27736.50,4/24/2026 8:54:00 AM,4/24/2026 1:56:00 PM,DAVWAPPB_V1-1504,FlattenStrategyPositionsLong,$9282.00,$587431.50,$0.00,$0.00,$0.00,$0.00,$0.00,$742.00,$10514.00,$1232.00,303,
534,MNQ SEP26,Backtest,DA--VWAPPB_V1,Short,10,29554.00,29651.75,6/12/2026 7:46:00 AM,6/12/2026 7:54:00 AM,DAVWAPPB_V1-1506,Stop loss,($1955.00),$585476.50,$0.00,$0.00,$0.00,$0.00,$0.00,$1955.00,$715.00,$2670.00,9,
535,MNQ SEP26,Backtest,DA--VWAPPB_V1,Short,29,30771.50,30391.00,6/16/2026 8:20:00 AM,6/16/2026 1:56:00 PM,DAVWAPPB_V1-1508,FlattenStrategyPositionsShort,$22069.00,$607545.50,$0.00,$0.00,$0.00,$0.00,$0.00,$217.50,$24954.50,$2885.50,337,
536,MNQ SEP26,Backtest,DA--VWAPPB_V1,Short,13,30422.25,30495.00,6/18/2026 7:45:00 AM,6/18/2026 7:50:00 AM,DAVWAPPB_V1-1510,Stop loss,($1891.50),$605654.00,$0.00,$0.00,$0.00,$0.00,$0.00,$1891.50,$786.50,$2678.00,6,
537,MNQ SEP26,Backtest,DA--VWAPPB_V1,Long,14,30574.00,30505.00,6/18/2026 8:10:00 AM,6/18/2026 8:15:00 AM,DAVWAPPB_V1-1511,Stop loss,($1932.00),$603722.00,$0.00,$0.00,$0.00,$0.00,$0.00,$1932.00,$504.00,$2436.00,6,
538,MNQ SEP26,Backtest,DA--VWAPPB_V1,Long,22,30922.00,30877.50,6/22/2026 7:41:00 AM,6/22/2026 7:42:00 AM,DAVWAPPB_V1-1512,Stop loss,($1958.00),$601764.00,$0.00,$0.00,$0.00,$0.00,$0.00,$1958.00,$220.00,$2178.00,2,
539,MNQ SEP26,Backtest,DA--VWAPPB_V1,Short,24,30789.50,30626.00,6/22/2026 8:28:00 AM,6/22/2026 1:56:00 PM,DAVWAPPB_V1-1513,FlattenStrategyPositionsShort,$7848.00,$609612.00,$0.00,$0.00,$0.00,$0.00,$0.00,$792.00,$13764.00,$5916.00,329,
540,MNQ SEP26,Backtest,DA--VWAPPB_V1,Short,18,29992.25,29693.25,6/25/2026 7:41:00 AM,6/25/2026 1:56:00 PM,DAVWAPPB_V1-1514,FlattenStrategyPositionsShort,$10764.00,$620376.00,$0.00,$0.00,$0.00,$0.00,$0.00,$702.00,$25047.00,$14283.00,376,
541,MNQ SEP26,Backtest,DA--VWAPPB_V1,Long,11,29818.25,29734.00,6/29/2026 7:50:00 AM,6/29/2026 7:51:00 AM,DAVWAPPB_V1-1515,Stop loss,($1853.50),$618522.50,$0.00,$0.00,$0.00,$0.00,$0.00,$1853.50,$60.50,$1914.00,2,
542,MNQ SEP26,Backtest,DA--VWAPPB_V1,Long,12,29831.50,29753.75,6/29/2026 7:54:00 AM,6/29/2026 7:55:00 AM,DAVWAPPB_V1-1516,Stop loss,($1866.00),$616656.50,$0.00,$0.00,$0.00,$0.00,$0.00,$1866.00,$168.00,$2034.00,2,
543,MNQ SEP26,Backtest,DA--VWAPPB_V1,Long,17,30219.00,30160.75,6/30/2026 7:42:00 AM,6/30/2026 7:45:00 AM,DAVWAPPB_V1-1517,Stop loss,($1980.50),$614676.00,$0.00,$0.00,$0.00,$0.00,$0.00,$1980.50,$790.50,$2771.00,4,
544,MNQ SEP26,Backtest,DA--VWAPPB_V1,Long,20,30248.00,30572.50,6/30/2026 7:52:00 AM,6/30/2026 1:56:00 PM,DAVWAPPB_V1-1518,FlattenStrategyPositionsLong,$12980.00,$627656.00,$0.00,$0.00,$0.00,$0.00,$0.00,$950.00,$14080.00,$1100.00,365,
545,MNQ SEP26,Backtest,DA--VWAPPB_V1,Short,15,30112.00,30174.75,7/1/2026 7:40:00 AM,7/1/2026 7:42:00 AM,DAVWAPPB_V1-1519,Stop loss,($1882.50),$625773.50,$0.00,$0.00,$0.00,$0.00,$0.00,$1882.50,$480.00,$2362.50,3,
546,MNQ SEP26,Backtest,DA--VWAPPB_V1,Long,20,30281.50,30231.75,7/1/2026 8:05:00 AM,7/1/2026 8:33:00 AM,DAVWAPPB_V1-1520,Stop loss,($1990.00),$623783.50,$0.00,$0.00,$0.00,$0.00,$0.00,$1990.00,$1830.00,$3820.00,29,
547,MNQ SEP26,Backtest,DA--VWAPPB_V1,Short,63,29900.75,29916.50,7/3/2026 8:15:00 AM,7/3/2026 8:18:00 AM,DAVWAPPB_V1-1521,Stop loss,($1984.50),$621799.00,$0.00,$0.00,$0.00,$0.00,$0.00,$1984.50,$693.00,$2677.50,4,
548,MNQ SEP26,Backtest,DA--VWAPPB_V1,Short,12,29510.00,29587.50,7/7/2026 7:39:00 AM,7/7/2026 7:41:00 AM,DAVWAPPB_V1-1523,Stop loss,($1860.00),$619939.00,$0.00,$0.00,$0.00,$0.00,$0.00,$1860.00,$456.00,$2316.00,3,
549,MNQ SEP26,Backtest,DA--VWAPPB_V1,Long,18,29322.00,29267.75,7/8/2026 7:37:00 AM,7/8/2026 7:38:00 AM,DAVWAPPB_V1-1524,Stop loss,($1953.00),$617986.00,$0.00,$0.00,$0.00,$0.00,$0.00,$1953.00,$576.00,$2529.00,2,
550,MNQ SEP26,Backtest,DA--VWAPPB_V1,Long,17,29374.25,29317.50,7/8/2026 7:46:00 AM,7/8/2026 7:50:00 AM,DAVWAPPB_V1-1525,Stop loss,($1929.50),$616056.50,$0.00,$0.00,$0.00,$0.00,$0.00,$1929.50,$841.50,$2771.00,5,
551,MNQ SEP26,Backtest,DA--VWAPPB_V1,Long,12,29895.75,29816.75,7/9/2026 7:54:00 AM,7/9/2026 8:12:00 AM,DAVWAPPB_V1-1526,Stop loss,($1896.00),$614160.50,$0.00,$0.00,$0.00,$0.00,$0.00,$1896.00,$834.00,$2730.00,19,
552,MNQ SEP26,Backtest,DA--VWAPPB_V1,Short,21,29788.25,29834.00,7/9/2026 8:16:00 AM,7/9/2026 9:07:00 AM,DAVWAPPB_V1-1527,Stop loss,($1921.50),$612239.00,$0.00,$0.00,$0.00,$0.00,$0.00,$1921.50,$7329.00,$9250.50,52,
553,MNQ SEP26,Backtest,DA--VWAPPB_V1,Long,26,29953.00,29914.50,7/10/2026 9:26:00 AM,7/10/2026 9:40:00 AM,DAVWAPPB_V1-1528,Stop loss,($2002.00),$610237.00,$0.00,$0.00,$0.00,$0.00,$0.00,$2002.00,$2002.00,$4004.00,15,
554,MNQ SEP26,Backtest,DA--VWAPPB_V1,Short,15,29610.50,29676.25,7/13/2026 7:41:00 AM,7/13/2026 8:25:00 AM,DAVWAPPB_V1-1529,Stop loss,($1972.50),$608264.50,$0.00,$0.00,$0.00,$0.00,$0.00,$1972.50,$3517.50,$5490.00,45,
555,MNQ SEP26,Backtest,DA--VWAPPB_V1,Short,19,29663.75,29715.75,7/14/2026 8:10:00 AM,7/14/2026 8:27:00 AM,DAVWAPPB_V1-1530,Stop loss,($1976.00),$606288.50,$0.00,$0.00,$0.00,$0.00,$0.00,$1976.00,$3667.00,$5643.00,18,
556,MNQ SEP26,Backtest,DA--VWAPPB_V1,Long,22,29782.25,29738.50,7/14/2026 8:38:00 AM,7/14/2026 8:44:00 AM,DAVWAPPB_V1-1531,Stop loss,($1925.00),$604363.50,$0.00,$0.00,$0.00,$0.00,$0.00,$1925.00,$858.00,$2783.00,7,
557,MNQ SEP26,Backtest,DA--VWAPPB_V1,Short,19,29840.00,29892.25,7/15/2026 7:45:00 AM,7/15/2026 8:09:00 AM,DAVWAPPB_V1-1532,Stop loss,($1985.50),$602378.00,$0.00,$0.00,$0.00,$0.00,$0.00,$1985.50,$3230.00,$5215.50,25,
558,MNQ SEP26,Backtest,DA--VWAPPB_V1,Short,15,29346.25,29411.75,7/16/2026 7:44:00 AM,7/16/2026 8:03:00 AM,DAVWAPPB_V1-1533,Stop loss,($1965.00),$600413.00,$0.00,$0.00,$0.00,$0.00,$0.00,$1965.00,$2655.00,$4620.00,20,
559,MNQ SEP26,Backtest,DA--VWAPPB_V1,Long,15,28631.75,28837.25,7/17/2026 7:58:00 AM,7/17/2026 1:56:00 PM,DAVWAPPB_V1-1536,FlattenStrategyPositionsLong,$6165.00,$606578.00,$0.00,$0.00,$0.00,$0.00,$0.00,$652.50,$12457.50,$6292.50,359,
