Trade number,Instrument,Account,Strategy,Market pos.,Qty,Entry price,Exit price,Entry time,Exit time,Entry name,Exit name,Profit,Cum. net profit,Commission,Clearing Fee,Exchange Fee,IP Fee,NFA Fee,MAE,MFE,ETD,Bars,
1,MNQ SEP26,Backtest,DA--VWAPPB_V1,Short,19,19242.25,19142.00,1/2/2024 7:41:00 AM,1/2/2024 1:56:00 PM,DAVWAPPB_V1-0000,FlattenStrategyPositionsShort,$3809.50,$3809.50,$0.00,$0.00,$0.00,$0.00,$0.00,$256.50,$6583.50,$2774.00,376,
2,MNQ SEP26,Backtest,DA--VWAPPB_V1,Long,29,18961.25,18927.75,1/4/2024 8:11:00 AM,1/4/2024 10:46:00 AM,DAVWAPPB_V1-0001,Stop loss,($1943.00),$1866.50,$0.00,$0.00,$0.00,$0.00,$0.00,$1943.00,$4045.50,$5988.50,156,
3,MNQ SEP26,Backtest,DA--VWAPPB_V1,Long,50,19002.00,19250.00,1/8/2024 7:39:00 AM,1/8/2024 1:56:00 PM,DAVWAPPB_V1-0002,FlattenStrategyPositionsLong,$24800.00,$26666.50,$0.00,$0.00,$0.00,$0.00,$0.00,$425.00,$25500.00,$700.00,378,
4,MNQ SEP26,Backtest,DA--VWAPPB_V1,Short,41,19263.00,19287.25,1/10/2024 7:58:00 AM,1/10/2024 8:11:00 AM,DAVWAPPB_V1-0003,Stop loss,($1988.50),$24678.00,$0.00,$0.00,$0.00,$0.00,$0.00,$1988.50,$1168.50,$3157.00,14,
5,MNQ SEP26,Backtest,DA--VWAPPB_V1,Long,37,19311.50,19377.25,1/10/2024 8:32:00 AM,1/10/2024 1:56:00 PM,DAVWAPPB_V1-0004,FlattenStrategyPositionsLong,$4865.50,$29543.50,$0.00,$0.00,$0.00,$0.00,$0.00,$851.00,$8787.50,$3922.00,325,
6,MNQ SEP26,Backtest,DA--VWAPPB_V1,Short,20,19393.50,19402.25,1/11/2024 7:51:00 AM,1/11/2024 1:56:00 PM,DAVWAPPB_V1-0006,FlattenStrategyPositionsShort,($350.00),$29193.50,$0.00,$0.00,$0.00,$0.00,$0.00,$1490.00,$7740.00,$8090.00,366,
7,MNQ SEP26,Backtest,DA--VWAPPB_V1,Long,34,19475.25,19446.25,1/12/2024 7:44:00 AM,1/12/2024 8:00:00 AM,DAVWAPPB_V1-0007,Stop loss,($1972.00),$27221.50,$0.00,$0.00,$0.00,$0.00,$0.00,$1972.00,$969.00,$2941.00,17,
8,MNQ SEP26,Backtest,DA--VWAPPB_V1,Short,13,19400.00,19420.00,1/12/2024 8:04:00 AM,1/12/2024 1:56:00 PM,DAVWAPPB_V1-0008,FlattenStrategyPositionsShort,($520.00),$26701.50,$0.00,$0.00,$0.00,$0.00,$0.00,$1352.00,$1033.50,$1553.50,353,
9,MNQ SEP26,Backtest,DA--VWAPPB_V1,Short,141,19392.00,19399.00,1/15/2024 7:59:00 AM,1/15/2024 7:59:00 AM,DAVWAPPB_V1-0009,Stop loss,($1974.00),$24727.50,$0.00,$0.00,$0.00,$0.00,$0.00,$1974.00,$0.00,$1974.00,1,
10,MNQ SEP26,Backtest,DA--VWAPPB_V1,Short,24,19310.25,19351.00,1/16/2024 7:48:00 AM,1/16/2024 7:58:00 AM,DAVWAPPB_V1-0011,Stop loss,($1956.00),$22771.50,$0.00,$0.00,$0.00,$0.00,$0.00,$1956.00,$396.00,$2352.00,11,
11,MNQ SEP26,Backtest,DA--VWAPPB_V1,Long,30,19392.75,19359.75,1/16/2024 8:17:00 AM,1/16/2024 10:29:00 AM,DAVWAPPB_V1-0012,Stop loss,($1980.00),$20791.50,$0.00,$0.00,$0.00,$0.00,$0.00,$1980.00,$5295.00,$7275.00,133,
12,MNQ SEP26,Backtest,DA--VWAPPB_V1,Short,23,19205.50,19248.50,1/17/2024 7:38:00 AM,1/17/2024 9:06:00 AM,DAVWAPPB_V1-0013,Stop loss,($1978.00),$18813.50,$0.00,$0.00,$0.00,$0.00,$0.00,$1978.00,$3197.00,$5175.00,89,
13,MNQ SEP26,Backtest,DA--VWAPPB_V1,Long,30,19510.75,19477.75,1/18/2024 8:41:00 AM,1/18/2024 9:05:00 AM,DAVWAPPB_V1-0014,Stop loss,($1980.00),$16833.50,$0.00,$0.00,$0.00,$0.00,$0.00,$1980.00,$960.00,$2940.00,25,
14,MNQ SEP26,Backtest,DA--VWAPPB_V1,Short,39,19887.00,19912.50,1/23/2024 9:20:00 AM,1/23/2024 9:57:00 AM,DAVWAPPB_V1-0019,Stop loss,($1989.00),$14844.50,$0.00,$0.00,$0.00,$0.00,$0.00,$1989.00,$1033.50,$3022.50,38,
15,MNQ SEP26,Backtest,DA--VWAPPB_V1,Short,22,20087.25,20131.25,1/24/2024 7:40:00 AM,1/24/2024 8:09:00 AM,DAVWAPPB_V1-0020,Stop loss,($1936.00),$12908.50,$0.00,$0.00,$0.00,$0.00,$0.00,$1936.00,$132.00,$2068.00,30,
16,MNQ SEP26,Backtest,DA--VWAPPB_V1,Long,34,20025.75,19997.00,1/29/2024 7:42:00 AM,1/29/2024 8:01:00 AM,DAVWAPPB_V1-0022,Stop loss,($1955.00),$10953.50,$0.00,$0.00,$0.00,$0.00,$0.00,$1955.00,$408.00,$2363.00,20,
17,MNQ SEP26,Backtest,DA--VWAPPB_V1,Long,40,20012.75,20135.25,1/29/2024 9:33:00 AM,1/29/2024 1:56:00 PM,DAVWAPPB_V1-0024,FlattenStrategyPositionsLong,$9800.00,$20753.50,$0.00,$0.00,$0.00,$0.00,$0.00,$900.00,$12040.00,$2240.00,264,
18,MNQ SEP26,Backtest,DA--VWAPPB_V1,Short,44,20067.00,20089.50,1/30/2024 8:56:00 AM,1/30/2024 9:00:00 AM,DAVWAPPB_V1-0026,Stop loss,($1980.00),$18773.50,$0.00,$0.00,$0.00,$0.00,$0.00,$1980.00,$110.00,$2090.00,5,
19,MNQ SEP26,Backtest,DA--VWAPPB_V1,Short,31,19736.75,19768.00,2/1/2024 8:01:00 AM,2/1/2024 8:06:00 AM,DAVWAPPB_V1-0027,Stop loss,($1937.50),$16836.00,$0.00,$0.00,$0.00,$0.00,$0.00,$1937.50,$1224.50,$3162.00,6,
20,MNQ SEP26,Backtest,DA--VWAPPB_V1,Short,40,20109.25,20133.75,2/5/2024 8:09:00 AM,2/5/2024 10:23:00 AM,DAVWAPPB_V1-0030,Stop loss,($1960.00),$14876.00,$0.00,$0.00,$0.00,$0.00,$0.00,$1960.00,$8680.00,$10640.00,135,
21,MNQ SEP26,Backtest,DA--VWAPPB_V1,Short,62,20179.00,20195.00,2/7/2024 7:45:00 AM,2/7/2024 7:49:00 AM,DAVWAPPB_V1-0032,Stop loss,($1984.00),$12892.00,$0.00,$0.00,$0.00,$0.00,$0.00,$1984.00,$1550.00,$3534.00,5,
22,MNQ SEP26,Backtest,DA--VWAPPB_V1,Long,51,20302.50,20283.00,2/8/2024 8:06:00 AM,2/8/2024 8:13:00 AM,DAVWAPPB_V1-0033,Stop loss,($1989.00),$10903.00,$0.00,$0.00,$0.00,$0.00,$0.00,$1989.00,$790.50,$2779.50,8,
23,MNQ SEP26,Backtest,DA--VWAPPB_V1,Short,29,20325.25,20359.50,2/9/2024 7:40:00 AM,2/9/2024 7:52:00 AM,DAVWAPPB_V1-0034,Stop loss,($1986.50),$8916.50,$0.00,$0.00,$0.00,$0.00,$0.00,$1986.50,$145.00,$2131.50,13,
24,MNQ SEP26,Backtest,DA--VWAPPB_V1,Long,52,20491.25,20472.25,2/12/2024 8:35:00 AM,2/12/2024 11:39:00 AM,DAVWAPPB_V1-0035,Stop loss,($1976.00),$6940.50,$0.00,$0.00,$0.00,$0.00,$0.00,$1976.00,$8034.00,$10010.00,185,
25,MNQ SEP26,Backtest,DA--VWAPPB_V1,Short,37,20216.75,20243.25,2/14/2024 8:57:00 AM,2/14/2024 11:37:00 AM,DAVWAPPB_V1-0036,Stop loss,($1961.00),$4979.50,$0.00,$0.00,$0.00,$0.00,$0.00,$1961.00,$5864.50,$7825.50,161,
26,MNQ SEP26,Backtest,DA--VWAPPB_V1,Short,37,20302.75,20329.50,2/15/2024 7:42:00 AM,2/15/2024 10:46:00 AM,DAVWAPPB_V1-0037,Stop loss,($1979.50),$3000.00,$0.00,$0.00,$0.00,$0.00,$0.00,$1979.50,$5587.00,$7566.50,185,
27,MNQ SEP26,Backtest,DA--VWAPPB_V1,Short,28,20323.50,20190.75,2/16/2024 7:48:00 AM,2/16/2024 1:56:00 PM,DAVWAPPB_V1-0038,FlattenStrategyPositionsShort,$7434.00,$10434.00,$0.00,$0.00,$0.00,$0.00,$0.00,$1512.00,$9114.00,$1680.00,369,
28,MNQ SEP26,Backtest,DA--VWAPPB_V1,Long,83,20248.00,20236.00,2/19/2024 7:40:00 AM,2/19/2024 8:01:00 AM,DAVWAPPB_V1-0039,Stop loss,($1992.00),$8442.00,$0.00,$0.00,$0.00,$0.00,$0.00,$1992.00,$1037.50,$3029.50,22,
29,MNQ SEP26,Backtest,DA--VWAPPB_V1,Short,32,19909.50,19940.50,2/21/2024 7:48:00 AM,2/21/2024 8:03:00 AM,DAVWAPPB_V1-0042,Stop loss,($1984.00),$6458.00,$0.00,$0.00,$0.00,$0.00,$0.00,$1984.00,$896.00,$2880.00,16,
30,MNQ SEP26,Backtest,DA--VWAPPB_V1,Short,42,19911.50,19935.00,2/21/2024 8:36:00 AM,2/21/2024 9:03:00 AM,DAVWAPPB_V1-0043,Stop loss,($1974.00),$4484.00,$0.00,$0.00,$0.00,$0.00,$0.00,$1974.00,$777.00,$2751.00,28,
31,MNQ SEP26,Backtest,DA--VWAPPB_V1,Long,27,19951.25,19914.50,2/21/2024 9:12:00 AM,2/21/2024 10:06:00 AM,DAVWAPPB_V1-0044,Stop loss,($1984.50),$2499.50,$0.00,$0.00,$0.00,$0.00,$0.00,$1984.50,$796.50,$2781.00,55,
32,MNQ SEP26,Backtest,DA--VWAPPB_V1,Long,18,20385.00,20505.75,2/22/2024 7:49:00 AM,2/22/2024 1:56:00 PM,DAVWAPPB_V1-0045,FlattenStrategyPositionsLong,$4347.00,$6846.50,$0.00,$0.00,$0.00,$0.00,$0.00,$1683.00,$5364.00,$1017.00,368,
33,MNQ SEP26,Backtest,DA--VWAPPB_V1,Long,26,20587.25,20549.00,2/23/2024 7:38:00 AM,2/23/2024 7:57:00 AM,DAVWAPPB_V1-0046,Stop loss,($1989.00),$4857.50,$0.00,$0.00,$0.00,$0.00,$0.00,$1989.00,$247.00,$2236.00,20,
34,MNQ SEP26,Backtest,DA--VWAPPB_V1,Short,15,20507.50,20456.00,2/23/2024 8:01:00 AM,2/23/2024 1:56:00 PM,DAVWAPPB_V1-0047,FlattenStrategyPositionsShort,$1545.00,$6402.50,$0.00,$0.00,$0.00,$0.00,$0.00,$960.00,$3435.00,$1890.00,356,
35,MNQ SEP26,Backtest,DA--VWAPPB_V1,Long,39,20476.50,20451.00,2/26/2024 8:24:00 AM,2/26/2024 9:08:00 AM,DAVWAPPB_V1-0049,Stop loss,($1989.00),$4413.50,$0.00,$0.00,$0.00,$0.00,$0.00,$1989.00,$897.00,$2886.00,45,
36,MNQ SEP26,Backtest,DA--VWAPPB_V1,Short,54,20407.25,20425.50,2/27/2024 7:52:00 AM,2/27/2024 7:54:00 AM,DAVWAPPB_V1-0050,Stop loss,($1971.00),$2442.50,$0.00,$0.00,$0.00,$0.00,$0.00,$1971.00,$27.00,$1998.00,3,
37,MNQ SEP26,Backtest,DA--VWAPPB_V1,Short,26,20330.50,20368.25,2/28/2024 7:54:00 AM,2/28/2024 8:11:00 AM,DAVWAPPB_V1-0052,Stop loss,($1963.00),$479.50,$0.00,$0.00,$0.00,$0.00,$0.00,$1963.00,$377.00,$2340.00,18,
38,MNQ SEP26,Backtest,DA--VWAPPB_V1,Long,18,20621.25,20783.00,3/1/2024 8:11:00 AM,3/1/2024 1:56:00 PM,DAVWAPPB_V1-0053,FlattenStrategyPositionsLong,$5823.00,$6302.50,$0.00,$0.00,$0.00,$0.00,$0.00,$1080.00,$7137.00,$1314.00,346,
39,MNQ SEP26,Backtest,DA--VWAPPB_V1,Short,37,20506.75,20356.75,3/5/2024 7:47:00 AM,3/5/2024 1:56:00 PM,DAVWAPPB_V1-0056,FlattenStrategyPositionsShort,$11100.00,$17402.50,$0.00,$0.00,$0.00,$0.00,$0.00,$1794.50,$16816.50,$5716.50,370,
40,MNQ SEP26,Backtest,DA--VWAPPB_V1,Long,15,20423.50,20397.50,3/11/2024 8:35:00 AM,3/11/2024 1:56:00 PM,DAVWAPPB_V1-0059,FlattenStrategyPositionsLong,($780.00),$16622.50,$0.00,$0.00,$0.00,$0.00,$0.00,$1852.50,$1417.50,$2197.50,322,
41,MNQ SEP26,Backtest,DA--VWAPPB_V1,Short,18,20428.00,20482.75,3/12/2024 7:41:00 AM,3/12/2024 8:00:00 AM,DAVWAPPB_V1-0060,Stop loss,($1971.00),$14651.50,$0.00,$0.00,$0.00,$0.00,$0.00,$1971.00,$1971.00,$3942.00,20,
42,MNQ SEP26,Backtest,DA--VWAPPB_V1,Long,34,20497.50,20679.25,3/12/2024 8:07:00 AM,3/12/2024 1:56:00 PM,DAVWAPPB_V1-0061,FlattenStrategyPositionsLong,$12359.00,$27010.50,$0.00,$0.00,$0.00,$0.00,$0.00,$357.00,$12818.00,$459.00,350,
43,MNQ SEP26,Backtest,DA--VWAPPB_V1,Short,28,20569.50,20533.75,3/13/2024 7:44:00 AM,3/13/2024 1:56:00 PM,DAVWAPPB_V1-0062,FlattenStrategyPositionsShort,$2002.00,$29012.50,$0.00,$0.00,$0.00,$0.00,$0.00,$1918.00,$4970.00,$2968.00,373,
44,MNQ SEP26,Backtest,DA--VWAPPB_V1,Long,19,20538.50,20486.50,3/14/2024 8:36:00 AM,3/14/2024 8:42:00 AM,DAVWAPPB_V1-0063,Stop loss,($1976.00),$27036.50,$0.00,$0.00,$0.00,$0.00,$0.00,$1976.00,$104.50,$2080.50,7,
45,MNQ SEP26,Backtest,DA--VWAPPB_V1,Short,33,20466.50,20496.00,3/14/2024 9:28:00 AM,3/14/2024 9:38:00 AM,DAVWAPPB_V1-0064,Stop loss,($1947.00),$25089.50,$0.00,$0.00,$0.00,$0.00,$0.00,$1947.00,$297.00,$2244.00,11,
46,MNQ SEP26,Backtest,DA--VWAPPB_V1,Short,22,20306.25,20351.00,3/15/2024 7:43:00 AM,3/15/2024 8:39:00 AM,DAVWAPPB_V1-0065,Stop loss,($1969.00),$23120.50,$0.00,$0.00,$0.00,$0.00,$0.00,$1969.00,$3421.00,$5390.00,57,
47,MNQ SEP26,Backtest,DA--VWAPPB_V1,Long,29,20344.25,20310.00,3/15/2024 8:42:00 AM,3/15/2024 9:02:00 AM,DAVWAPPB_V1-0066,Stop loss,($1986.50),$21134.00,$0.00,$0.00,$0.00,$0.00,$0.00,$1986.50,$1522.50,$3509.00,21,
48,MNQ SEP26,Backtest,DA--VWAPPB_V1,Short,48,20286.50,20307.25,3/15/2024 9:25:00 AM,3/15/2024 9:31:00 AM,DAVWAPPB_V1-0067,Stop loss,($1992.00),$19142.00,$0.00,$0.00,$0.00,$0.00,$0.00,$1992.00,$648.00,$2640.00,7,
49,MNQ SEP26,Backtest,DA--VWAPPB_V1,Long,29,20532.50,20498.25,3/18/2024 7:40:00 AM,3/18/2024 7:58:00 AM,DAVWAPPB_V1-0068,Stop loss,($1986.50),$17155.50,$0.00,$0.00,$0.00,$0.00,$0.00,$1986.50,$1638.50,$3625.00,19,
50,MNQ SEP26,Backtest,DA--VWAPPB_V1,Long,34,20319.75,20478.00,3/19/2024 8:43:00 AM,3/19/2024 1:56:00 PM,DAVWAPPB_V1-0073,FlattenStrategyPositionsLong,$10761.00,$27916.50,$0.00,$0.00,$0.00,$0.00,$0.00,$1088.00,$11492.00,$731.00,314,
51,MNQ SEP26,Backtest,DA--VWAPPB_V1,Short,32,20840.75,20871.25,3/21/2024 7:54:00 AM,3/21/2024 8:22:00 AM,DAVWAPPB_V1-0074,Stop loss,($1952.00),$25964.50,$0.00,$0.00,$0.00,$0.00,$0.00,$1952.00,$1008.00,$2960.00,29,
52,MNQ SEP26,Backtest,DA--VWAPPB_V1,Long,72,20871.25,20857.25,3/21/2024 9:39:00 AM,3/21/2024 11:21:00 AM,DAVWAPPB_V1-0078,Stop loss,($2016.00),$23948.50,$0.00,$0.00,$0.00,$0.00,$0.00,$2016.00,$5112.00,$7128.00,103,
53,MNQ SEP26,Backtest,DA--VWAPPB_V1,Long,33,20751.75,20722.00,3/22/2024 8:05:00 AM,3/22/2024 8:16:00 AM,DAVWAPPB_V1-0080,Stop loss,($1963.50),$21985.00,$0.00,$0.00,$0.00,$0.00,$0.00,$1963.50,$841.50,$2805.00,12,
54,MNQ SEP26,Backtest,DA--VWAPPB_V1,Long,28,20741.25,20796.25,3/22/2024 9:07:00 AM,3/22/2024 1:56:00 PM,DAVWAPPB_V1-0081,FlattenStrategyPositionsLong,$3080.00,$25065.00,$0.00,$0.00,$0.00,$0.00,$0.00,$770.00,$4704.00,$1624.00,290,
55,MNQ SEP26,Backtest,DA--VWAPPB_V1,Short,19,20621.00,20673.25,3/25/2024 7:44:00 AM,3/25/2024 7:52:00 AM,DAVWAPPB_V1-0082,Stop loss,($1985.50),$23079.50,$0.00,$0.00,$0.00,$0.00,$0.00,$1985.50,$256.50,$2242.00,9,
56,MNQ SEP26,Backtest,DA--VWAPPB_V1,Long,28,20684.25,20718.00,3/25/2024 7:55:00 AM,3/25/2024 1:56:00 PM,DAVWAPPB_V1-0083,FlattenStrategyPositionsLong,$1890.00,$24969.50,$0.00,$0.00,$0.00,$0.00,$0.00,$1022.00,$4858.00,$2968.00,362,
57,MNQ SEP26,Backtest,DA--VWAPPB_V1,Long,32,20806.00,20775.50,3/26/2024 8:05:00 AM,3/26/2024 8:12:00 AM,DAVWAPPB_V1-0085,Stop loss,($1952.00),$23017.50,$0.00,$0.00,$0.00,$0.00,$0.00,$1952.00,$160.00,$2112.00,8,
58,MNQ SEP26,Backtest,DA--VWAPPB_V1,Short,23,20746.25,20668.50,3/26/2024 8:32:00 AM,3/26/2024 1:56:00 PM,DAVWAPPB_V1-0086,FlattenStrategyPositionsShort,$3576.50,$26594.00,$0.00,$0.00,$0.00,$0.00,$0.00,$1920.50,$4094.00,$517.50,325,
59,MNQ SEP26,Backtest,DA--VWAPPB_V1,Short,19,20689.75,20699.50,3/27/2024 7:41:00 AM,3/27/2024 1:56:00 PM,DAVWAPPB_V1-0087,FlattenStrategyPositionsShort,($370.50),$26223.50,$0.00,$0.00,$0.00,$0.00,$0.00,$893.00,$4256.00,$4626.50,376,
60,MNQ SEP26,Backtest,DA--VWAPPB_V1,Long,44,20715.50,20693.00,3/28/2024 7:48:00 AM,3/28/2024 8:12:00 AM,DAVWAPPB_V1-0088,Stop loss,($1980.00),$24243.50,$0.00,$0.00,$0.00,$0.00,$0.00,$1980.00,$2024.00,$4004.00,25,
61,MNQ SEP26,Backtest,DA--VWAPPB_V1,Short,46,20687.25,20709.00,3/28/2024 8:15:00 AM,3/28/2024 8:37:00 AM,DAVWAPPB_V1-0089,Stop loss,($2001.00),$22242.50,$0.00,$0.00,$0.00,$0.00,$0.00,$2001.00,$1104.00,$3105.00,23,
62,MNQ SEP26,Backtest,DA--VWAPPB_V1,Long,58,20791.00,20774.00,4/1/2024 7:51:00 AM,4/1/2024 8:01:00 AM,DAVWAPPB_V1-0090,Stop loss,($1972.00),$20270.50,$0.00,$0.00,$0.00,$0.00,$0.00,$1972.00,$1334.00,$3306.00,11,
63,MNQ SEP26,Backtest,DA--VWAPPB_V1,Short,44,20732.50,20697.25,4/1/2024 8:31:00 AM,4/1/2024 1:56:00 PM,DAVWAPPB_V1-0091,FlattenStrategyPositionsShort,$3102.00,$23372.50,$0.00,$0.00,$0.00,$0.00,$0.00,$748.00,$10450.00,$7348.00,326,
64,MNQ SEP26,Backtest,DA--VWAPPB_V1,Short,28,20414.25,20449.50,4/2/2024 8:16:00 AM,4/2/2024 8:26:00 AM,DAVWAPPB_V1-0093,Stop loss,($1974.00),$21398.50,$0.00,$0.00,$0.00,$0.00,$0.00,$1974.00,$784.00,$2758.00,11,
65,MNQ SEP26,Backtest,DA--VWAPPB_V1,Long,34,20474.75,20569.00,4/3/2024 7:38:00 AM,4/3/2024 1:56:00 PM,DAVWAPPB_V1-0094,FlattenStrategyPositionsLong,$6409.00,$27807.50,$0.00,$0.00,$0.00,$0.00,$0.00,$1564.00,$12002.00,$5593.00,379,
66,MNQ SEP26,Backtest,DA--VWAPPB_V1,Short,32,20712.25,20743.25,4/4/2024 7:57:00 AM,4/4/2024 10:05:00 AM,DAVWAPPB_V1-0095,Stop loss,($1984.00),$25823.50,$0.00,$0.00,$0.00,$0.00,$0.00,$1984.00,$2112.00,$4096.00,129,
67,MNQ SEP26,Backtest,DA--VWAPPB_V1,Short,58,20350.50,20367.50,4/10/2024 9:02:00 AM,4/10/2024 9:08:00 AM,DAVWAPPB_V1-0098,Stop loss,($1972.00),$23851.50,$0.00,$0.00,$0.00,$0.00,$0.00,$1972.00,$1073.00,$3045.00,7,
68,MNQ SEP26,Backtest,DA--VWAPPB_V1,Short,22,20403.00,20447.75,4/11/2024 8:14:00 AM,4/11/2024 8:41:00 AM,DAVWAPPB_V1-0099,Stop loss,($1969.00),$21882.50,$0.00,$0.00,$0.00,$0.00,$0.00,$1969.00,$1529.00,$3498.00,28,
69,MNQ SEP26,Backtest,DA--VWAPPB_V1,Long,31,20460.50,20692.25,4/11/2024 8:49:00 AM,4/11/2024 1:56:00 PM,DAVWAPPB_V1-0100,FlattenStrategyPositionsLong,$14368.50,$36251.00,$0.00,$0.00,$0.00,$0.00,$0.00,$1844.50,$15996.00,$1627.50,308,
70,MNQ SEP26,Backtest,DA--VWAPPB_V1,Short,34,20485.25,20369.75,4/12/2024 8:09:00 AM,4/12/2024 1:56:00 PM,DAVWAPPB_V1-0101,FlattenStrategyPositionsShort,$7854.00,$44105.00,$0.00,$0.00,$0.00,$0.00,$0.00,$1598.00,$11288.00,$3434.00,348,
71,MNQ SEP26,Backtest,DA--VWAPPB_V1,Short,42,20441.50,20088.50,4/15/2024 8:21:00 AM,4/15/2024 1:56:00 PM,DAVWAPPB_V1-0102,FlattenStrategyPositionsShort,$29652.00,$73757.00,$0.00,$0.00,$0.00,$0.00,$0.00,$588.00,$33663.00,$4011.00,336,
72,MNQ SEP26,Backtest,DA--VWAPPB_V1,Long,44,20100.00,20077.75,4/16/2024 8:03:00 AM,4/16/2024 8:07:00 AM,DAVWAPPB_V1-0103,Stop loss,($1958.00),$71799.00,$0.00,$0.00,$0.00,$0.00,$0.00,$1958.00,$352.00,$2310.00,5,
73,MNQ SEP26,Backtest,DA--VWAPPB_V1,Long,24,20113.50,20073.00,4/16/2024 9:27:00 AM,4/16/2024 10:01:00 AM,DAVWAPPB_V1-0104,Stop loss,($1944.00),$69855.00,$0.00,$0.00,$0.00,$0.00,$0.00,$1944.00,$1116.00,$3060.00,35,
74,MNQ SEP26,Backtest,DA--VWAPPB_V1,Short,51,20088.00,19899.75,4/17/2024 7:58:00 AM,4/17/2024 1:56:00 PM,DAVWAPPB_V1-0105,FlattenStrategyPositionsShort,$19201.50,$89056.50,$0.00,$0.00,$0.00,$0.00,$0.00,$1122.00,$27820.50,$8619.00,359,
75,MNQ SEP26,Backtest,DA--VWAPPB_V1,Long,22,19850.25,19805.75,4/18/2024 8:16:00 AM,4/18/2024 10:53:00 AM,DAVWAPPB_V1-0107,Stop loss,($1958.00),$87098.50,$0.00,$0.00,$0.00,$0.00,$0.00,$1958.00,$4180.00,$6138.00,158,
76,MNQ SEP26,Backtest,DA--VWAPPB_V1,Short,15,19635.50,19700.75,4/19/2024 7:40:00 AM,4/19/2024 7:45:00 AM,DAVWAPPB_V1-0108,Stop loss,($1957.50),$85141.00,$0.00,$0.00,$0.00,$0.00,$0.00,$1957.50,$82.50,$2040.00,6,
77,MNQ SEP26,Backtest,DA--VWAPPB_V1,Short,20,19616.25,19382.50,4/19/2024 8:13:00 AM,4/19/2024 1:56:00 PM,DAVWAPPB_V1-0109,FlattenStrategyPositionsShort,$9350.00,$94491.00,$0.00,$0.00,$0.00,$0.00,$0.00,$970.00,$12130.00,$2780.00,344,
78,MNQ SEP26,Backtest,DA--VWAPPB_V1,Long,29,19524.75,19490.50,4/22/2024 7:54:00 AM,4/22/2024 8:00:00 AM,DAVWAPPB_V1-0110,Stop loss,($1986.50),$92504.50,$0.00,$0.00,$0.00,$0.00,$0.00,$1986.50,$14.50,$2001.00,7,
79,MNQ SEP26,Backtest,DA--VWAPPB_V1,Short,33,19451.00,19481.25,4/22/2024 8:21:00 AM,4/22/2024 10:18:00 AM,DAVWAPPB_V1-0111,Stop loss,($1996.50),$90508.00,$0.00,$0.00,$0.00,$0.00,$0.00,$1996.50,$6798.00,$8794.50,118,
80,MNQ SEP26,Backtest,DA--VWAPPB_V1,Long,16,19971.50,19910.00,4/24/2024 7:40:00 AM,4/24/2024 8:36:00 AM,DAVWAPPB_V1-0113,Stop loss,($1968.00),$88540.00,$0.00,$0.00,$0.00,$0.00,$0.00,$1968.00,$752.00,$2720.00,57,
81,MNQ SEP26,Backtest,DA--VWAPPB_V1,Long,21,19608.00,19561.75,4/25/2024 8:14:00 AM,4/25/2024 8:43:00 AM,DAVWAPPB_V1-0114,Stop loss,($1942.50),$86597.50,$0.00,$0.00,$0.00,$0.00,$0.00,$1942.50,$1638.00,$3580.50,30,
82,MNQ SEP26,Backtest,DA--VWAPPB_V1,Short,26,19543.00,19580.75,4/25/2024 8:56:00 AM,4/25/2024 9:03:00 AM,DAVWAPPB_V1-0115,Stop loss,($1963.00),$84634.50,$0.00,$0.00,$0.00,$0.00,$0.00,$1963.00,$117.00,$2080.00,8,
83,MNQ SEP26,Backtest,DA--VWAPPB_V1,Long,38,20092.75,20067.00,4/29/2024 8:12:00 AM,4/29/2024 9:06:00 AM,DAVWAPPB_V1-0116,Stop loss,($1957.00),$82677.50,$0.00,$0.00,$0.00,$0.00,$0.00,$1957.00,$1748.00,$3705.00,55,
84,MNQ SEP26,Backtest,DA--VWAPPB_V1,Short,32,20051.25,20082.00,4/29/2024 9:36:00 AM,4/29/2024 9:45:00 AM,DAVWAPPB_V1-0117,Stop loss,($1968.00),$80709.50,$0.00,$0.00,$0.00,$0.00,$0.00,$1968.00,$464.00,$2432.00,10,
85,MNQ SEP26,Backtest,DA--VWAPPB_V1,Long,18,20076.50,20023.00,4/30/2024 7:45:00 AM,4/30/2024 8:31:00 AM,DAVWAPPB_V1-0118,Stop loss,($1926.00),$78783.50,$0.00,$0.00,$0.00,$0.00,$0.00,$1926.00,$639.00,$2565.00,47,
86,MNQ SEP26,Backtest,DA--VWAPPB_V1,Short,60,20030.00,19828.75,4/30/2024 9:02:00 AM,4/30/2024 1:56:00 PM,DAVWAPPB_V1-0121,FlattenStrategyPositionsShort,$24150.00,$102933.50,$0.00,$0.00,$0.00,$0.00,$0.00,$450.00,$25020.00,$870.00,295,
87,MNQ SEP26,Backtest,DA--VWAPPB_V1,Short,29,19697.25,19731.00,5/2/2024 7:54:00 AM,5/2/2024 9:00:00 AM,DAVWAPPB_V1-0122,Stop loss,($1957.50),$100976.00,$0.00,$0.00,$0.00,$0.00,$0.00,$1957.50,$6496.00,$8453.50,67,
88,MNQ SEP26,Backtest,DA--VWAPPB_V1,Long,52,20299.25,20280.25,5/6/2024 7:51:00 AM,5/6/2024 8:19:00 AM,DAVWAPPB_V1-0124,Stop loss,($1976.00),$99000.00,$0.00,$0.00,$0.00,$0.00,$0.00,$1976.00,$1742.00,$3718.00,29,
89,MNQ SEP26,Backtest,DA--VWAPPB_V1,Long,41,20423.25,20399.00,5/7/2024 8:19:00 AM,5/7/2024 8:22:00 AM,DAVWAPPB_V1-0125,Stop loss,($1988.50),$97011.50,$0.00,$0.00,$0.00,$0.00,$0.00,$1988.50,$0.00,$1988.50,4,
90,MNQ SEP26,Backtest,DA--VWAPPB_V1,Long,69,20319.50,20383.50,5/8/2024 7:44:00 AM,5/8/2024 1:56:00 PM,DAVWAPPB_V1-0126,FlattenStrategyPositionsLong,$8832.00,$105843.50,$0.00,$0.00,$0.00,$0.00,$0.00,$552.00,$16836.00,$8004.00,373,
91,MNQ SEP26,Backtest,DA--VWAPPB_V1,Short,20,20321.75,20370.50,5/9/2024 7:46:00 AM,5/9/2024 8:05:00 AM,DAVWAPPB_V1-0127,Stop loss,($1950.00),$103893.50,$0.00,$0.00,$0.00,$0.00,$0.00,$1950.00,$580.00,$2530.00,20,
92,MNQ SEP26,Backtest,DA--VWAPPB_V1,Long,23,20519.75,20477.25,5/10/2024 7:38:00 AM,5/10/2024 8:12:00 AM,DAVWAPPB_V1-0128,Stop loss,($1955.00),$101938.50,$0.00,$0.00,$0.00,$0.00,$0.00,$1955.00,$1265.00,$3220.00,35,
93,MNQ SEP26,Backtest,DA--VWAPPB_V1,Short,22,20488.00,20495.50,5/13/2024 7:40:00 AM,5/13/2024 1:56:00 PM,DAVWAPPB_V1-0129,FlattenStrategyPositionsShort,($330.00),$101608.50,$0.00,$0.00,$0.00,$0.00,$0.00,$1012.00,$2376.00,$2706.00,377,
94,MNQ SEP26,Backtest,DA--VWAPPB_V1,Long,29,20517.50,20483.25,5/14/2024 7:46:00 AM,5/14/2024 8:02:00 AM,DAVWAPPB_V1-0130,Stop loss,($1986.50),$99622.00,$0.00,$0.00,$0.00,$0.00,$0.00,$1986.50,$507.50,$2494.00,17,
95,MNQ SEP26,Backtest,DA--VWAPPB_V1,Long,39,20714.25,20892.75,5/15/2024 8:09:00 AM,5/15/2024 1:56:00 PM,DAVWAPPB_V1-0133,FlattenStrategyPositionsLong,$13923.00,$113545.00,$0.00,$0.00,$0.00,$0.00,$0.00,$994.50,$14956.50,$1033.50,348,
96,MNQ SEP26,Backtest,DA--VWAPPB_V1,Long,57,20909.75,20892.50,5/16/2024 7:53:00 AM,5/16/2024 8:07:00 AM,DAVWAPPB_V1-0134,Stop loss,($1966.50),$111578.50,$0.00,$0.00,$0.00,$0.00,$0.00,$1966.50,$684.00,$2650.50,15,
97,MNQ SEP26,Backtest,DA--VWAPPB_V1,Long,63,20856.25,20840.50,5/17/2024 8:29:00 AM,5/17/2024 9:04:00 AM,DAVWAPPB_V1-0135,Stop loss,($1984.50),$109594.00,$0.00,$0.00,$0.00,$0.00,$0.00,$1984.50,$2520.00,$4504.50,36,
98,MNQ SEP26,Backtest,DA--VWAPPB_V1,Short,85,20833.00,20844.75,5/17/2024 9:41:00 AM,5/17/2024 9:55:00 AM,DAVWAPPB_V1-0136,Stop loss,($1997.50),$107596.50,$0.00,$0.00,$0.00,$0.00,$0.00,$1997.50,$2082.50,$4080.00,15,
99,MNQ SEP26,Backtest,DA--VWAPPB_V1,Long,46,20905.75,20948.25,5/20/2024 7:46:00 AM,5/20/2024 1:56:00 PM,DAVWAPPB_V1-0137,FlattenStrategyPositionsLong,$3910.00,$111506.50,$0.00,$0.00,$0.00,$0.00,$0.00,$943.00,$8096.00,$4186.00,371,
100,MNQ SEP26,Backtest,DA--VWAPPB_V1,Long,52,20923.00,20904.00,5/21/2024 8:06:00 AM,5/21/2024 8:08:00 AM,DAVWAPPB_V1-0138,Stop loss,($1976.00),$109530.50,$0.00,$0.00,$0.00,$0.00,$0.00,$1976.00,$78.00,$2054.00,3,
101,MNQ SEP26,Backtest,DA--VWAPPB_V1,Short,17,21062.25,21119.00,5/23/2024 7:54:00 AM,5/23/2024 9:39:00 AM,DAVWAPPB_V1-0139,Stop loss,($1929.50),$107601.00,$0.00,$0.00,$0.00,$0.00,$0.00,$1929.50,$2082.50,$4012.00,106,
102,MNQ SEP26,Backtest,DA--VWAPPB_V1,Long,28,20982.00,20947.00,5/24/2024 7:48:00 AM,5/24/2024 7:51:00 AM,DAVWAPPB_V1-0140,Stop loss,($1960.00),$105641.00,$0.00,$0.00,$0.00,$0.00,$0.00,$1960.00,$0.00,$1960.00,4,
103,MNQ SEP26,Backtest,DA--VWAPPB_V1,Long,25,20984.50,21068.00,5/24/2024 8:06:00 AM,5/24/2024 1:56:00 PM,DAVWAPPB_V1-0141,FlattenStrategyPositionsLong,$4175.00,$109816.00,$0.00,$0.00,$0.00,$0.00,$0.00,$512.50,$7037.50,$2862.50,351,
104,MNQ SEP26,Backtest,DA--VWAPPB_V1,Long,100,21095.50,21085.50,5/27/2024 8:45:00 AM,5/27/2024 6:13:00 PM,DAVWAPPB_V1-0143,Stop loss,($2000.00),$107816.00,$0.00,$0.00,$0.00,$0.00,$0.00,$2000.00,$12200.00,$14200.00,269,
105,MNQ SEP26,Backtest,DA--VWAPPB_V1,Short,29,21089.25,21122.75,5/28/2024 7:40:00 AM,5/28/2024 8:52:00 AM,DAVWAPPB_V1-0144,Stop loss,($1943.00),$105873.00,$0.00,$0.00,$0.00,$0.00,$0.00,$1943.00,$2972.50,$4915.50,73,
106,MNQ SEP26,Backtest,DA--VWAPPB_V1,Short,18,20741.50,20755.75,5/31/2024 7:56:00 AM,5/31/2024 1:56:00 PM,DAVWAPPB_V1-0146,FlattenStrategyPositionsShort,($513.00),$105360.00,$0.00,$0.00,$0.00,$0.00,$0.00,$936.00,$10836.00,$11349.00,361,
107,MNQ SEP26,Backtest,DA--VWAPPB_V1,Short,16,20876.25,20803.75,6/3/2024 7:56:00 AM,6/3/2024 1:56:00 PM,DAVWAPPB_V1-0147,FlattenStrategyPositionsShort,$2320.00,$107680.00,$0.00,$0.00,$0.00,$0.00,$0.00,$1688.00,$7712.00,$5392.00,361,
108,MNQ SEP26,Backtest,DA--VWAPPB_V1,Short,30,20781.50,20814.25,6/4/2024 9:35:00 AM,6/4/2024 10:41:00 AM,DAVWAPPB_V1-0149,Stop loss,($1965.00),$105715.00,$0.00,$0.00,$0.00,$0.00,$0.00,$1965.00,$705.00,$2670.00,67,
109,MNQ SEP26,Backtest,DA--VWAPPB_V1,Short,22,21265.75,21263.75,6/6/2024 7:50:00 AM,6/6/2024 1:56:00 PM,DAVWAPPB_V1-0150,FlattenStrategyPositionsShort,$88.00,$105803.00,$0.00,$0.00,$0.00,$0.00,$0.00,$1760.00,$2145.00,$2057.00,367,
110,MNQ SEP26,Backtest,DA--VWAPPB_V1,Long,41,21220.75,21196.75,6/10/2024 7:44:00 AM,6/10/2024 7:45:00 AM,DAVWAPPB_V1-0151,Stop loss,($1968.00),$103835.00,$0.00,$0.00,$0.00,$0.00,$0.00,$1968.00,$20.50,$1988.50,2,
111,MNQ SEP26,Backtest,DA--VWAPPB_V1,Long,58,21230.25,21301.00,6/10/2024 8:29:00 AM,6/10/2024 1:56:00 PM,DAVWAPPB_V1-0152,FlattenStrategyPositionsLong,$8207.00,$112042.00,$0.00,$0.00,$0.00,$0.00,$0.00,$1015.00,$11455.00,$3248.00,328,
112,MNQ SEP26,Backtest,DA--VWAPPB_V1,Short,22,21801.50,21808.25,6/13/2024 8:14:00 AM,6/13/2024 1:56:00 PM,DAVWAPPB_V1-0156,FlattenStrategyPositionsShort,($297.00),$111745.00,$0.00,$0.00,$0.00,$0.00,$0.00,$715.00,$4499.00,$4796.00,343,
113,MNQ SEP26,Backtest,DA--VWAPPB_V1,Long,76,21796.00,21782.75,6/14/2024 7:45:00 AM,6/14/2024 8:38:00 AM,DAVWAPPB_V1-0157,Stop loss,($2014.00),$109731.00,$0.00,$0.00,$0.00,$0.00,$0.00,$2014.00,$7942.00,$9956.00,54,
114,MNQ SEP26,Backtest,DA--VWAPPB_V1,Long,44,21900.75,21878.25,6/17/2024 8:08:00 AM,6/17/2024 8:28:00 AM,DAVWAPPB_V1-0159,Stop loss,($1980.00),$107751.00,$0.00,$0.00,$0.00,$0.00,$0.00,$1980.00,$1936.00,$3916.00,21,
115,MNQ SEP26,Backtest,DA--VWAPPB_V1,Short,50,22097.75,22117.75,6/18/2024 8:51:00 AM,6/18/2024 9:03:00 AM,DAVWAPPB_V1-0160,Stop loss,($2000.00),$105751.00,$0.00,$0.00,$0.00,$0.00,$0.00,$2000.00,$300.00,$2300.00,13,
116,MNQ SEP26,Backtest,DA--VWAPPB_V1,Long,63,22152.50,22136.75,6/20/2024 9:06:00 AM,6/20/2024 9:20:00 AM,DAVWAPPB_V1-0163,Stop loss,($1984.50),$103766.50,$0.00,$0.00,$0.00,$0.00,$0.00,$1984.50,$1921.50,$3906.00,15,
117,MNQ SEP26,Backtest,DA--VWAPPB_V1,Short,20,21905.00,21954.25,6/21/2024 7:49:00 AM,6/21/2024 9:02:00 AM,DAVWAPPB_V1-0164,Stop loss,($1970.00),$101796.50,$0.00,$0.00,$0.00,$0.00,$0.00,$1970.00,$2090.00,$4060.00,74,
118,MNQ SEP26,Backtest,DA--VWAPPB_V1,Short,13,21799.25,21717.25,6/24/2024 8:46:00 AM,6/24/2024 1:56:00 PM,DAVWAPPB_V1-0165,FlattenStrategyPositionsShort,$2132.00,$103928.50,$0.00,$0.00,$0.00,$0.00,$0.00,$1859.00,$2509.00,$377.00,311,
119,MNQ SEP26,Backtest,DA--VWAPPB_V1,Short,20,21968.00,21940.75,6/27/2024 8:50:00 AM,6/27/2024 1:56:00 PM,DAVWAPPB_V1-0169,FlattenStrategyPositionsShort,$1090.00,$105018.50,$0.00,$0.00,$0.00,$0.00,$0.00,$1480.00,$3000.00,$1910.00,307,
120,MNQ SEP26,Backtest,DA--VWAPPB_V1,Short,24,22084.25,21906.50,6/28/2024 8:58:00 AM,6/28/2024 1:56:00 PM,DAVWAPPB_V1-0170,FlattenStrategyPositionsShort,$8532.00,$113550.50,$0.00,$0.00,$0.00,$0.00,$0.00,$120.00,$11496.00,$2964.00,299,
121,MNQ SEP26,Backtest,DA--VWAPPB_V1,Long,21,21879.50,21833.50,7/1/2024 8:29:00 AM,7/1/2024 8:42:00 AM,DAVWAPPB_V1-0171,Stop loss,($1932.00),$111618.50,$0.00,$0.00,$0.00,$0.00,$0.00,$1932.00,$399.00,$2331.00,14,
122,MNQ SEP26,Backtest,DA--VWAPPB_V1,Long,19,21988.25,22174.25,7/2/2024 7:42:00 AM,7/2/2024 1:56:00 PM,DAVWAPPB_V1-0173,FlattenStrategyPositionsLong,$7068.00,$118686.50,$0.00,$0.00,$0.00,$0.00,$0.00,$1311.00,$7239.00,$171.00,375,
123,MNQ SEP26,Backtest,DA--VWAPPB_V1,Short,244,22330.75,22334.75,7/4/2024 7:40:00 AM,7/4/2024 7:40:00 AM,DAVWAPPB_V1-0174,Stop loss,($1952.00),$116734.50,$0.00,$0.00,$0.00,$0.00,$0.00,$1952.00,$0.00,$1952.00,1,
124,MNQ SEP26,Backtest,DA--VWAPPB_V1,Short,145,22328.50,22335.50,7/4/2024 7:48:00 AM,7/4/2024 5:35:00 PM,DAVWAPPB_V1-0175,Stop loss,($2030.00),$114704.50,$0.00,$0.00,$0.00,$0.00,$0.00,$2030.00,$8337.50,$10367.50,288,
125,MNQ SEP26,Backtest,DA--VWAPPB_V1,Short,17,22631.75,22618.00,7/9/2024 8:31:00 AM,7/9/2024 1:56:00 PM,DAVWAPPB_V1-0176,FlattenStrategyPositionsShort,$467.50,$115172.00,$0.00,$0.00,$0.00,$0.00,$0.00,$1674.50,$2618.00,$2150.50,326,
126,MNQ SEP26,Backtest,DA--VWAPPB_V1,Short,16,22117.00,21973.25,7/17/2024 8:03:00 AM,7/17/2024 1:56:00 PM,DAVWAPPB_V1-0182,FlattenStrategyPositionsShort,$4600.00,$119772.00,$0.00,$0.00,$0.00,$0.00,$0.00,$56.00,$5776.00,$1176.00,354,
127,MNQ SEP26,Backtest,DA--VWAPPB_V1,Short,16,21863.50,21925.75,7/22/2024 8:07:00 AM,7/22/2024 8:40:00 AM,DAVWAPPB_V1-0184,Stop loss,($1992.00),$117780.00,$0.00,$0.00,$0.00,$0.00,$0.00,$1992.00,$952.00,$2944.00,34,
128,MNQ SEP26,Backtest,DA--VWAPPB_V1,Long,17,21949.75,21891.25,7/22/2024 8:42:00 AM,7/22/2024 9:00:00 AM,DAVWAPPB_V1-0185,Stop loss,($1989.00),$115791.00,$0.00,$0.00,$0.00,$0.00,$0.00,$1989.00,$68.00,$2057.00,19,
129,MNQ SEP26,Backtest,DA--VWAPPB_V1,Long,23,21955.00,21911.75,7/23/2024 7:45:00 AM,7/23/2024 8:03:00 AM,DAVWAPPB_V1-0188,Stop loss,($1989.50),$113801.50,$0.00,$0.00,$0.00,$0.00,$0.00,$1989.50,$805.00,$2794.50,19,
130,MNQ SEP26,Backtest,DA--VWAPPB_V1,Short,19,21472.00,21121.00,7/24/2024 7:44:00 AM,7/24/2024 1:56:00 PM,DAVWAPPB_V1-0190,FlattenStrategyPositionsShort,$13338.00,$127139.50,$0.00,$0.00,$0.00,$0.00,$0.00,$1064.00,$13385.50,$47.50,373,
131,MNQ SEP26,Backtest,DA--VWAPPB_V1,Short,14,21048.00,21119.25,7/25/2024 7:50:00 AM,7/25/2024 8:53:00 AM,DAVWAPPB_V1-0191,Stop loss,($1995.00),$125144.50,$0.00,$0.00,$0.00,$0.00,$0.00,$1995.00,$6321.00,$8316.00,57,
132,MNQ SEP26,Backtest,DA--VWAPPB_V1,Long,16,21086.75,21060.00,7/26/2024 9:06:00 AM,7/26/2024 1:56:00 PM,DAVWAPPB_V1-0193,FlattenStrategyPositionsLong,($856.00),$124288.50,$0.00,$0.00,$0.00,$0.00,$0.00,$1832.00,$4832.00,$5688.00,291,
133,MNQ SEP26,Backtest,DA--VWAPPB_V1,Short,14,21190.25,21257.25,7/29/2024 8:16:00 AM,7/29/2024 8:24:00 AM,DAVWAPPB_V1-0195,Stop loss,($1876.00),$122412.50,$0.00,$0.00,$0.00,$0.00,$0.00,$1876.00,$294.00,$2170.00,9,
134,MNQ SEP26,Backtest,DA--VWAPPB_V1,Short,20,21181.75,20915.50,7/30/2024 7:50:00 AM,7/30/2024 1:56:00 PM,DAVWAPPB_V1-0196,FlattenStrategyPositionsShort,$10650.00,$133062.50,$0.00,$0.00,$0.00,$0.00,$0.00,$500.00,$17620.00,$6970.00,367,
135,MNQ SEP26,Backtest,DA--VWAPPB_V1,Long,21,21577.25,21530.25,8/1/2024 7:54:00 AM,8/1/2024 8:06:00 AM,DAVWAPPB_V1-0197,Stop loss,($1974.00),$131088.50,$0.00,$0.00,$0.00,$0.00,$0.00,$1974.00,$1816.50,$3790.50,13,
136,MNQ SEP26,Backtest,DA--VWAPPB_V1,Short,17,21475.00,20931.75,8/1/2024 8:21:00 AM,8/1/2024 1:56:00 PM,DAVWAPPB_V1-0198,FlattenStrategyPositionsShort,$18470.50,$149559.00,$0.00,$0.00,$0.00,$0.00,$0.00,$501.50,$22720.50,$4250.00,336,
137,MNQ SEP26,Backtest,DA--VWAPPB_V1,Long,5,19738.50,19895.25,8/5/2024 7:40:00 AM,8/5/2024 1:56:00 PM,DAVWAPPB_V1-0199,FlattenStrategyPositionsLong,$1567.50,$151126.50,$0.00,$0.00,$0.00,$0.00,$0.00,$1017.50,$4895.00,$3327.50,375,
138,MNQ SEP26,Backtest,DA--VWAPPB_V1,Long,13,20100.25,20155.25,8/6/2024 7:59:00 AM,8/6/2024 1:56:00 PM,DAVWAPPB_V1-0200,FlattenStrategyPositionsLong,$1430.00,$152556.50,$0.00,$0.00,$0.00,$0.00,$0.00,$1540.50,$8359.00,$6929.00,358,
139,MNQ SEP26,Backtest,DA--VWAPPB_V1,Long,17,20482.75,20427.00,8/7/2024 8:52:00 AM,8/7/2024 9:15:00 AM,DAVWAPPB_V1-0202,Stop loss,($1895.50),$150661.00,$0.00,$0.00,$0.00,$0.00,$0.00,$1895.50,$187.00,$2082.50,24,
140,MNQ SEP26,Backtest,DA--VWAPPB_V1,Short,10,20009.50,20108.50,8/8/2024 7:52:00 AM,8/8/2024 7:55:00 AM,DAVWAPPB_V1-0204,Stop loss,($1980.00),$148681.00,$0.00,$0.00,$0.00,$0.00,$0.00,$1980.00,$120.00,$2100.00,4,
141,MNQ SEP26,Backtest,DA--VWAPPB_V1,Long,9,20206.00,20424.00,8/8/2024 8:05:00 AM,8/8/2024 1:56:00 PM,DAVWAPPB_V1-0205,FlattenStrategyPositionsLong,$3924.00,$152605.00,$0.00,$0.00,$0.00,$0.00,$0.00,$666.00,$5193.00,$1269.00,352,
142,MNQ SEP26,Backtest,DA--VWAPPB_V1,Short,22,20385.75,20431.00,8/9/2024 8:37:00 AM,8/9/2024 8:47:00 AM,DAVWAPPB_V1-0206,Stop loss,($1991.00),$150614.00,$0.00,$0.00,$0.00,$0.00,$0.00,$1991.00,$396.00,$2387.00,11,
143,MNQ SEP26,Backtest,DA--VWAPPB_V1,Long,18,20485.75,20432.75,8/9/2024 8:56:00 AM,8/9/2024 9:39:00 AM,DAVWAPPB_V1-0207,Stop loss,($1908.00),$148706.00,$0.00,$0.00,$0.00,$0.00,$0.00,$1908.00,$1188.00,$3096.00,44,
144,MNQ SEP26,Backtest,DA--VWAPPB_V1,Short,15,20522.00,20586.75,8/12/2024 7:45:00 AM,8/12/2024 8:14:00 AM,DAVWAPPB_V1-0208,Stop loss,($1942.50),$146763.50,$0.00,$0.00,$0.00,$0.00,$0.00,$1942.50,$1777.50,$3720.00,30,
145,MNQ SEP26,Backtest,DA--VWAPPB_V1,Short,28,20544.75,20579.50,8/12/2024 9:33:00 AM,8/12/2024 9:49:00 AM,DAVWAPPB_V1-0209,Stop loss,($1946.00),$144817.50,$0.00,$0.00,$0.00,$0.00,$0.00,$1946.00,$840.00,$2786.00,17,
146,MNQ SEP26,Backtest,DA--VWAPPB_V1,Long,21,20846.00,20800.25,8/13/2024 7:53:00 AM,8/13/2024 8:34:00 AM,DAVWAPPB_V1-0210,Stop loss,($1921.50),$142896.00,$0.00,$0.00,$0.00,$0.00,$0.00,$1921.50,$619.50,$2541.00,42,
147,MNQ SEP26,Backtest,DA--VWAPPB_V1,Short,25,21010.50,21050.25,8/14/2024 7:50:00 AM,8/14/2024 9:31:00 AM,DAVWAPPB_V1-0211,Stop loss,($1987.50),$140908.50,$0.00,$0.00,$0.00,$0.00,$0.00,$1987.50,$7312.50,$9300.00,102,
148,MNQ SEP26,Backtest,DA--VWAPPB_V1,Long,27,21361.00,21497.75,8/15/2024 7:55:00 AM,8/15/2024 1:56:00 PM,DAVWAPPB_V1-0212,FlattenStrategyPositionsLong,$7384.50,$148293.00,$0.00,$0.00,$0.00,$0.00,$0.00,$904.50,$9787.50,$2403.00,362,
149,MNQ SEP26,Backtest,DA--VWAPPB_V1,Long,30,21555.50,21777.00,8/19/2024 8:33:00 AM,8/19/2024 1:56:00 PM,DAVWAPPB_V1-0213,FlattenStrategyPositionsLong,$13290.00,$161583.00,$0.00,$0.00,$0.00,$0.00,$0.00,$1455.00,$13650.00,$360.00,324,
150,MNQ SEP26,Backtest,DA--VWAPPB_V1,Long,29,21804.00,21770.75,8/20/2024 7:38:00 AM,8/20/2024 8:13:00 AM,DAVWAPPB_V1-0214,Stop loss,($1928.50),$159654.50,$0.00,$0.00,$0.00,$0.00,$0.00,$1928.50,$3451.00,$5379.50,36,
151,MNQ SEP26,Backtest,DA--VWAPPB_V1,Short,24,21757.50,21797.50,8/20/2024 8:19:00 AM,8/20/2024 12:24:00 PM,DAVWAPPB_V1-0215,Stop loss,($1920.00),$157734.50,$0.00,$0.00,$0.00,$0.00,$0.00,$1920.00,$3636.00,$5556.00,246,
152,MNQ SEP26,Backtest,DA--VWAPPB_V1,Long,44,21820.50,21798.00,8/21/2024 8:01:00 AM,8/21/2024 8:15:00 AM,DAVWAPPB_V1-0216,Stop loss,($1980.00),$155754.50,$0.00,$0.00,$0.00,$0.00,$0.00,$1980.00,$2926.00,$4906.00,15,
153,MNQ SEP26,Backtest,DA--VWAPPB_V1,Short,35,21767.25,21795.50,8/21/2024 9:01:00 AM,8/21/2024 9:06:00 AM,DAVWAPPB_V1-0217,Stop loss,($1977.50),$153777.00,$0.00,$0.00,$0.00,$0.00,$0.00,$1977.50,$1890.00,$3867.50,6,
154,MNQ SEP26,Backtest,DA--VWAPPB_V1,Short,18,21869.25,21510.00,8/22/2024 8:09:00 AM,8/22/2024 1:56:00 PM,DAVWAPPB_V1-0218,FlattenStrategyPositionsShort,$12933.00,$166710.00,$0.00,$0.00,$0.00,$0.00,$0.00,$405.00,$13743.00,$810.00,348,
155,MNQ SEP26,Backtest,DA--VWAPPB_V1,Long,11,21790.75,21700.75,8/23/2024 8:10:00 AM,8/23/2024 8:47:00 AM,DAVWAPPB_V1-0219,Stop loss,($1980.00),$164730.00,$0.00,$0.00,$0.00,$0.00,$0.00,$1980.00,$1127.50,$3107.50,38,
156,MNQ SEP26,Backtest,DA--VWAPPB_V1,Short,26,21672.75,21526.00,8/26/2024 7:49:00 AM,8/26/2024 1:56:00 PM,DAVWAPPB_V1-0220,FlattenStrategyPositionsShort,$7631.00,$172361.00,$0.00,$0.00,$0.00,$0.00,$0.00,$715.00,$11830.00,$4199.00,368,
157,MNQ SEP26,Backtest,DA--VWAPPB_V1,Short,19,21393.50,21444.00,8/27/2024 7:46:00 AM,8/27/2024 7:50:00 AM,DAVWAPPB_V1-0221,Stop loss,($1919.00),$170442.00,$0.00,$0.00,$0.00,$0.00,$0.00,$1919.00,$494.00,$2413.00,5,
158,MNQ SEP26,Backtest,DA--VWAPPB_V1,Long,33,21489.25,21573.25,8/27/2024 8:01:00 AM,8/27/2024 1:56:00 PM,DAVWAPPB_V1-0222,FlattenStrategyPositionsLong,$5544.00,$175986.00,$0.00,$0.00,$0.00,$0.00,$0.00,$1303.50,$9504.00,$3960.00,356,
159,MNQ SEP26,Backtest,DA--VWAPPB_V1,Short,13,21498.00,21398.25,8/28/2024 7:48:00 AM,8/28/2024 1:56:00 PM,DAVWAPPB_V1-0223,FlattenStrategyPositionsShort,$2593.50,$178579.50,$0.00,$0.00,$0.00,$0.00,$0.00,$890.50,$7319.00,$4725.50,369,
160,MNQ SEP26,Backtest,DA--VWAPPB_V1,Short,19,21475.25,21527.75,8/29/2024 8:24:00 AM,8/29/2024 8:27:00 AM,DAVWAPPB_V1-0225,Stop loss,($1995.00),$176584.50,$0.00,$0.00,$0.00,$0.00,$0.00,$1995.00,$114.00,$2109.00,4,
161,MNQ SEP26,Backtest,DA--VWAPPB_V1,Long,17,21560.75,21502.50,8/30/2024 8:03:00 AM,8/30/2024 8:16:00 AM,DAVWAPPB_V1-0226,Stop loss,($1980.50),$174604.00,$0.00,$0.00,$0.00,$0.00,$0.00,$1980.50,$204.00,$2184.50,14,
162,MNQ SEP26,Backtest,DA--VWAPPB_V1,Short,12,21413.00,21496.00,8/30/2024 9:00:00 AM,8/30/2024 1:29:00 PM,DAVWAPPB_V1-0228,Stop loss,($1992.00),$172612.00,$0.00,$0.00,$0.00,$0.00,$0.00,$1992.00,$2502.00,$4494.00,270,
163,MNQ SEP26,Backtest,DA--VWAPPB_V1,Short,60,21554.25,21571.00,9/2/2024 8:03:00 AM,9/2/2024 8:34:00 AM,DAVWAPPB_V1-0230,Stop loss,($2010.00),$170602.00,$0.00,$0.00,$0.00,$0.00,$0.00,$2010.00,$3330.00,$5340.00,32,
164,MNQ SEP26,Backtest,DA--VWAPPB_V1,Long,31,21574.25,21542.50,9/2/2024 8:36:00 AM,9/2/2024 5:22:00 PM,DAVWAPPB_V1-0231,Stop loss,($1968.50),$168633.50,$0.00,$0.00,$0.00,$0.00,$0.00,$1968.50,$2945.00,$4913.50,227,
165,MNQ SEP26,Backtest,DA--VWAPPB_V1,Short,24,21328.00,20911.50,9/3/2024 7:41:00 AM,9/3/2024 1:56:00 PM,DAVWAPPB_V1-0232,FlattenStrategyPositionsShort,$19992.00,$188625.50,$0.00,$0.00,$0.00,$0.00,$0.00,$1488.00,$22956.00,$2964.00,376,
166,MNQ SEP26,Backtest,DA--VWAPPB_V1,Long,23,20908.25,20865.25,9/4/2024 7:49:00 AM,9/4/2024 8:01:00 AM,DAVWAPPB_V1-0233,Stop loss,($1978.00),$186647.50,$0.00,$0.00,$0.00,$0.00,$0.00,$1978.00,$989.00,$2967.00,13,
167,MNQ SEP26,Backtest,DA--VWAPPB_V1,Long,12,20964.75,20886.25,9/4/2024 8:34:00 AM,9/4/2024 12:52:00 PM,DAVWAPPB_V1-0234,Stop loss,($1884.00),$184763.50,$0.00,$0.00,$0.00,$0.00,$0.00,$1884.00,$2136.00,$4020.00,259,
168,MNQ SEP26,Backtest,DA--VWAPPB_V1,Long,14,20987.00,20916.00,9/5/2024 7:58:00 AM,9/5/2024 9:01:00 AM,DAVWAPPB_V1-0237,Stop loss,($1988.00),$182775.50,$0.00,$0.00,$0.00,$0.00,$0.00,$1988.00,$2856.00,$4844.00,64,
169,MNQ SEP26,Backtest,DA--VWAPPB_V1,Long,14,20654.50,20585.00,9/9/2024 8:13:00 AM,9/9/2024 8:20:00 AM,DAVWAPPB_V1-0239,Stop loss,($1946.00),$180829.50,$0.00,$0.00,$0.00,$0.00,$0.00,$1946.00,$42.00,$1988.00,8,
170,MNQ SEP26,Backtest,DA--VWAPPB_V1,Short,36,20574.50,20602.00,9/9/2024 8:25:00 AM,9/9/2024 10:05:00 AM,DAVWAPPB_V1-0240,Stop loss,($1980.00),$178849.50,$0.00,$0.00,$0.00,$0.00,$0.00,$1980.00,$9972.00,$11952.00,101,
171,MNQ SEP26,Backtest,DA--VWAPPB_V1,Short,26,20648.25,20685.50,9/10/2024 8:23:00 AM,9/10/2024 8:27:00 AM,DAVWAPPB_V1-0241,Stop loss,($1937.00),$176912.50,$0.00,$0.00,$0.00,$0.00,$0.00,$1937.00,$481.00,$2418.00,5,
172,MNQ SEP26,Backtest,DA--VWAPPB_V1,Long,26,20720.25,20681.75,9/10/2024 9:29:00 AM,9/10/2024 9:40:00 AM,DAVWAPPB_V1-0242,Stop loss,($2002.00),$174910.50,$0.00,$0.00,$0.00,$0.00,$0.00,$2002.00,$468.00,$2470.00,12,
173,MNQ SEP26,Backtest,DA--VWAPPB_V1,Short,11,20767.25,20851.75,9/11/2024 7:41:00 AM,9/11/2024 10:30:00 AM,DAVWAPPB_V1-0243,Stop loss,($1859.00),$173051.50,$0.00,$0.00,$0.00,$0.00,$0.00,$1859.00,$6176.50,$8035.50,170,
174,MNQ SEP26,Backtest,DA--VWAPPB_V1,Long,22,21416.50,21372.00,9/13/2024 7:41:00 AM,9/13/2024 8:01:00 AM,DAVWAPPB_V1-0244,Stop loss,($1958.00),$171093.50,$0.00,$0.00,$0.00,$0.00,$0.00,$1958.00,$1111.00,$3069.00,21,
175,MNQ SEP26,Backtest,DA--VWAPPB_V1,Long,23,21359.25,21317.00,9/16/2024 7:54:00 AM,9/16/2024 8:27:00 AM,DAVWAPPB_V1-0246,Stop loss,($1943.50),$169150.00,$0.00,$0.00,$0.00,$0.00,$0.00,$1943.50,$1932.00,$3875.50,34,
176,MNQ SEP26,Backtest,DA--VWAPPB_V1,Short,19,21280.25,21331.50,9/16/2024 8:34:00 AM,9/16/2024 9:25:00 AM,DAVWAPPB_V1-0247,Stop loss,($1947.50),$167202.50,$0.00,$0.00,$0.00,$0.00,$0.00,$1947.50,$1805.00,$3752.50,52,
177,MNQ SEP26,Backtest,DA--VWAPPB_V1,Long,18,21548.50,21494.00,9/17/2024 8:48:00 AM,9/17/2024 8:59:00 AM,DAVWAPPB_V1-0250,Stop loss,($1962.00),$165240.50,$0.00,$0.00,$0.00,$0.00,$0.00,$1962.00,$198.00,$2160.00,12,
178,MNQ SEP26,Backtest,DA--VWAPPB_V1,Short,49,21457.75,21477.75,9/17/2024 9:38:00 AM,9/17/2024 9:47:00 AM,DAVWAPPB_V1-0251,Stop loss,($1960.00),$163280.50,$0.00,$0.00,$0.00,$0.00,$0.00,$1960.00,$1323.00,$3283.00,10,
179,MNQ SEP26,Backtest,DA--VWAPPB_V1,Short,19,21699.50,21751.00,9/20/2024 8:01:00 AM,9/20/2024 1:22:00 PM,DAVWAPPB_V1-0254,Stop loss,($1957.00),$161323.50,$0.00,$0.00,$0.00,$0.00,$0.00,$1957.00,$5168.00,$7125.00,322,
180,MNQ SEP26,Backtest,DA--VWAPPB_V1,Short,26,21755.75,21793.75,9/23/2024 9:08:00 AM,9/23/2024 9:29:00 AM,DAVWAPPB_V1-0255,Stop loss,($1976.00),$159347.50,$0.00,$0.00,$0.00,$0.00,$0.00,$1976.00,$273.00,$2249.00,22,
181,MNQ SEP26,Backtest,DA--VWAPPB_V1,Long,31,21806.00,21773.75,9/23/2024 9:34:00 AM,9/23/2024 10:13:00 AM,DAVWAPPB_V1-0256,Stop loss,($1999.50),$157348.00,$0.00,$0.00,$0.00,$0.00,$0.00,$1999.50,$1457.00,$3456.50,40,
182,MNQ SEP26,Backtest,DA--VWAPPB_V1,Long,29,21780.75,21851.50,9/24/2024 9:02:00 AM,9/24/2024 1:56:00 PM,DAVWAPPB_V1-0258,FlattenStrategyPositionsLong,$4103.50,$161451.50,$0.00,$0.00,$0.00,$0.00,$0.00,$478.50,$7975.00,$3871.50,295,
183,MNQ SEP26,Backtest,DA--VWAPPB_V1,Short,21,21902.50,21949.25,9/30/2024 8:04:00 AM,9/30/2024 10:09:00 AM,DAVWAPPB_V1-0265,Stop loss,($1963.50),$159488.00,$0.00,$0.00,$0.00,$0.00,$0.00,$1963.50,$3003.00,$4966.50,126,
184,MNQ SEP26,Backtest,DA--VWAPPB_V1,Short,8,21847.25,21671.25,10/1/2024 7:38:00 AM,10/1/2024 1:56:00 PM,DAVWAPPB_V1-0266,FlattenStrategyPositionsShort,$2816.00,$162304.00,$0.00,$0.00,$0.00,$0.00,$0.00,$208.00,$5212.00,$2396.00,379,
185,MNQ SEP26,Backtest,DA--VWAPPB_V1,Short,17,21576.50,21634.50,10/2/2024 7:42:00 AM,10/2/2024 7:58:00 AM,DAVWAPPB_V1-0267,Stop loss,($1972.00),$160332.00,$0.00,$0.00,$0.00,$0.00,$0.00,$1972.00,$1343.00,$3315.00,17,
186,MNQ SEP26,Backtest,DA--VWAPPB_V1,Long,19,21681.75,21631.50,10/3/2024 7:39:00 AM,10/3/2024 8:43:00 AM,DAVWAPPB_V1-0269,Stop loss,($1909.50),$158422.50,$0.00,$0.00,$0.00,$0.00,$0.00,$1909.50,$5196.50,$7106.00,65,
187,MNQ SEP26,Backtest,DA--VWAPPB_V1,Long,16,21730.75,21672.00,10/3/2024 9:35:00 AM,10/3/2024 10:44:00 AM,DAVWAPPB_V1-0271,Stop loss,($1880.00),$156542.50,$0.00,$0.00,$0.00,$0.00,$0.00,$1880.00,$1040.00,$2920.00,70,
188,MNQ SEP26,Backtest,DA--VWAPPB_V1,Long,25,21871.75,21832.00,10/7/2024 8:20:00 AM,10/7/2024 9:03:00 AM,DAVWAPPB_V1-0272,Stop loss,($1987.50),$154555.00,$0.00,$0.00,$0.00,$0.00,$0.00,$1987.50,$975.00,$2962.50,44,
189,MNQ SEP26,Backtest,DA--VWAPPB_V1,Long,15,21849.75,22026.00,10/8/2024 7:57:00 AM,10/8/2024 1:56:00 PM,DAVWAPPB_V1-0273,FlattenStrategyPositionsLong,$5287.50,$159842.50,$0.00,$0.00,$0.00,$0.00,$0.00,$307.50,$5497.50,$210.00,360,
190,MNQ SEP26,Backtest,DA--VWAPPB_V1,Long,27,22007.75,22177.50,10/9/2024 8:15:00 AM,10/9/2024 1:56:00 PM,DAVWAPPB_V1-0274,FlattenStrategyPositionsLong,$9166.50,$169009.00,$0.00,$0.00,$0.00,$0.00,$0.00,$661.50,$9612.00,$445.50,342,
191,MNQ SEP26,Backtest,DA--VWAPPB_V1,Long,15,22111.75,22175.00,10/11/2024 8:10:00 AM,10/11/2024 1:56:00 PM,DAVWAPPB_V1-0276,FlattenStrategyPositionsLong,$1897.50,$170906.50,$0.00,$0.00,$0.00,$0.00,$0.00,$517.50,$2587.50,$690.00,347,
192,MNQ SEP26,Backtest,DA--VWAPPB_V1,Long,21,22334.25,22286.75,10/14/2024 7:49:00 AM,10/14/2024 8:53:00 AM,DAVWAPPB_V1-0278,Stop loss,($1995.00),$168911.50,$0.00,$0.00,$0.00,$0.00,$0.00,$1995.00,$2068.50,$4063.50,65,
193,MNQ SEP26,Backtest,DA--VWAPPB_V1,Short,43,22291.25,22314.00,10/14/2024 8:58:00 AM,10/14/2024 10:37:00 AM,DAVWAPPB_V1-0279,Stop loss,($1956.50),$166955.00,$0.00,$0.00,$0.00,$0.00,$0.00,$1956.50,$5396.50,$7353.00,100,
194,MNQ SEP26,Backtest,DA--VWAPPB_V1,Short,20,22281.75,22037.75,10/15/2024 8:16:00 AM,10/15/2024 1:56:00 PM,DAVWAPPB_V1-0280,FlattenStrategyPositionsShort,$9760.00,$176715.00,$0.00,$0.00,$0.00,$0.00,$0.00,$310.00,$12970.00,$3210.00,341,
195,MNQ SEP26,Backtest,DA--VWAPPB_V1,Short,21,21988.75,22035.25,10/16/2024 7:39:00 AM,10/16/2024 8:25:00 AM,DAVWAPPB_V1-0281,Stop loss,($1953.00),$174762.00,$0.00,$0.00,$0.00,$0.00,$0.00,$1953.00,$3360.00,$5313.00,47,
196,MNQ SEP26,Backtest,DA--VWAPPB_V1,Short,20,21953.25,22001.75,10/16/2024 8:45:00 AM,10/16/2024 8:52:00 AM,DAVWAPPB_V1-0282,Stop loss,($1940.00),$172822.00,$0.00,$0.00,$0.00,$0.00,$0.00,$1940.00,$140.00,$2080.00,8,
197,MNQ SEP26,Backtest,DA--VWAPPB_V1,Long,36,22169.00,22141.25,10/17/2024 9:35:00 AM,10/17/2024 12:06:00 PM,DAVWAPPB_V1-0284,Stop loss,($1998.00),$170824.00,$0.00,$0.00,$0.00,$0.00,$0.00,$1998.00,$4572.00,$6570.00,152,
198,MNQ SEP26,Backtest,DA--VWAPPB_V1,Long,29,22218.25,22184.75,10/18/2024 8:12:00 AM,10/18/2024 8:17:00 AM,DAVWAPPB_V1-0285,Stop loss,($1943.00),$168881.00,$0.00,$0.00,$0.00,$0.00,$0.00,$1943.00,$275.50,$2218.50,6,
199,MNQ SEP26,Backtest,DA--VWAPPB_V1,Long,36,22194.75,22167.00,10/21/2024 7:51:00 AM,10/21/2024 8:40:00 AM,DAVWAPPB_V1-0286,Stop loss,($1998.00),$166883.00,$0.00,$0.00,$0.00,$0.00,$0.00,$1998.00,$4536.00,$6534.00,50,
200,MNQ SEP26,Backtest,DA--VWAPPB_V1,Long,32,22136.00,22273.50,10/22/2024 7:43:00 AM,10/22/2024 1:56:00 PM,DAVWAPPB_V1-0287,FlattenStrategyPositionsLong,$8800.00,$175683.00,$0.00,$0.00,$0.00,$0.00,$0.00,$464.00,$10848.00,$2048.00,374,
201,MNQ SEP26,Backtest,DA--VWAPPB_V1,Long,70,22136.25,22122.25,10/23/2024 8:44:00 AM,10/23/2024 8:53:00 AM,DAVWAPPB_V1-0291,Stop loss,($1960.00),$173723.00,$0.00,$0.00,$0.00,$0.00,$0.00,$1960.00,$3535.00,$5495.00,10,
202,MNQ SEP26,Backtest,DA--VWAPPB_V1,Short,30,22094.00,21902.75,10/23/2024 9:01:00 AM,10/23/2024 1:56:00 PM,DAVWAPPB_V1-0292,FlattenStrategyPositionsShort,$11475.00,$185198.00,$0.00,$0.00,$0.00,$0.00,$0.00,$1665.00,$18690.00,$7215.00,296,
203,MNQ SEP26,Backtest,DA--VWAPPB_V1,Short,58,22020.00,22037.25,10/24/2024 9:00:00 AM,10/24/2024 9:03:00 AM,DAVWAPPB_V1-0293,Stop loss,($2001.00),$183197.00,$0.00,$0.00,$0.00,$0.00,$0.00,$2001.00,$812.00,$2813.00,4,
204,MNQ SEP26,Backtest,DA--VWAPPB_V1,Long,48,22068.75,22048.25,10/24/2024 9:20:00 AM,10/24/2024 9:23:00 AM,DAVWAPPB_V1-0294,Stop loss,($1968.00),$181229.00,$0.00,$0.00,$0.00,$0.00,$0.00,$1968.00,$240.00,$2208.00,4,
205,MNQ SEP26,Backtest,DA--VWAPPB_V1,Long,39,22258.50,22233.25,10/25/2024 7:40:00 AM,10/25/2024 11:36:00 AM,DAVWAPPB_V1-0295,Stop loss,($1969.50),$179259.50,$0.00,$0.00,$0.00,$0.00,$0.00,$1969.50,$11895.00,$13864.50,237,
206,MNQ SEP26,Backtest,DA--VWAPPB_V1,Short,30,22267.25,22300.00,10/28/2024 7:46:00 AM,10/28/2024 8:22:00 AM,DAVWAPPB_V1-0296,Stop loss,($1965.00),$177294.50,$0.00,$0.00,$0.00,$0.00,$0.00,$1965.00,$2145.00,$4110.00,37,
207,MNQ SEP26,Backtest,DA--VWAPPB_V1,Short,45,22249.00,22271.25,10/28/2024 9:09:00 AM,10/28/2024 9:14:00 AM,DAVWAPPB_V1-0297,Stop loss,($2002.50),$175292.00,$0.00,$0.00,$0.00,$0.00,$0.00,$2002.50,$225.00,$2227.50,6,
208,MNQ SEP26,Backtest,DA--VWAPPB_V1,Long,20,22242.75,22414.75,10/29/2024 8:05:00 AM,10/29/2024 1:56:00 PM,DAVWAPPB_V1-0299,FlattenStrategyPositionsLong,$6880.00,$182172.00,$0.00,$0.00,$0.00,$0.00,$0.00,$1130.00,$8290.00,$1410.00,352,
209,MNQ SEP26,Backtest,DA--VWAPPB_V1,Short,12,22255.75,22335.25,10/30/2024 7:45:00 AM,10/30/2024 7:57:00 AM,DAVWAPPB_V1-0300,Stop loss,($1908.00),$180264.00,$0.00,$0.00,$0.00,$0.00,$0.00,$1908.00,$186.00,$2094.00,13,
210,MNQ SEP26,Backtest,DA--VWAPPB_V1,Long,32,22338.00,22307.00,10/30/2024 8:01:00 AM,10/30/2024 11:35:00 AM,DAVWAPPB_V1-0301,Stop loss,($1984.00),$178280.00,$0.00,$0.00,$0.00,$0.00,$0.00,$1984.00,$4160.00,$6144.00,215,
211,MNQ SEP26,Backtest,DA--VWAPPB_V1,Short,13,21926.25,21746.25,10/31/2024 7:48:00 AM,10/31/2024 1:56:00 PM,DAVWAPPB_V1-0302,FlattenStrategyPositionsShort,$4680.00,$182960.00,$0.00,$0.00,$0.00,$0.00,$0.00,$344.50,$5590.00,$910.00,369,
212,MNQ SEP26,Backtest,DA--VWAPPB_V1,Long,22,21921.75,22025.50,11/5/2024 7:38:00 AM,11/5/2024 1:56:00 PM,DAVWAPPB_V1-0305,FlattenStrategyPositionsLong,$4565.00,$187525.00,$0.00,$0.00,$0.00,$0.00,$0.00,$1133.00,$6809.00,$2244.00,379,
213,MNQ SEP26,Backtest,DA--VWAPPB_V1,Long,14,22481.50,22413.25,11/6/2024 7:40:00 AM,11/6/2024 7:47:00 AM,DAVWAPPB_V1-0306,Stop loss,($1911.00),$185614.00,$0.00,$0.00,$0.00,$0.00,$0.00,$1911.00,$805.00,$2716.00,8,
214,MNQ SEP26,Backtest,DA--VWAPPB_V1,Short,21,22360.75,22406.25,11/6/2024 7:59:00 AM,11/6/2024 8:02:00 AM,DAVWAPPB_V1-0307,Stop loss,($1911.00),$183703.00,$0.00,$0.00,$0.00,$0.00,$0.00,$1911.00,$504.00,$2415.00,4,
215,MNQ SEP26,Backtest,DA--VWAPPB_V1,Short,21,22943.50,22900.75,11/11/2024 7:43:00 AM,11/11/2024 1:56:00 PM,DAVWAPPB_V1-0308,FlattenStrategyPositionsShort,$1795.50,$185498.50,$0.00,$0.00,$0.00,$0.00,$0.00,$483.00,$5953.50,$4158.00,374,
216,MNQ SEP26,Backtest,DA--VWAPPB_V1,Short,26,22884.50,22890.50,11/12/2024 9:00:00 AM,11/12/2024 1:56:00 PM,DAVWAPPB_V1-0310,FlattenStrategyPositionsShort,($312.00),$185186.50,$0.00,$0.00,$0.00,$0.00,$0.00,$1560.00,$6565.00,$6877.00,297,
217,MNQ SEP26,Backtest,DA--VWAPPB_V1,Short,26,22813.00,22850.50,11/13/2024 8:06:00 AM,11/13/2024 9:21:00 AM,DAVWAPPB_V1-0311,Stop loss,($1950.00),$183236.50,$0.00,$0.00,$0.00,$0.00,$0.00,$1950.00,$2704.00,$4654.00,76,
218,MNQ SEP26,Backtest,DA--VWAPPB_V1,Long,34,22833.50,22804.50,11/14/2024 8:48:00 AM,11/14/2024 8:57:00 AM,DAVWAPPB_V1-0312,Stop loss,($1972.00),$181264.50,$0.00,$0.00,$0.00,$0.00,$0.00,$1972.00,$578.00,$2550.00,10,
219,MNQ SEP26,Backtest,DA--VWAPPB_V1,Short,25,22402.00,22441.75,11/15/2024 7:41:00 AM,11/15/2024 7:50:00 AM,DAVWAPPB_V1-0313,Stop loss,($1987.50),$179277.00,$0.00,$0.00,$0.00,$0.00,$0.00,$1987.50,$575.00,$2562.50,10,
220,MNQ SEP26,Backtest,DA--VWAPPB_V1,Short,31,22375.50,22204.25,11/15/2024 8:05:00 AM,11/15/2024 1:56:00 PM,DAVWAPPB_V1-0314,FlattenStrategyPositionsShort,$10617.50,$189894.50,$0.00,$0.00,$0.00,$0.00,$0.00,$1116.00,$16538.50,$5921.00,352,
221,MNQ SEP26,Backtest,DA--VWAPPB_V1,Short,21,22213.75,22259.75,11/18/2024 7:51:00 AM,11/18/2024 8:03:00 AM,DAVWAPPB_V1-0315,Stop loss,($1932.00),$187962.50,$0.00,$0.00,$0.00,$0.00,$0.00,$1932.00,$409.50,$2341.50,13,
222,MNQ SEP26,Backtest,DA--VWAPPB_V1,Long,20,22283.25,22234.25,11/19/2024 7:44:00 AM,11/19/2024 7:51:00 AM,DAVWAPPB_V1-0316,Stop loss,($1960.00),$186002.50,$0.00,$0.00,$0.00,$0.00,$0.00,$1960.00,$280.00,$2240.00,8,
223,MNQ SEP26,Backtest,DA--VWAPPB_V1,Long,18,22314.75,22456.00,11/19/2024 8:34:00 AM,11/19/2024 1:56:00 PM,DAVWAPPB_V1-0317,FlattenStrategyPositionsLong,$5085.00,$191087.50,$0.00,$0.00,$0.00,$0.00,$0.00,$486.00,$6525.00,$1440.00,323,
224,MNQ SEP26,Backtest,DA--VWAPPB_V1,Short,17,22383.25,22441.75,11/20/2024 7:40:00 AM,11/20/2024 1:41:00 PM,DAVWAPPB_V1-0318,Stop loss,($1989.00),$189098.50,$0.00,$0.00,$0.00,$0.00,$0.00,$1989.00,$6885.00,$8874.00,362,
225,MNQ SEP26,Backtest,DA--VWAPPB_V1,Short,10,22352.25,22445.25,11/21/2024 8:01:00 AM,11/21/2024 9:07:00 AM,DAVWAPPB_V1-0319,Stop loss,($1860.00),$187238.50,$0.00,$0.00,$0.00,$0.00,$0.00,$1860.00,$2695.00,$4555.00,67,
226,MNQ SEP26,Backtest,DA--VWAPPB_V1,Long,26,22551.00,22513.75,11/22/2024 7:46:00 AM,11/22/2024 7:51:00 AM,DAVWAPPB_V1-0320,Stop loss,($1937.00),$185301.50,$0.00,$0.00,$0.00,$0.00,$0.00,$1937.00,$1339.00,$3276.00,6,
227,MNQ SEP26,Backtest,DA--VWAPPB_V1,Long,20,22538.25,22489.25,11/22/2024 8:45:00 AM,11/22/2024 9:16:00 AM,DAVWAPPB_V1-0323,Stop loss,($1960.00),$183341.50,$0.00,$0.00,$0.00,$0.00,$0.00,$1960.00,$700.00,$2660.00,32,
228,MNQ SEP26,Backtest,DA--VWAPPB_V1,Short,51,22477.75,22497.00,11/22/2024 9:26:00 AM,11/22/2024 9:39:00 AM,DAVWAPPB_V1-0324,Stop loss,($1963.50),$181378.00,$0.00,$0.00,$0.00,$0.00,$0.00,$1963.50,$2550.00,$4513.50,14,
229,MNQ SEP26,Backtest,DA--VWAPPB_V1,Short,8,22630.00,22578.25,11/25/2024 7:56:00 AM,11/25/2024 1:56:00 PM,DAVWAPPB_V1-0325,FlattenStrategyPositionsShort,$828.00,$182206.00,$0.00,$0.00,$0.00,$0.00,$0.00,$572.00,$2340.00,$1512.00,361,
230,MNQ SEP26,Backtest,DA--VWAPPB_V1,Long,27,22693.50,22657.00,11/26/2024 8:46:00 AM,11/26/2024 8:52:00 AM,DAVWAPPB_V1-0327,Stop loss,($1971.00),$180235.00,$0.00,$0.00,$0.00,$0.00,$0.00,$1971.00,$364.50,$2335.50,7,
231,MNQ SEP26,Backtest,DA--VWAPPB_V1,Short,40,22640.25,22665.25,11/26/2024 9:20:00 AM,11/26/2024 9:22:00 AM,DAVWAPPB_V1-0328,Stop loss,($2000.00),$178235.00,$0.00,$0.00,$0.00,$0.00,$0.00,$2000.00,$120.00,$2120.00,3,
232,MNQ SEP26,Backtest,DA--VWAPPB_V1,Short,19,22544.25,22501.50,11/27/2024 7:56:00 AM,11/27/2024 1:56:00 PM,DAVWAPPB_V1-0330,FlattenStrategyPositionsShort,$1624.50,$179859.50,$0.00,$0.00,$0.00,$0.00,$0.00,$883.50,$6298.50,$4674.00,361,
233,MNQ SEP26,Backtest,DA--VWAPPB_V1,Short,101,22585.25,22595.00,11/28/2024 9:40:00 AM,11/28/2024 10:04:00 AM,DAVWAPPB_V1-0332,Stop loss,($1969.50),$177890.00,$0.00,$0.00,$0.00,$0.00,$0.00,$1969.50,$707.00,$2676.50,25,
234,MNQ SEP26,Backtest,DA--VWAPPB_V1,Long,26,22584.00,22919.25,11/29/2024 7:48:00 AM,12/2/2024 1:56:00 PM,DAVWAPPB_V1-0333,FlattenStrategyPositionsLong,$17433.00,$195323.00,$0.00,$0.00,$0.00,$0.00,$0.00,$1456.00,$19708.00,$2275.00,1524,
235,MNQ SEP26,Backtest,DA--VWAPPB_V1,Short,67,23212.50,23227.25,12/5/2024 7:56:00 AM,12/5/2024 8:03:00 AM,DAVWAPPB_V1-0337,Stop loss,($1976.50),$193346.50,$0.00,$0.00,$0.00,$0.00,$0.00,$1976.50,$1507.50,$3484.00,8,
236,MNQ SEP26,Backtest,DA--VWAPPB_V1,Short,30,23222.50,23255.25,12/10/2024 7:58:00 AM,12/10/2024 8:01:00 AM,DAVWAPPB_V1-0340,Stop loss,($1965.00),$191381.50,$0.00,$0.00,$0.00,$0.00,$0.00,$1965.00,$420.00,$2385.00,4,
237,MNQ SEP26,Backtest,DA--VWAPPB_V1,Long,42,23283.25,23259.50,12/10/2024 8:08:00 AM,12/10/2024 8:31:00 AM,DAVWAPPB_V1-0341,Stop loss,($1995.00),$189386.50,$0.00,$0.00,$0.00,$0.00,$0.00,$1995.00,$2268.00,$4263.00,24,
238,MNQ SEP26,Backtest,DA--VWAPPB_V1,Short,36,23223.25,23096.75,12/10/2024 8:57:00 AM,12/10/2024 1:56:00 PM,DAVWAPPB_V1-0342,FlattenStrategyPositionsShort,$9108.00,$198494.50,$0.00,$0.00,$0.00,$0.00,$0.00,$684.00,$12024.00,$2916.00,300,
239,MNQ SEP26,Backtest,DA--VWAPPB_V1,Long,37,23327.25,23496.75,12/11/2024 7:45:00 AM,12/11/2024 1:56:00 PM,DAVWAPPB_V1-0343,FlattenStrategyPositionsLong,$12543.00,$211037.50,$0.00,$0.00,$0.00,$0.00,$0.00,$111.00,$14504.00,$1961.00,372,
240,MNQ SEP26,Backtest,DA--VWAPPB_V1,Long,38,23413.50,23387.75,12/12/2024 8:32:00 AM,12/12/2024 9:46:00 AM,DAVWAPPB_V1-0344,Stop loss,($1957.00),$209080.50,$0.00,$0.00,$0.00,$0.00,$0.00,$1957.00,$2261.00,$4218.00,75,
241,MNQ SEP26,Backtest,DA--VWAPPB_V1,Long,23,23546.00,23503.00,12/13/2024 7:42:00 AM,12/13/2024 8:30:00 AM,DAVWAPPB_V1-0345,Stop loss,($1978.00),$207102.50,$0.00,$0.00,$0.00,$0.00,$0.00,$1978.00,$3013.00,$4991.00,49,
242,MNQ SEP26,Backtest,DA--VWAPPB_V1,Short,11,23010.75,22792.75,12/19/2024 7:42:00 AM,12/19/2024 1:56:00 PM,DAVWAPPB_V1-0347,FlattenStrategyPositionsShort,$4796.00,$211898.50,$0.00,$0.00,$0.00,$0.00,$0.00,$1743.50,$5082.00,$286.00,375,
243,MNQ SEP26,Backtest,DA--VWAPPB_V1,Long,29,22690.50,22656.25,12/20/2024 7:46:00 AM,12/20/2024 7:48:00 AM,DAVWAPPB_V1-0348,Stop loss,($1986.50),$209912.00,$0.00,$0.00,$0.00,$0.00,$0.00,$1986.50,$638.00,$2624.50,3,
244,MNQ SEP26,Backtest,DA--VWAPPB_V1,Long,8,22762.25,22983.75,12/20/2024 8:16:00 AM,12/20/2024 1:56:00 PM,DAVWAPPB_V1-0349,FlattenStrategyPositionsLong,$3544.00,$213456.00,$0.00,$0.00,$0.00,$0.00,$0.00,$348.00,$7468.00,$3924.00,341,
245,MNQ SEP26,Backtest,DA--VWAPPB_V1,Short,15,22989.00,23051.50,12/23/2024 7:52:00 AM,12/23/2024 7:58:00 AM,DAVWAPPB_V1-0350,Stop loss,($1875.00),$211581.00,$0.00,$0.00,$0.00,$0.00,$0.00,$1875.00,$412.50,$2287.50,7,
246,MNQ SEP26,Backtest,DA--VWAPPB_V1,Long,31,23037.50,23167.50,12/23/2024 9:19:00 AM,12/23/2024 1:56:00 PM,DAVWAPPB_V1-0351,FlattenStrategyPositionsLong,$8060.00,$219641.00,$0.00,$0.00,$0.00,$0.00,$0.00,$1131.50,$9672.00,$1612.00,278,
247,MNQ SEP26,Backtest,DA--VWAPPB_V1,Long,22,23291.25,23452.00,12/24/2024 7:46:00 AM,12/26/2024 1:56:00 PM,DAVWAPPB_V1-0352,FlattenStrategyPositionsLong,$7073.00,$226714.00,$0.00,$0.00,$0.00,$0.00,$0.00,$913.00,$10395.00,$3322.00,1526,
248,MNQ SEP26,Backtest,DA--VWAPPB_V1,Short,12,23136.50,23093.75,12/27/2024 7:41:00 AM,12/27/2024 1:56:00 PM,DAVWAPPB_V1-0353,FlattenStrategyPositionsShort,$1026.00,$227740.00,$0.00,$0.00,$0.00,$0.00,$0.00,$630.00,$5322.00,$4296.00,376,
249,MNQ SEP26,Backtest,DA--VWAPPB_V1,Short,14,22725.75,22793.75,12/30/2024 7:47:00 AM,12/30/2024 8:41:00 AM,DAVWAPPB_V1-0354,Stop loss,($1904.00),$225836.00,$0.00,$0.00,$0.00,$0.00,$0.00,$1904.00,$1582.00,$3486.00,55,
250,MNQ SEP26,Backtest,DA--VWAPPB_V1,Long,18,22778.25,22724.25,12/30/2024 8:44:00 AM,12/30/2024 8:53:00 AM,DAVWAPPB_V1-0355,Stop loss,($1944.00),$223892.00,$0.00,$0.00,$0.00,$0.00,$0.00,$1944.00,$1485.00,$3429.00,10,
251,MNQ SEP26,Backtest,DA--VWAPPB_V1,Short,9,22795.00,22629.00,12/31/2024 7:43:00 AM,12/31/2024 1:56:00 PM,DAVWAPPB_V1-0356,FlattenStrategyPositionsShort,$2988.00,$226880.00,$0.00,$0.00,$0.00,$0.00,$0.00,$1624.50,$3541.50,$553.50,374,
252,MNQ SEP26,Backtest,DA--VWAPPB_V1,Short,8,22614.75,22728.75,1/2/2025 7:40:00 AM,1/2/2025 7:51:00 AM,DAVWAPPB_V1-0357,Stop loss,($1824.00),$225056.00,$0.00,$0.00,$0.00,$0.00,$0.00,$1824.00,$508.00,$2332.00,12,
253,MNQ SEP26,Backtest,DA--VWAPPB_V1,Short,13,22649.25,22725.25,1/2/2025 8:36:00 AM,1/2/2025 8:52:00 AM,DAVWAPPB_V1-0358,Stop loss,($1976.00),$223080.00,$0.00,$0.00,$0.00,$0.00,$0.00,$1976.00,$611.00,$2587.00,17,
254,MNQ SEP26,Backtest,DA--VWAPPB_V1,Long,14,23210.50,23141.50,1/6/2025 7:38:00 AM,1/6/2025 11:46:00 AM,DAVWAPPB_V1-0359,Stop loss,($1932.00),$221148.00,$0.00,$0.00,$0.00,$0.00,$0.00,$1932.00,$2884.00,$4816.00,249,
255,MNQ SEP26,Backtest,DA--VWAPPB_V1,Short,15,23130.25,23195.50,1/7/2025 7:40:00 AM,1/7/2025 7:46:00 AM,DAVWAPPB_V1-0360,Stop loss,($1957.50),$219190.50,$0.00,$0.00,$0.00,$0.00,$0.00,$1957.50,$562.50,$2520.00,7,
256,MNQ SEP26,Backtest,DA--VWAPPB_V1,Short,22,22134.25,22178.00,1/13/2025 7:42:00 AM,1/13/2025 7:44:00 AM,DAVWAPPB_V1-0362,Stop loss,($1925.00),$217265.50,$0.00,$0.00,$0.00,$0.00,$0.00,$1925.00,$715.00,$2640.00,3,
257,MNQ SEP26,Backtest,DA--VWAPPB_V1,Long,11,22242.75,22155.25,1/13/2025 7:57:00 AM,1/13/2025 8:26:00 AM,DAVWAPPB_V1-0363,Stop loss,($1925.00),$215340.50,$0.00,$0.00,$0.00,$0.00,$0.00,$1925.00,$649.00,$2574.00,30,
258,MNQ SEP26,Backtest,DA--VWAPPB_V1,Short,17,22134.25,22192.00,1/13/2025 8:30:00 AM,1/13/2025 8:32:00 AM,DAVWAPPB_V1-0364,Stop loss,($1963.50),$213377.00,$0.00,$0.00,$0.00,$0.00,$0.00,$1963.50,$127.50,$2091.00,3,
259,MNQ SEP26,Backtest,DA--VWAPPB_V1,Long,23,22534.50,22492.50,1/14/2025 7:43:00 AM,1/14/2025 7:48:00 AM,DAVWAPPB_V1-0365,Stop loss,($1932.00),$211445.00,$0.00,$0.00,$0.00,$0.00,$0.00,$1932.00,$517.50,$2449.50,6,
260,MNQ SEP26,Backtest,DA--VWAPPB_V1,Short,12,22422.00,22504.25,1/14/2025 7:56:00 AM,1/14/2025 8:12:00 AM,DAVWAPPB_V1-0366,Stop loss,($1974.00),$209471.00,$0.00,$0.00,$0.00,$0.00,$0.00,$1974.00,$954.00,$2928.00,17,
261,MNQ SEP26,Backtest,DA--VWAPPB_V1,Long,17,22522.75,22464.00,1/14/2025 8:17:00 AM,1/14/2025 8:23:00 AM,DAVWAPPB_V1-0367,Stop loss,($1997.50),$207473.50,$0.00,$0.00,$0.00,$0.00,$0.00,$1997.50,$136.00,$2133.50,7,
262,MNQ SEP26,Backtest,DA--VWAPPB_V1,Short,23,22409.50,22310.75,1/14/2025 8:36:00 AM,1/14/2025 1:56:00 PM,DAVWAPPB_V1-0368,FlattenStrategyPositionsShort,$4542.50,$212016.00,$0.00,$0.00,$0.00,$0.00,$0.00,$1265.00,$10108.50,$5566.00,321,
263,MNQ SEP26,Backtest,DA--VWAPPB_V1,Long,24,22724.25,22683.25,1/15/2025 7:47:00 AM,1/15/2025 9:52:00 AM,DAVWAPPB_V1-0369,Stop loss,($1968.00),$210048.00,$0.00,$0.00,$0.00,$0.00,$0.00,$1968.00,$4836.00,$6804.00,126,
264,MNQ SEP26,Backtest,DA--VWAPPB_V1,Short,12,22928.75,23011.75,1/17/2025 7:44:00 AM,1/17/2025 9:00:00 AM,DAVWAPPB_V1-0371,Stop loss,($1992.00),$208056.00,$0.00,$0.00,$0.00,$0.00,$0.00,$1992.00,$750.00,$2742.00,77,
265,MNQ SEP26,Backtest,DA--VWAPPB_V1,Short,39,23139.00,23164.50,1/20/2025 8:04:00 AM,1/21/2025 11:11:00 AM,DAVWAPPB_V1-0373,Stop loss,($1989.00),$206067.00,$0.00,$0.00,$0.00,$0.00,$0.00,$1989.00,$27475.50,$29464.50,1328,
266,MNQ SEP26,Backtest,DA--VWAPPB_V1,Long,21,23409.75,23432.50,1/22/2025 7:53:00 AM,1/22/2025 1:56:00 PM,DAVWAPPB_V1-0374,FlattenStrategyPositionsLong,$955.50,$207022.50,$0.00,$0.00,$0.00,$0.00,$0.00,$745.50,$4231.50,$3276.00,364,
267,MNQ SEP26,Backtest,DA--VWAPPB_V1,Long,39,23483.00,23457.50,1/24/2025 7:53:00 AM,1/24/2025 8:03:00 AM,DAVWAPPB_V1-0375,Stop loss,($1989.00),$205033.50,$0.00,$0.00,$0.00,$0.00,$0.00,$1989.00,$897.00,$2886.00,11,
268,MNQ SEP26,Backtest,DA--VWAPPB_V1,Short,25,23419.50,23314.25,1/24/2025 8:18:00 AM,1/24/2025 1:56:00 PM,DAVWAPPB_V1-0376,FlattenStrategyPositionsShort,$5262.50,$210296.00,$0.00,$0.00,$0.00,$0.00,$0.00,$1637.50,$7987.50,$2725.00,339,
269,MNQ SEP26,Backtest,DA--VWAPPB_V1,Long,17,22701.75,22645.75,1/27/2025 7:45:00 AM,1/27/2025 8:20:00 AM,DAVWAPPB_V1-0377,Stop loss,($1904.00),$208392.00,$0.00,$0.00,$0.00,$0.00,$0.00,$1904.00,$1895.50,$3799.50,36,
270,MNQ SEP26,Backtest,DA--VWAPPB_V1,Short,17,22676.25,22628.50,1/27/2025 9:10:00 AM,1/27/2025 1:56:00 PM,DAVWAPPB_V1-0378,FlattenStrategyPositionsShort,$1623.50,$210015.50,$0.00,$0.00,$0.00,$0.00,$0.00,$1096.50,$5542.00,$3918.50,287,
271,MNQ SEP26,Backtest,DA--VWAPPB_V1,Short,20,22610.00,22659.50,1/28/2025 7:44:00 AM,1/28/2025 7:53:00 AM,DAVWAPPB_V1-0379,Stop loss,($1980.00),$208035.50,$0.00,$0.00,$0.00,$0.00,$0.00,$1980.00,$1310.00,$3290.00,10,
272,MNQ SEP26,Backtest,DA--VWAPPB_V1,Short,21,23003.25,23050.25,1/30/2025 8:13:00 AM,1/30/2025 12:49:00 PM,DAVWAPPB_V1-0381,Stop loss,($1974.00),$206061.50,$0.00,$0.00,$0.00,$0.00,$0.00,$1974.00,$7045.50,$9019.50,277,
273,MNQ SEP26,Backtest,DA--VWAPPB_V1,Long,20,23265.50,23216.00,1/31/2025 7:55:00 AM,1/31/2025 11:31:00 AM,DAVWAPPB_V1-0382,Stop loss,($1980.00),$204081.50,$0.00,$0.00,$0.00,$0.00,$0.00,$1980.00,$4670.00,$6650.00,217,
274,MNQ SEP26,Backtest,DA--VWAPPB_V1,Long,7,22752.50,22846.75,2/3/2025 8:30:00 AM,2/3/2025 1:56:00 PM,DAVWAPPB_V1-0384,FlattenStrategyPositionsLong,$1319.50,$205401.00,$0.00,$0.00,$0.00,$0.00,$0.00,$392.00,$2576.00,$1256.50,327,
275,MNQ SEP26,Backtest,DA--VWAPPB_V1,Long,26,22932.00,23094.75,2/4/2025 7:49:00 AM,2/4/2025 1:56:00 PM,DAVWAPPB_V1-0385,FlattenStrategyPositionsLong,$8463.00,$213864.00,$0.00,$0.00,$0.00,$0.00,$0.00,$1001.00,$9321.00,$858.00,368,
276,MNQ SEP26,Backtest,DA--VWAPPB_V1,Long,31,22990.25,22958.75,2/5/2025 7:43:00 AM,2/5/2025 7:58:00 AM,DAVWAPPB_V1-0386,Stop loss,($1953.00),$211911.00,$0.00,$0.00,$0.00,$0.00,$0.00,$1953.00,$1054.00,$3007.00,16,
277,MNQ SEP26,Backtest,DA--VWAPPB_V1,Long,27,23004.25,23140.50,2/5/2025 8:39:00 AM,2/5/2025 1:56:00 PM,DAVWAPPB_V1-0387,FlattenStrategyPositionsLong,$7357.50,$219268.50,$0.00,$0.00,$0.00,$0.00,$0.00,$1390.50,$8937.00,$1579.50,318,
278,MNQ SEP26,Backtest,DA--VWAPPB_V1,Long,35,23210.25,23182.00,2/11/2025 7:48:00 AM,2/11/2025 8:01:00 AM,DAVWAPPB_V1-0392,Stop loss,($1977.50),$217291.00,$0.00,$0.00,$0.00,$0.00,$0.00,$1977.50,$875.00,$2852.50,14,
279,MNQ SEP26,Backtest,DA--VWAPPB_V1,Long,15,23018.00,23211.50,2/12/2025 7:38:00 AM,2/12/2025 1:56:00 PM,DAVWAPPB_V1-0393,FlattenStrategyPositionsLong,$5805.00,$223096.00,$0.00,$0.00,$0.00,$0.00,$0.00,$630.00,$7125.00,$1320.00,379,
280,MNQ SEP26,Backtest,DA--VWAPPB_V1,Long,20,23342.50,23293.50,2/13/2025 8:00:00 AM,2/13/2025 8:08:00 AM,DAVWAPPB_V1-0395,Stop loss,($1960.00),$221136.00,$0.00,$0.00,$0.00,$0.00,$0.00,$1960.00,$1420.00,$3380.00,9,
281,MNQ SEP26,Backtest,DA--VWAPPB_V1,Short,50,23529.25,23549.00,2/14/2025 8:43:00 AM,2/14/2025 8:49:00 AM,DAVWAPPB_V1-0396,Stop loss,($1975.00),$219161.00,$0.00,$0.00,$0.00,$0.00,$0.00,$1975.00,$650.00,$2625.00,7,
282,MNQ SEP26,Backtest,DA--VWAPPB_V1,Long,34,23575.25,23546.50,2/14/2025 8:57:00 AM,2/14/2025 9:20:00 AM,DAVWAPPB_V1-0397,Stop loss,($1955.00),$217206.00,$0.00,$0.00,$0.00,$0.00,$0.00,$1955.00,$884.00,$2839.00,24,
283,MNQ SEP26,Backtest,DA--VWAPPB_V1,Short,26,23563.25,23601.75,2/19/2025 8:05:00 AM,2/19/2025 8:32:00 AM,DAVWAPPB_V1-0401,Stop loss,($2002.00),$215204.00,$0.00,$0.00,$0.00,$0.00,$0.00,$2002.00,$1495.00,$3497.00,28,
284,MNQ SEP26,Backtest,DA--VWAPPB_V1,Long,47,23600.75,23579.50,2/19/2025 8:45:00 AM,2/19/2025 8:57:00 AM,DAVWAPPB_V1-0402,Stop loss,($1997.50),$213206.50,$0.00,$0.00,$0.00,$0.00,$0.00,$1997.50,$2256.00,$4253.50,13,
285,MNQ SEP26,Backtest,DA--VWAPPB_V1,Short,14,23555.00,23546.25,2/20/2025 7:50:00 AM,2/20/2025 1:56:00 PM,DAVWAPPB_V1-0404,FlattenStrategyPositionsShort,$245.00,$213451.50,$0.00,$0.00,$0.00,$0.00,$0.00,$385.00,$5257.00,$5012.00,367,
286,MNQ SEP26,Backtest,DA--VWAPPB_V1,Short,13,23524.50,23117.00,2/21/2025 7:42:00 AM,2/21/2025 1:56:00 PM,DAVWAPPB_V1-0405,FlattenStrategyPositionsShort,$10595.00,$224046.50,$0.00,$0.00,$0.00,$0.00,$0.00,$1150.50,$11596.00,$1001.00,375,
287,MNQ SEP26,Backtest,DA--VWAPPB_V1,Short,25,23115.25,22862.75,2/24/2025 7:43:00 AM,2/24/2025 1:56:00 PM,DAVWAPPB_V1-0406,FlattenStrategyPositionsShort,$12625.00,$236671.50,$0.00,$0.00,$0.00,$0.00,$0.00,$1550.00,$13100.00,$475.00,374,
288,MNQ SEP26,Backtest,DA--VWAPPB_V1,Short,15,22722.50,22545.50,2/25/2025 7:48:00 AM,2/25/2025 1:56:00 PM,DAVWAPPB_V1-0407,FlattenStrategyPositionsShort,$5310.00,$241981.50,$0.00,$0.00,$0.00,$0.00,$0.00,$217.50,$9465.00,$4155.00,369,
289,MNQ SEP26,Backtest,DA--VWAPPB_V1,Short,8,22384.00,21844.75,3/3/2025 7:42:00 AM,3/3/2025 1:56:00 PM,DAVWAPPB_V1-0409,FlattenStrategyPositionsShort,$8628.00,$250609.50,$0.00,$0.00,$0.00,$0.00,$0.00,$656.00,$10400.00,$1772.00,375,
290,MNQ SEP26,Backtest,DA--VWAPPB_V1,Short,16,21625.75,21686.50,3/4/2025 8:07:00 AM,3/4/2025 9:49:00 AM,DAVWAPPB_V1-0410,Stop loss,($1944.00),$248665.50,$0.00,$0.00,$0.00,$0.00,$0.00,$1944.00,$4272.00,$6216.00,103,
291,MNQ SEP26,Backtest,DA--VWAPPB_V1,Short,20,21740.00,21789.25,3/5/2025 8:32:00 AM,3/5/2025 8:34:00 AM,DAVWAPPB_V1-0412,Stop loss,($1970.00),$246695.50,$0.00,$0.00,$0.00,$0.00,$0.00,$1970.00,$10.00,$1980.00,3,
292,MNQ SEP26,Backtest,DA--VWAPPB_V1,Long,13,20959.25,20884.75,3/11/2025 7:44:00 AM,3/11/2025 8:01:00 AM,DAVWAPPB_V1-0413,Stop loss,($1937.00),$244758.50,$0.00,$0.00,$0.00,$0.00,$0.00,$1937.00,$1462.50,$3399.50,18,
293,MNQ SEP26,Backtest,DA--VWAPPB_V1,Long,20,20909.00,20859.50,3/11/2025 9:19:00 AM,3/11/2025 9:23:00 AM,DAVWAPPB_V1-0414,Stop loss,($1980.00),$242778.50,$0.00,$0.00,$0.00,$0.00,$0.00,$1980.00,$0.00,$1980.00,5,
294,MNQ SEP26,Backtest,DA--VWAPPB_V1,Short,8,20962.25,21081.25,3/12/2025 8:35:00 AM,3/12/2025 10:11:00 AM,DAVWAPPB_V1-0415,Stop loss,($1904.00),$240874.50,$0.00,$0.00,$0.00,$0.00,$0.00,$1904.00,$2412.00,$4316.00,97,
295,MNQ SEP26,Backtest,DA--VWAPPB_V1,Short,14,20869.25,20936.25,3/13/2025 7:53:00 AM,3/13/2025 8:20:00 AM,DAVWAPPB_V1-0417,Stop loss,($1876.00),$238998.50,$0.00,$0.00,$0.00,$0.00,$0.00,$1876.00,$3605.00,$5481.00,28,
296,MNQ SEP26,Backtest,DA--VWAPPB_V1,Long,14,20949.00,20880.00,3/13/2025 8:22:00 AM,3/13/2025 8:37:00 AM,DAVWAPPB_V1-0418,Stop loss,($1932.00),$237066.50,$0.00,$0.00,$0.00,$0.00,$0.00,$1932.00,$1064.00,$2996.00,16,
297,MNQ SEP26,Backtest,DA--VWAPPB_V1,Short,19,20845.25,20897.00,3/13/2025 8:42:00 AM,3/13/2025 8:53:00 AM,DAVWAPPB_V1-0419,Stop loss,($1966.50),$235100.00,$0.00,$0.00,$0.00,$0.00,$0.00,$1966.50,$1045.00,$3011.50,12,
298,MNQ SEP26,Backtest,DA--VWAPPB_V1,Long,28,20994.75,20959.50,3/14/2025 7:46:00 AM,3/14/2025 8:00:00 AM,DAVWAPPB_V1-0421,Stop loss,($1974.00),$233126.00,$0.00,$0.00,$0.00,$0.00,$0.00,$1974.00,$2380.00,$4354.00,15,
299,MNQ SEP26,Backtest,DA--VWAPPB_V1,Long,15,20985.25,21147.25,3/14/2025 8:48:00 AM,3/14/2025 1:56:00 PM,DAVWAPPB_V1-0423,FlattenStrategyPositionsLong,$4860.00,$237986.00,$0.00,$0.00,$0.00,$0.00,$0.00,$795.00,$5017.50,$157.50,309,
300,MNQ SEP26,Backtest,DA--VWAPPB_V1,Long,12,21235.00,21156.25,3/17/2025 7:40:00 AM,3/17/2025 7:51:00 AM,DAVWAPPB_V1-0424,Stop loss,($1890.00),$236096.00,$0.00,$0.00,$0.00,$0.00,$0.00,$1890.00,$840.00,$2730.00,12,
301,MNQ SEP26,Backtest,DA--VWAPPB_V1,Short,13,20987.00,20911.25,3/18/2025 7:41:00 AM,3/18/2025 1:56:00 PM,DAVWAPPB_V1-0426,FlattenStrategyPositionsShort,$1969.50,$238065.50,$0.00,$0.00,$0.00,$0.00,$0.00,$754.00,$4433.00,$2463.50,376,
302,MNQ SEP26,Backtest,DA--VWAPPB_V1,Long,22,21102.50,21057.75,3/20/2025 7:40:00 AM,3/20/2025 11:28:00 AM,DAVWAPPB_V1-0427,Stop loss,($1969.00),$236096.50,$0.00,$0.00,$0.00,$0.00,$0.00,$1969.00,$9449.00,$11418.00,229,
303,MNQ SEP26,Backtest,DA--VWAPPB_V1,Long,16,20938.75,20877.50,3/21/2025 7:53:00 AM,3/21/2025 8:12:00 AM,DAVWAPPB_V1-0428,Stop loss,($1960.00),$234136.50,$0.00,$0.00,$0.00,$0.00,$0.00,$1960.00,$832.00,$2792.00,20,
304,MNQ SEP26,Backtest,DA--VWAPPB_V1,Long,15,20975.50,20909.75,3/21/2025 8:26:00 AM,3/21/2025 8:43:00 AM,DAVWAPPB_V1-0429,Stop loss,($1972.50),$232164.00,$0.00,$0.00,$0.00,$0.00,$0.00,$1972.50,$292.50,$2265.00,18,
305,MNQ SEP26,Backtest,DA--VWAPPB_V1,Long,29,21531.25,21497.75,3/24/2025 7:53:00 AM,3/24/2025 8:10:00 AM,DAVWAPPB_V1-0430,Stop loss,($1943.00),$230221.00,$0.00,$0.00,$0.00,$0.00,$0.00,$1943.00,$1131.00,$3074.00,18,
306,MNQ SEP26,Backtest,DA--VWAPPB_V1,Long,26,21650.50,21694.00,3/25/2025 8:18:00 AM,3/25/2025 1:56:00 PM,DAVWAPPB_V1-0431,FlattenStrategyPositionsLong,$2262.00,$232483.00,$0.00,$0.00,$0.00,$0.00,$0.00,$1885.00,$3029.00,$767.00,339,
307,MNQ SEP26,Backtest,DA--VWAPPB_V1,Short,19,21602.50,21337.00,3/26/2025 7:52:00 AM,3/26/2025 1:56:00 PM,DAVWAPPB_V1-0432,FlattenStrategyPositionsShort,$10089.00,$242572.00,$0.00,$0.00,$0.00,$0.00,$0.00,$646.00,$13262.00,$3173.00,365,
308,MNQ SEP26,Backtest,DA--VWAPPB_V1,Short,10,21188.75,21287.75,3/27/2025 7:37:00 AM,3/27/2025 7:55:00 AM,DAVWAPPB_V1-0433,Stop loss,($1980.00),$240592.00,$0.00,$0.00,$0.00,$0.00,$0.00,$1980.00,$775.00,$2755.00,19,
309,MNQ SEP26,Backtest,DA--VWAPPB_V1,Long,11,21291.50,21204.50,3/27/2025 7:57:00 AM,3/27/2025 1:54:00 PM,DAVWAPPB_V1-0434,Stop loss,($1914.00),$238678.00,$0.00,$0.00,$0.00,$0.00,$0.00,$1914.00,$2634.50,$4548.50,358,
310,MNQ SEP26,Backtest,DA--VWAPPB_V1,Short,13,20227.75,20303.75,3/31/2025 7:45:00 AM,3/31/2025 7:56:00 AM,DAVWAPPB_V1-0435,Stop loss,($1976.00),$236702.00,$0.00,$0.00,$0.00,$0.00,$0.00,$1976.00,$1007.50,$2983.50,12,
311,MNQ SEP26,Backtest,DA--VWAPPB_V1,Long,17,20345.50,20287.00,3/31/2025 8:08:00 AM,3/31/2025 8:25:00 AM,DAVWAPPB_V1-0436,Stop loss,($1989.00),$234713.00,$0.00,$0.00,$0.00,$0.00,$0.00,$1989.00,$1173.00,$3162.00,18,
312,MNQ SEP26,Backtest,DA--VWAPPB_V1,Short,21,20271.50,20318.75,3/31/2025 8:30:00 AM,3/31/2025 8:34:00 AM,DAVWAPPB_V1-0437,Stop loss,($1984.50),$232728.50,$0.00,$0.00,$0.00,$0.00,$0.00,$1984.50,$147.00,$2131.50,5,
313,MNQ SEP26,Backtest,DA--VWAPPB_V1,Long,15,20665.50,20603.00,4/1/2025 7:53:00 AM,4/1/2025 7:56:00 AM,DAVWAPPB_V1-0438,Stop loss,($1875.00),$230853.50,$0.00,$0.00,$0.00,$0.00,$0.00,$1875.00,$82.50,$1957.50,4,
314,MNQ SEP26,Backtest,DA--VWAPPB_V1,Short,14,20514.00,20582.50,4/1/2025 8:14:00 AM,4/1/2025 8:37:00 AM,DAVWAPPB_V1-0439,Stop loss,($1918.00),$228935.50,$0.00,$0.00,$0.00,$0.00,$0.00,$1918.00,$1134.00,$3052.00,24,
315,MNQ SEP26,Backtest,DA--VWAPPB_V1,Long,10,20647.50,20822.50,4/1/2025 8:43:00 AM,4/1/2025 1:56:00 PM,DAVWAPPB_V1-0440,FlattenStrategyPositionsLong,$3500.00,$232435.50,$0.00,$0.00,$0.00,$0.00,$0.00,$1010.00,$4160.00,$660.00,314,
316,MNQ SEP26,Backtest,DA--VWAPPB_V1,Long,25,20717.00,20978.00,4/2/2025 7:45:00 AM,4/2/2025 1:56:00 PM,DAVWAPPB_V1-0441,FlattenStrategyPositionsLong,$13050.00,$245485.50,$0.00,$0.00,$0.00,$0.00,$0.00,$900.00,$19262.50,$6212.50,372,
317,MNQ SEP26,Backtest,DA--VWAPPB_V1,Short,3,18383.00,18693.50,4/7/2025 8:41:00 AM,4/7/2025 8:46:00 AM,DAVWAPPB_V1-0443,Stop loss,($1863.00),$243622.50,$0.00,$0.00,$0.00,$0.00,$0.00,$1863.00,$61.50,$1924.50,6,
318,MNQ SEP26,Backtest,DA--VWAPPB_V1,Long,10,19477.75,19382.25,4/8/2025 8:02:00 AM,4/8/2025 8:56:00 AM,DAVWAPPB_V1-0445,Stop loss,($1910.00),$241712.50,$0.00,$0.00,$0.00,$0.00,$0.00,$1910.00,$1835.00,$3745.00,55,
319,MNQ SEP26,Backtest,DA--VWAPPB_V1,Short,11,19339.25,18438.25,4/8/2025 9:00:00 AM,4/8/2025 1:56:00 PM,DAVWAPPB_V1-0446,FlattenStrategyPositionsShort,$19822.00,$261534.50,$0.00,$0.00,$0.00,$0.00,$0.00,$1232.00,$25410.00,$5588.00,297,
320,MNQ SEP26,Backtest,DA--VWAPPB_V1,Long,5,18716.25,18534.50,4/9/2025 7:57:00 AM,4/9/2025 8:52:00 AM,DAVWAPPB_V1-0447,Stop loss,($1817.50),$259717.00,$0.00,$0.00,$0.00,$0.00,$0.00,$1817.50,$932.50,$2750.00,56,
321,MNQ SEP26,Backtest,DA--VWAPPB_V1,Short,11,19824.25,19729.50,4/10/2025 8:59:00 AM,4/10/2025 1:56:00 PM,DAVWAPPB_V1-0449,FlattenStrategyPositionsShort,$2084.50,$261801.50,$0.00,$0.00,$0.00,$0.00,$0.00,$1452.00,$15262.50,$13178.00,298,
322,MNQ SEP26,Backtest,DA--VWAPPB_V1,Long,5,19780.50,19602.75,4/11/2025 7:47:00 AM,4/11/2025 8:21:00 AM,DAVWAPPB_V1-0450,Stop loss,($1777.50),$260024.00,$0.00,$0.00,$0.00,$0.00,$0.00,$1777.50,$797.50,$2575.00,35,
323,MNQ SEP26,Backtest,DA--VWAPPB_V1,Long,8,19750.00,19635.25,4/11/2025 8:49:00 AM,4/11/2025 8:59:00 AM,DAVWAPPB_V1-0451,Stop loss,($1836.00),$258188.00,$0.00,$0.00,$0.00,$0.00,$0.00,$1836.00,$140.00,$1976.00,11,
324,MNQ SEP26,Backtest,DA--VWAPPB_V1,Short,9,20308.00,20190.50,4/14/2025 7:41:00 AM,4/14/2025 1:56:00 PM,DAVWAPPB_V1-0452,FlattenStrategyPositionsShort,$2115.00,$260303.00,$0.00,$0.00,$0.00,$0.00,$0.00,$1750.50,$6430.50,$4315.50,376,
325,MNQ SEP26,Backtest,DA--VWAPPB_V1,Long,30,19836.75,19804.00,4/16/2025 8:35:00 AM,4/16/2025 9:07:00 AM,DAVWAPPB_V1-0456,Stop loss,($1965.00),$258338.00,$0.00,$0.00,$0.00,$0.00,$0.00,$1965.00,$2655.00,$4620.00,33,
326,MNQ SEP26,Backtest,DA--VWAPPB_V1,Short,12,19605.75,19687.25,4/17/2025 7:39:00 AM,4/17/2025 7:51:00 AM,DAVWAPPB_V1-0457,Stop loss,($1956.00),$256382.00,$0.00,$0.00,$0.00,$0.00,$0.00,$1956.00,$420.00,$2376.00,13,
327,MNQ SEP26,Backtest,DA--VWAPPB_V1,Short,14,19266.75,19103.75,4/21/2025 7:56:00 AM,4/21/2025 1:56:00 PM,DAVWAPPB_V1-0459,FlattenStrategyPositionsShort,$4564.00,$260946.00,$0.00,$0.00,$0.00,$0.00,$0.00,$154.00,$9926.00,$5362.00,361,
328,MNQ SEP26,Backtest,DA--VWAPPB_V1,Long,35,19433.50,19583.00,4/22/2025 7:55:00 AM,4/22/2025 1:56:00 PM,DAVWAPPB_V1-0460,FlattenStrategyPositionsLong,$10465.00,$271411.00,$0.00,$0.00,$0.00,$0.00,$0.00,$1505.00,$20457.50,$9992.50,362,
329,MNQ SEP26,Backtest,DA--VWAPPB_V1,Long,13,20291.75,20217.25,4/23/2025 7:50:00 AM,4/23/2025 7:56:00 AM,DAVWAPPB_V1-0461,Stop loss,($1937.00),$269474.00,$0.00,$0.00,$0.00,$0.00,$0.00,$1937.00,$1111.50,$3048.50,7,
330,MNQ SEP26,Backtest,DA--VWAPPB_V1,Short,17,20217.00,20058.75,4/23/2025 9:22:00 AM,4/23/2025 1:56:00 PM,DAVWAPPB_V1-0462,FlattenStrategyPositionsShort,$5380.50,$274854.50,$0.00,$0.00,$0.00,$0.00,$0.00,$875.50,$9350.00,$3969.50,275,
331,MNQ SEP26,Backtest,DA--VWAPPB_V1,Long,14,20570.00,20501.25,4/25/2025 8:10:00 AM,4/25/2025 8:23:00 AM,DAVWAPPB_V1-0464,Stop loss,($1925.00),$272929.50,$0.00,$0.00,$0.00,$0.00,$0.00,$1925.00,$1344.00,$3269.00,14,
332,MNQ SEP26,Backtest,DA--VWAPPB_V1,Short,11,20491.00,20582.00,4/25/2025 8:27:00 AM,4/25/2025 9:11:00 AM,DAVWAPPB_V1-0465,Stop loss,($2002.00),$270927.50,$0.00,$0.00,$0.00,$0.00,$0.00,$2002.00,$973.50,$2975.50,45,
333,MNQ SEP26,Backtest,DA--VWAPPB_V1,Short,11,20676.50,20761.00,4/28/2025 8:01:00 AM,4/28/2025 1:51:00 PM,DAVWAPPB_V1-0467,Stop loss,($1859.00),$269068.50,$0.00,$0.00,$0.00,$0.00,$0.00,$1859.00,$4543.00,$6402.00,351,
334,MNQ SEP26,Backtest,DA--VWAPPB_V1,Long,32,20731.25,20700.00,4/29/2025 7:55:00 AM,4/29/2025 8:01:00 AM,DAVWAPPB_V1-0468,Stop loss,($2000.00),$267068.50,$0.00,$0.00,$0.00,$0.00,$0.00,$2000.00,$688.00,$2688.00,7,
335,MNQ SEP26,Backtest,DA--VWAPPB_V1,Short,14,20338.25,20409.75,4/30/2025 7:59:00 AM,4/30/2025 8:09:00 AM,DAVWAPPB_V1-0470,Stop loss,($2002.00),$265066.50,$0.00,$0.00,$0.00,$0.00,$0.00,$2002.00,$665.00,$2667.00,11,
336,MNQ SEP26,Backtest,DA--VWAPPB_V1,Long,45,20461.25,20869.75,4/30/2025 8:20:00 AM,4/30/2025 1:56:00 PM,DAVWAPPB_V1-0471,FlattenStrategyPositionsLong,$36765.00,$301831.50,$0.00,$0.00,$0.00,$0.00,$0.00,$652.50,$38700.00,$1935.00,337,
337,MNQ SEP26,Backtest,DA--VWAPPB_V1,Short,13,21108.75,21184.50,5/1/2025 7:44:00 AM,5/1/2025 7:48:00 AM,DAVWAPPB_V1-0472,Stop loss,($1969.50),$299862.00,$0.00,$0.00,$0.00,$0.00,$0.00,$1969.50,$45.50,$2015.00,5,
338,MNQ SEP26,Backtest,DA--VWAPPB_V1,Long,26,21060.50,21022.75,5/6/2025 7:38:00 AM,5/6/2025 7:47:00 AM,DAVWAPPB_V1-0473,Stop loss,($1963.00),$297899.00,$0.00,$0.00,$0.00,$0.00,$0.00,$1963.00,$845.00,$2808.00,10,
339,MNQ SEP26,Backtest,DA--VWAPPB_V1,Short,13,20969.00,21042.50,5/6/2025 7:54:00 AM,5/6/2025 8:11:00 AM,DAVWAPPB_V1-0474,Stop loss,($1911.00),$295988.00,$0.00,$0.00,$0.00,$0.00,$0.00,$1911.00,$481.00,$2392.00,18,
340,MNQ SEP26,Backtest,DA--VWAPPB_V1,Long,18,21045.50,21132.00,5/6/2025 8:13:00 AM,5/6/2025 1:56:00 PM,DAVWAPPB_V1-0475,FlattenStrategyPositionsLong,$3114.00,$299102.00,$0.00,$0.00,$0.00,$0.00,$0.00,$621.00,$6975.00,$3861.00,344,
341,MNQ SEP26,Backtest,DA--VWAPPB_V1,Long,17,21346.50,21392.50,5/8/2025 9:24:00 AM,5/8/2025 1:56:00 PM,DAVWAPPB_V1-0477,FlattenStrategyPositionsLong,$1564.00,$300666.00,$0.00,$0.00,$0.00,$0.00,$0.00,$340.00,$6910.50,$5346.50,273,
342,MNQ SEP26,Backtest,DA--VWAPPB_V1,Long,22,21486.25,21441.00,5/9/2025 7:39:00 AM,5/9/2025 7:45:00 AM,DAVWAPPB_V1-0478,Stop loss,($1991.00),$298675.00,$0.00,$0.00,$0.00,$0.00,$0.00,$1991.00,$253.00,$2244.00,7,
343,MNQ SEP26,Backtest,DA--VWAPPB_V1,Short,14,22002.25,22073.50,5/12/2025 7:38:00 AM,5/12/2025 10:47:00 AM,DAVWAPPB_V1-0479,Stop loss,($1995.00),$296680.00,$0.00,$0.00,$0.00,$0.00,$0.00,$1995.00,$2800.00,$4795.00,190,
344,MNQ SEP26,Backtest,DA--VWAPPB_V1,Long,22,22272.00,22493.50,5/13/2025 7:40:00 AM,5/13/2025 1:56:00 PM,DAVWAPPB_V1-0480,FlattenStrategyPositionsLong,$9746.00,$306426.00,$0.00,$0.00,$0.00,$0.00,$0.00,$638.00,$12639.00,$2893.00,377,
345,MNQ SEP26,Backtest,DA--VWAPPB_V1,Long,38,22579.00,22553.25,5/14/2025 9:27:00 AM,5/14/2025 11:12:00 AM,DAVWAPPB_V1-0486,Stop loss,($1957.00),$304469.00,$0.00,$0.00,$0.00,$0.00,$0.00,$1957.00,$4028.00,$5985.00,106,
346,MNQ SEP26,Backtest,DA--VWAPPB_V1,Short,28,22482.50,22517.75,5/15/2025 8:35:00 AM,5/15/2025 8:44:00 AM,DAVWAPPB_V1-0488,Stop loss,($1974.00),$302495.00,$0.00,$0.00,$0.00,$0.00,$0.00,$1974.00,$756.00,$2730.00,10,
347,MNQ SEP26,Backtest,DA--VWAPPB_V1,Long,29,22540.00,22591.00,5/15/2025 8:58:00 AM,5/15/2025 1:56:00 PM,DAVWAPPB_V1-0489,FlattenStrategyPositionsLong,$2958.00,$305453.00,$0.00,$0.00,$0.00,$0.00,$0.00,$1406.50,$11716.00,$8758.00,299,
348,MNQ SEP26,Backtest,DA--VWAPPB_V1,Short,17,22604.25,22661.50,5/16/2025 8:35:00 AM,5/16/2025 10:17:00 AM,DAVWAPPB_V1-0490,Stop loss,($1946.50),$303506.50,$0.00,$0.00,$0.00,$0.00,$0.00,$1946.50,$2448.00,$4394.50,103,
349,MNQ SEP26,Backtest,DA--VWAPPB_V1,Long,20,22539.75,22719.00,5/19/2025 7:44:00 AM,5/19/2025 1:56:00 PM,DAVWAPPB_V1-0491,FlattenStrategyPositionsLong,$7170.00,$310676.50,$0.00,$0.00,$0.00,$0.00,$0.00,$500.00,$8720.00,$1550.00,373,
350,MNQ SEP26,Backtest,DA--VWAPPB_V1,Short,15,22570.00,22635.50,5/20/2025 7:52:00 AM,5/20/2025 7:54:00 AM,DAVWAPPB_V1-0492,Stop loss,($1965.00),$308711.50,$0.00,$0.00,$0.00,$0.00,$0.00,$1965.00,$112.50,$2077.50,3,
351,MNQ SEP26,Backtest,DA--VWAPPB_V1,Long,17,22584.75,22528.75,5/21/2025 7:47:00 AM,5/21/2025 11:22:00 AM,DAVWAPPB_V1-0494,Stop loss,($1904.00),$306807.50,$0.00,$0.00,$0.00,$0.00,$0.00,$1904.00,$6324.00,$8228.00,216,
352,MNQ SEP26,Backtest,DA--VWAPPB_V1,Long,17,22468.50,22411.00,5/22/2025 7:58:00 AM,5/22/2025 8:55:00 AM,DAVWAPPB_V1-0495,Stop loss,($1955.00),$304852.50,$0.00,$0.00,$0.00,$0.00,$0.00,$1955.00,$2516.00,$4471.00,58,
353,MNQ SEP26,Backtest,DA--VWAPPB_V1,Long,22,22175.25,22192.00,5/23/2025 9:26:00 AM,5/23/2025 1:56:00 PM,DAVWAPPB_V1-0500,FlattenStrategyPositionsLong,$737.00,$305589.50,$0.00,$0.00,$0.00,$0.00,$0.00,$1947.00,$5313.00,$4576.00,271,
354,MNQ SEP26,Backtest,DA--VWAPPB_V1,Short,76,22484.75,22497.75,5/26/2025 8:04:00 AM,5/26/2025 10:12:00 AM,DAVWAPPB_V1-0503,Stop loss,($1976.00),$303613.50,$0.00,$0.00,$0.00,$0.00,$0.00,$1976.00,$8664.00,$10640.00,129,
355,MNQ SEP26,Backtest,DA--VWAPPB_V1,Long,24,22505.50,22662.75,5/27/2025 7:59:00 AM,5/27/2025 1:56:00 PM,DAVWAPPB_V1-0504,FlattenStrategyPositionsLong,$7548.00,$311161.50,$0.00,$0.00,$0.00,$0.00,$0.00,$420.00,$9360.00,$1812.00,358,
356,MNQ SEP26,Backtest,DA--VWAPPB_V1,Short,46,22700.50,22721.75,5/28/2025 7:55:00 AM,5/28/2025 1:09:00 PM,DAVWAPPB_V1-0506,Stop loss,($1955.00),$309206.50,$0.00,$0.00,$0.00,$0.00,$0.00,$1955.00,$7981.00,$9936.00,315,
357,MNQ SEP26,Backtest,DA--VWAPPB_V1,Short,17,22773.25,22603.75,5/29/2025 7:41:00 AM,5/29/2025 1:56:00 PM,DAVWAPPB_V1-0507,FlattenStrategyPositionsShort,$5763.00,$314969.50,$0.00,$0.00,$0.00,$0.00,$0.00,$654.50,$8840.00,$3077.00,376,
358,MNQ SEP26,Backtest,DA--VWAPPB_V1,Short,18,22517.75,22572.50,5/30/2025 7:40:00 AM,5/30/2025 8:13:00 AM,DAVWAPPB_V1-0508,Stop loss,($1971.00),$312998.50,$0.00,$0.00,$0.00,$0.00,$0.00,$1971.00,$2547.00,$4518.00,34,
359,MNQ SEP26,Backtest,DA--VWAPPB_V1,Long,10,22626.50,22535.00,6/2/2025 7:37:00 AM,6/2/2025 7:53:00 AM,DAVWAPPB_V1-0509,Stop loss,($1830.00),$311168.50,$0.00,$0.00,$0.00,$0.00,$0.00,$1830.00,$875.00,$2705.00,17,
360,MNQ SEP26,Backtest,DA--VWAPPB_V1,Short,11,22526.50,22616.50,6/2/2025 7:55:00 AM,6/2/2025 8:35:00 AM,DAVWAPPB_V1-0510,Stop loss,($1980.00),$309188.50,$0.00,$0.00,$0.00,$0.00,$0.00,$1980.00,$1754.50,$3734.50,41,
361,MNQ SEP26,Backtest,DA--VWAPPB_V1,Long,20,22804.75,22912.00,6/3/2025 7:50:00 AM,6/3/2025 1:56:00 PM,DAVWAPPB_V1-0512,FlattenStrategyPositionsLong,$4290.00,$313478.50,$0.00,$0.00,$0.00,$0.00,$0.00,$1850.00,$6690.00,$2400.00,367,
362,MNQ SEP26,Backtest,DA--VWAPPB_V1,Short,17,22901.00,22959.25,6/4/2025 8:07:00 AM,6/4/2025 8:31:00 AM,DAVWAPPB_V1-0513,Stop loss,($1980.50),$311498.00,$0.00,$0.00,$0.00,$0.00,$0.00,$1980.50,$1623.50,$3604.00,25,
363,MNQ SEP26,Backtest,DA--VWAPPB_V1,Long,43,22963.00,22940.00,6/4/2025 8:36:00 AM,6/4/2025 8:39:00 AM,DAVWAPPB_V1-0514,Stop loss,($1978.00),$309520.00,$0.00,$0.00,$0.00,$0.00,$0.00,$1978.00,$666.50,$2644.50,4,
364,MNQ SEP26,Backtest,DA--VWAPPB_V1,Long,25,23046.25,23036.00,6/9/2025 8:13:00 AM,6/9/2025 1:56:00 PM,DAVWAPPB_V1-0515,FlattenStrategyPositionsLong,($512.50),$309007.50,$0.00,$0.00,$0.00,$0.00,$0.00,$1037.50,$2925.00,$3437.50,344,
365,MNQ SEP26,Backtest,DA--VWAPPB_V1,Long,35,23095.00,23066.75,6/12/2025 7:46:00 AM,6/12/2025 7:56:00 AM,DAVWAPPB_V1-0516,Stop loss,($1977.50),$307030.00,$0.00,$0.00,$0.00,$0.00,$0.00,$1977.50,$647.50,$2625.00,11,
366,MNQ SEP26,Backtest,DA--VWAPPB_V1,Long,40,23119.00,23094.50,6/12/2025 8:15:00 AM,6/12/2025 9:24:00 AM,DAVWAPPB_V1-0517,Stop loss,($1960.00),$305070.00,$0.00,$0.00,$0.00,$0.00,$0.00,$1960.00,$5660.00,$7620.00,70,
367,MNQ SEP26,Backtest,DA--VWAPPB_V1,Long,57,22957.25,22940.00,6/13/2025 9:01:00 AM,6/13/2025 12:16:00 PM,DAVWAPPB_V1-0520,Stop loss,($1966.50),$303103.50,$0.00,$0.00,$0.00,$0.00,$0.00,$1966.50,$12625.50,$14592.00,196,
368,MNQ SEP26,Backtest,DA--VWAPPB_V1,Long,28,23096.00,23166.75,6/16/2025 7:45:00 AM,6/16/2025 1:56:00 PM,DAVWAPPB_V1-0521,FlattenStrategyPositionsLong,$3962.00,$307065.50,$0.00,$0.00,$0.00,$0.00,$0.00,$1890.00,$7224.00,$3262.00,372,
369,MNQ SEP26,Backtest,DA--VWAPPB_V1,Short,26,22720.25,22757.50,6/19/2025 7:44:00 AM,6/19/2025 4:01:00 PM,DAVWAPPB_V1-0522,Stop loss,($1937.00),$305128.50,$0.00,$0.00,$0.00,$0.00,$0.00,$1937.00,$3614.00,$5551.00,198,
370,MNQ SEP26,Backtest,DA--VWAPPB_V1,Long,21,23111.25,23063.75,6/20/2025 7:40:00 AM,6/20/2025 7:51:00 AM,DAVWAPPB_V1-0523,Stop loss,($1995.00),$303133.50,$0.00,$0.00,$0.00,$0.00,$0.00,$1995.00,$840.00,$2835.00,12,
371,MNQ SEP26,Backtest,DA--VWAPPB_V1,Short,20,23038.75,22821.00,6/20/2025 7:55:00 AM,6/20/2025 1:56:00 PM,DAVWAPPB_V1-0524,FlattenStrategyPositionsShort,$8710.00,$311843.50,$0.00,$0.00,$0.00,$0.00,$0.00,$500.00,$11130.00,$2420.00,362,
372,MNQ SEP26,Backtest,DA--VWAPPB_V1,Long,34,23332.00,23303.25,6/24/2025 7:49:00 AM,6/24/2025 7:51:00 AM,DAVWAPPB_V1-0525,Stop loss,($1955.00),$309888.50,$0.00,$0.00,$0.00,$0.00,$0.00,$1955.00,$119.00,$2074.00,3,
373,MNQ SEP26,Backtest,DA--VWAPPB_V1,Long,47,23543.50,23522.50,6/25/2025 7:44:00 AM,6/25/2025 7:49:00 AM,DAVWAPPB_V1-0526,Stop loss,($1974.00),$307914.50,$0.00,$0.00,$0.00,$0.00,$0.00,$1974.00,$493.50,$2467.50,6,
374,MNQ SEP26,Backtest,DA--VWAPPB_V1,Long,21,23567.25,23680.50,6/26/2025 8:05:00 AM,6/26/2025 1:56:00 PM,DAVWAPPB_V1-0528,FlattenStrategyPositionsLong,$4756.50,$312671.00,$0.00,$0.00,$0.00,$0.00,$0.00,$1228.50,$5292.00,$535.50,352,
375,MNQ SEP26,Backtest,DA--VWAPPB_V1,Short,16,23817.50,23879.00,6/30/2025 7:37:00 AM,6/30/2025 1:22:00 PM,DAVWAPPB_V1-0529,Stop loss,($1968.00),$310703.00,$0.00,$0.00,$0.00,$0.00,$0.00,$1968.00,$1184.00,$3152.00,346,
376,MNQ SEP26,Backtest,DA--VWAPPB_V1,Short,26,23786.25,23716.50,7/1/2025 8:27:00 AM,7/1/2025 1:56:00 PM,DAVWAPPB_V1-0530,FlattenStrategyPositionsShort,$3627.00,$314330.00,$0.00,$0.00,$0.00,$0.00,$0.00,$221.00,$9984.00,$6357.00,330,
377,MNQ SEP26,Backtest,DA--VWAPPB_V1,Long,49,23695.00,23846.25,7/2/2025 7:46:00 AM,7/2/2025 1:56:00 PM,DAVWAPPB_V1-0532,FlattenStrategyPositionsLong,$14822.50,$329152.50,$0.00,$0.00,$0.00,$0.00,$0.00,$122.50,$16096.50,$1274.00,371,
378,MNQ SEP26,Backtest,DA--VWAPPB_V1,Long,60,23932.75,23916.25,7/4/2025 8:31:00 AM,7/4/2025 9:18:00 AM,DAVWAPPB_V1-0534,Stop loss,($1980.00),$327172.50,$0.00,$0.00,$0.00,$0.00,$0.00,$1980.00,$1650.00,$3630.00,48,
379,MNQ SEP26,Backtest,DA--VWAPPB_V1,Long,31,23961.25,23929.50,7/7/2025 8:28:00 AM,7/7/2025 8:31:00 AM,DAVWAPPB_V1-0536,Stop loss,($1968.50),$325204.00,$0.00,$0.00,$0.00,$0.00,$0.00,$1968.50,$139.50,$2108.00,4,
380,MNQ SEP26,Backtest,DA--VWAPPB_V1,Short,31,23898.25,23929.50,7/8/2025 7:40:00 AM,7/8/2025 8:38:00 AM,DAVWAPPB_V1-0537,Stop loss,($1937.50),$323266.50,$0.00,$0.00,$0.00,$0.00,$0.00,$1937.50,$3007.00,$4944.50,59,
381,MNQ SEP26,Backtest,DA--VWAPPB_V1,Short,27,23868.25,23904.25,7/8/2025 9:25:00 AM,7/8/2025 9:57:00 AM,DAVWAPPB_V1-0538,Stop loss,($1944.00),$321322.50,$0.00,$0.00,$0.00,$0.00,$0.00,$1944.00,$702.00,$2646.00,33,
382,MNQ SEP26,Backtest,DA--VWAPPB_V1,Long,27,24030.00,23994.00,7/9/2025 7:37:00 AM,7/9/2025 8:33:00 AM,DAVWAPPB_V1-0539,Stop loss,($1944.00),$319378.50,$0.00,$0.00,$0.00,$0.00,$0.00,$1944.00,$4414.50,$6358.50,57,
383,MNQ SEP26,Backtest,DA--VWAPPB_V1,Short,46,24024.50,24045.75,7/10/2025 7:46:00 AM,7/10/2025 12:09:00 PM,DAVWAPPB_V1-0541,Stop loss,($1955.00),$317423.50,$0.00,$0.00,$0.00,$0.00,$0.00,$1955.00,$11316.00,$13271.00,264,
384,MNQ SEP26,Backtest,DA--VWAPPB_V1,Long,17,23945.50,23970.00,7/11/2025 7:54:00 AM,7/11/2025 1:56:00 PM,DAVWAPPB_V1-0542,FlattenStrategyPositionsLong,$833.00,$318256.50,$0.00,$0.00,$0.00,$0.00,$0.00,$1232.50,$2609.50,$1776.50,363,
385,MNQ SEP26,Backtest,DA--VWAPPB_V1,Short,29,24164.00,24198.25,7/15/2025 7:39:00 AM,7/15/2025 8:16:00 AM,DAVWAPPB_V1-0543,Stop loss,($1986.50),$316270.00,$0.00,$0.00,$0.00,$0.00,$0.00,$1986.50,$2581.00,$4567.50,38,
386,MNQ SEP26,Backtest,DA--VWAPPB_V1,Short,21,24004.50,24050.75,7/16/2025 7:46:00 AM,7/16/2025 11:04:00 AM,DAVWAPPB_V1-0545,Stop loss,($1942.50),$314327.50,$0.00,$0.00,$0.00,$0.00,$0.00,$1942.50,$7066.50,$9009.00,199,
387,MNQ SEP26,Backtest,DA--VWAPPB_V1,Long,45,24130.25,24261.75,7/17/2025 7:50:00 AM,7/17/2025 1:56:00 PM,DAVWAPPB_V1-0546,FlattenStrategyPositionsLong,$11835.00,$326162.50,$0.00,$0.00,$0.00,$0.00,$0.00,$1372.50,$13612.50,$1777.50,367,
388,MNQ SEP26,Backtest,DA--VWAPPB_V1,Long,31,24323.75,24346.50,7/21/2025 7:40:00 AM,7/21/2025 1:56:00 PM,DAVWAPPB_V1-0547,FlattenStrategyPositionsLong,$1410.50,$327573.00,$0.00,$0.00,$0.00,$0.00,$0.00,$403.00,$6308.50,$4898.00,377,
389,MNQ SEP26,Backtest,DA--VWAPPB_V1,Long,47,24227.00,24206.00,7/22/2025 8:47:00 AM,7/22/2025 8:49:00 AM,DAVWAPPB_V1-0548,Stop loss,($1974.00),$325599.00,$0.00,$0.00,$0.00,$0.00,$0.00,$1974.00,$164.50,$2138.50,3,
390,MNQ SEP26,Backtest,DA--VWAPPB_V1,Short,32,24156.25,24187.00,7/23/2025 8:09:00 AM,7/23/2025 8:17:00 AM,DAVWAPPB_V1-0550,Stop loss,($1968.00),$323631.00,$0.00,$0.00,$0.00,$0.00,$0.00,$1968.00,$848.00,$2816.00,9,
391,MNQ SEP26,Backtest,DA--VWAPPB_V1,Long,72,24366.75,24353.00,7/24/2025 8:54:00 AM,7/24/2025 10:16:00 AM,DAVWAPPB_V1-0551,Stop loss,($1980.00),$321651.00,$0.00,$0.00,$0.00,$0.00,$0.00,$1980.00,$4932.00,$6912.00,83,
392,MNQ SEP26,Backtest,DA--VWAPPB_V1,Long,39,24395.25,24423.25,7/25/2025 7:54:00 AM,7/25/2025 1:56:00 PM,DAVWAPPB_V1-0552,FlattenStrategyPositionsLong,$2184.00,$323835.00,$0.00,$0.00,$0.00,$0.00,$0.00,$955.50,$6415.50,$4231.50,363,
393,MNQ SEP26,Backtest,DA--VWAPPB_V1,Short,79,24487.75,24500.50,7/28/2025 8:58:00 AM,7/28/2025 9:07:00 AM,DAVWAPPB_V1-0553,Stop loss,($2014.50),$321820.50,$0.00,$0.00,$0.00,$0.00,$0.00,$2014.50,$553.00,$2567.50,10,
394,MNQ SEP26,Backtest,DA--VWAPPB_V1,Long,24,24636.75,24596.50,7/29/2025 7:37:00 AM,7/29/2025 7:50:00 AM,DAVWAPPB_V1-0554,Stop loss,($1932.00),$319888.50,$0.00,$0.00,$0.00,$0.00,$0.00,$1932.00,$768.00,$2700.00,14,
395,MNQ SEP26,Backtest,DA--VWAPPB_V1,Short,26,24648.25,24686.25,7/31/2025 7:41:00 AM,7/31/2025 7:54:00 AM,DAVWAPPB_V1-0555,Stop loss,($1976.00),$317912.50,$0.00,$0.00,$0.00,$0.00,$0.00,$1976.00,$2054.00,$4030.00,14,
396,MNQ SEP26,Backtest,DA--VWAPPB_V1,Short,21,24615.75,24326.25,7/31/2025 8:37:00 AM,7/31/2025 1:56:00 PM,DAVWAPPB_V1-0556,FlattenStrategyPositionsShort,$12159.00,$330071.50,$0.00,$0.00,$0.00,$0.00,$0.00,$787.50,$12999.00,$840.00,320,
397,MNQ SEP26,Backtest,DA--VWAPPB_V1,Long,53,24165.00,24290.75,8/4/2025 7:43:00 AM,8/4/2025 1:56:00 PM,DAVWAPPB_V1-0557,FlattenStrategyPositionsLong,$13329.50,$343401.00,$0.00,$0.00,$0.00,$0.00,$0.00,$583.00,$14257.00,$927.50,374,
398,MNQ SEP26,Backtest,DA--VWAPPB_V1,Long,39,24383.50,24345.50,8/5/2025 7:55:00 AM,8/5/2025 8:01:00 AM,DAVWAPPB_V1-0558,Stop loss,($2964.00),$340437.00,$0.00,$0.00,$0.00,$0.00,$0.00,$2964.00,$760.50,$3724.50,7,
399,MNQ SEP26,Backtest,DA--VWAPPB_V1,Short,21,24308.25,24147.50,8/5/2025 8:17:00 AM,8/5/2025 1:56:00 PM,DAVWAPPB_V1-0559,FlattenStrategyPositionsShort,$6751.50,$347188.50,$0.00,$0.00,$0.00,$0.00,$0.00,$703.50,$8158.50,$1407.00,340,
400,MNQ SEP26,Backtest,DA--VWAPPB_V1,Long,17,24249.50,24420.25,8/6/2025 8:41:00 AM,8/6/2025 1:56:00 PM,DAVWAPPB_V1-0561,FlattenStrategyPositionsLong,$5805.50,$352994.00,$0.00,$0.00,$0.00,$0.00,$0.00,$773.50,$6655.50,$850.00,316,
401,MNQ SEP26,Backtest,DA--VWAPPB_V1,Long,25,24580.00,24712.25,8/8/2025 7:41:00 AM,8/8/2025 1:56:00 PM,DAVWAPPB_V1-0563,FlattenStrategyPositionsLong,$6612.50,$359606.50,$0.00,$0.00,$0.00,$0.00,$0.00,$512.50,$7250.00,$637.50,376,
402,MNQ SEP26,Backtest,DA--VWAPPB_V1,Long,72,24745.75,24732.00,8/11/2025 8:04:00 AM,8/11/2025 8:04:00 AM,DAVWAPPB_V1-0564,Stop loss,($1980.00),$357626.50,$0.00,$0.00,$0.00,$0.00,$0.00,$1980.00,$0.00,$1980.00,1,
403,MNQ SEP26,Backtest,DA--VWAPPB_V1,Long,12,24793.25,24716.25,8/12/2025 7:39:00 AM,8/12/2025 7:45:00 AM,DAVWAPPB_V1-0565,Stop loss,($1848.00),$355778.50,$0.00,$0.00,$0.00,$0.00,$0.00,$1848.00,$378.00,$2226.00,7,
404,MNQ SEP26,Backtest,DA--VWAPPB_V1,Long,26,24746.50,24940.75,8/12/2025 8:21:00 AM,8/12/2025 1:56:00 PM,DAVWAPPB_V1-0566,FlattenStrategyPositionsLong,$10101.00,$365879.50,$0.00,$0.00,$0.00,$0.00,$0.00,$975.00,$10569.00,$468.00,336,
405,MNQ SEP26,Backtest,DA--VWAPPB_V1,Short,25,24997.25,24944.50,8/13/2025 8:03:00 AM,8/13/2025 1:56:00 PM,DAVWAPPB_V1-0567,FlattenStrategyPositionsShort,$2637.50,$368517.00,$0.00,$0.00,$0.00,$0.00,$0.00,$887.50,$5537.50,$2900.00,354,
406,MNQ SEP26,Backtest,DA--VWAPPB_V1,Long,17,24917.50,24954.00,8/14/2025 7:40:00 AM,8/14/2025 1:56:00 PM,DAVWAPPB_V1-0568,FlattenStrategyPositionsLong,$1241.00,$369758.00,$0.00,$0.00,$0.00,$0.00,$0.00,$1844.50,$3009.00,$1768.00,377,
407,MNQ SEP26,Backtest,DA--VWAPPB_V1,Short,28,24835.00,24870.25,8/15/2025 7:46:00 AM,8/15/2025 8:15:00 AM,DAVWAPPB_V1-0569,Stop loss,($1974.00),$367784.00,$0.00,$0.00,$0.00,$0.00,$0.00,$1974.00,$3836.00,$5810.00,30,
408,MNQ SEP26,Backtest,DA--VWAPPB_V1,Short,52,24808.25,24827.50,8/15/2025 8:52:00 AM,8/15/2025 9:19:00 AM,DAVWAPPB_V1-0570,Stop loss,($2002.00),$365782.00,$0.00,$0.00,$0.00,$0.00,$0.00,$2002.00,$2184.00,$4186.00,28,
409,MNQ SEP26,Backtest,DA--VWAPPB_V1,Long,20,24820.50,24770.50,8/18/2025 8:27:00 AM,8/18/2025 8:31:00 AM,DAVWAPPB_V1-0572,Stop loss,($2000.00),$363782.00,$0.00,$0.00,$0.00,$0.00,$0.00,$2000.00,$40.00,$2040.00,5,
410,MNQ SEP26,Backtest,DA--VWAPPB_V1,Short,10,24664.25,24444.00,8/19/2025 7:37:00 AM,8/19/2025 1:56:00 PM,DAVWAPPB_V1-0573,FlattenStrategyPositionsShort,$4405.00,$368187.00,$0.00,$0.00,$0.00,$0.00,$0.00,$1345.00,$4770.00,$365.00,380,
411,MNQ SEP26,Backtest,DA--VWAPPB_V1,Short,19,24341.00,24351.50,8/20/2025 7:45:00 AM,8/20/2025 1:56:00 PM,DAVWAPPB_V1-0574,FlattenStrategyPositionsShort,($399.00),$367788.00,$0.00,$0.00,$0.00,$0.00,$0.00,$674.50,$11599.50,$11998.50,372,
412,MNQ SEP26,Backtest,DA--VWAPPB_V1,Long,21,24335.25,24288.50,8/22/2025 7:50:00 AM,8/22/2025 7:58:00 AM,DAVWAPPB_V1-0576,Stop loss,($1963.50),$365824.50,$0.00,$0.00,$0.00,$0.00,$0.00,$1963.50,$346.50,$2310.00,9,
413,MNQ SEP26,Backtest,DA--VWAPPB_V1,Long,20,24539.50,24540.75,8/25/2025 8:05:00 AM,8/25/2025 1:56:00 PM,DAVWAPPB_V1-0577,FlattenStrategyPositionsLong,$50.00,$365874.50,$0.00,$0.00,$0.00,$0.00,$0.00,$830.00,$3110.00,$3060.00,352,
414,MNQ SEP26,Backtest,DA--VWAPPB_V1,Short,29,24504.00,24537.75,8/27/2025 7:50:00 AM,8/27/2025 7:55:00 AM,DAVWAPPB_V1-0578,Stop loss,($1957.50),$363917.00,$0.00,$0.00,$0.00,$0.00,$0.00,$1957.50,$870.00,$2827.50,6,
415,MNQ SEP26,Backtest,DA--VWAPPB_V1,Long,27,24702.50,24666.75,8/28/2025 8:47:00 AM,8/28/2025 9:30:00 AM,DAVWAPPB_V1-0579,Stop loss,($1930.50),$361986.50,$0.00,$0.00,$0.00,$0.00,$0.00,$1930.50,$2821.50,$4752.00,44,
416,MNQ SEP26,Backtest,DA--VWAPPB_V1,Short,30,24630.50,24429.75,8/29/2025 7:37:00 AM,8/29/2025 1:56:00 PM,DAVWAPPB_V1-0580,FlattenStrategyPositionsShort,$12045.00,$374031.50,$0.00,$0.00,$0.00,$0.00,$0.00,$900.00,$13710.00,$1665.00,380,
417,MNQ SEP26,Backtest,DA--VWAPPB_V1,Long,19,24160.50,24108.50,9/2/2025 7:42:00 AM,9/2/2025 9:19:00 AM,DAVWAPPB_V1-0581,Stop loss,($1976.00),$372055.50,$0.00,$0.00,$0.00,$0.00,$0.00,$1976.00,$4569.50,$6545.50,98,
418,MNQ SEP26,Backtest,DA--VWAPPB_V1,Short,38,24434.25,24460.00,9/4/2025 8:11:00 AM,9/4/2025 8:13:00 AM,DAVWAPPB_V1-0584,Stop loss,($1957.00),$370098.50,$0.00,$0.00,$0.00,$0.00,$0.00,$1957.00,$57.00,$2014.00,3,
419,MNQ SEP26,Backtest,DA--VWAPPB_V1,Long,24,24499.50,24655.75,9/4/2025 8:33:00 AM,9/4/2025 1:56:00 PM,DAVWAPPB_V1-0585,FlattenStrategyPositionsLong,$7500.00,$377598.50,$0.00,$0.00,$0.00,$0.00,$0.00,$432.00,$7860.00,$360.00,324,
420,MNQ SEP26,Backtest,DA--VWAPPB_V1,Long,19,24842.75,24792.25,9/8/2025 7:45:00 AM,9/8/2025 10:38:00 AM,DAVWAPPB_V1-0586,Stop loss,($1919.00),$375679.50,$0.00,$0.00,$0.00,$0.00,$0.00,$1919.00,$1738.50,$3657.50,174,
421,MNQ SEP26,Backtest,DA--VWAPPB_V1,Short,18,24926.50,24981.00,9/10/2025 7:42:00 AM,9/10/2025 8:25:00 AM,DAVWAPPB_V1-0587,Stop loss,($1962.00),$373717.50,$0.00,$0.00,$0.00,$0.00,$0.00,$1962.00,$1143.00,$3105.00,44,
422,MNQ SEP26,Backtest,DA--VWAPPB_V1,Short,30,24928.25,24961.25,9/10/2025 9:25:00 AM,9/10/2025 9:46:00 AM,DAVWAPPB_V1-0588,Stop loss,($1980.00),$371737.50,$0.00,$0.00,$0.00,$0.00,$0.00,$1980.00,$420.00,$2400.00,22,
423,MNQ SEP26,Backtest,DA--VWAPPB_V1,Long,22,25003.25,24959.75,9/11/2025 8:09:00 AM,9/11/2025 8:15:00 AM,DAVWAPPB_V1-0590,Stop loss,($1914.00),$369823.50,$0.00,$0.00,$0.00,$0.00,$0.00,$1914.00,$22.00,$1936.00,7,
424,MNQ SEP26,Backtest,DA--VWAPPB_V1,Long,30,25229.75,25292.00,9/15/2025 7:42:00 AM,9/15/2025 1:56:00 PM,DAVWAPPB_V1-0592,FlattenStrategyPositionsLong,$3735.00,$373558.50,$0.00,$0.00,$0.00,$0.00,$0.00,$1620.00,$4140.00,$405.00,375,
425,MNQ SEP26,Backtest,DA--VWAPPB_V1,Short,38,25319.50,25304.00,9/16/2025 7:41:00 AM,9/16/2025 1:56:00 PM,DAVWAPPB_V1-0593,FlattenStrategyPositionsShort,$1178.00,$374736.50,$0.00,$0.00,$0.00,$0.00,$0.00,$1292.00,$4351.00,$3173.00,376,
426,MNQ SEP26,Backtest,DA--VWAPPB_V1,Long,21,25481.50,25485.75,9/18/2025 8:05:00 AM,9/18/2025 1:56:00 PM,DAVWAPPB_V1-0594,FlattenStrategyPositionsLong,$178.50,$374915.00,$0.00,$0.00,$0.00,$0.00,$0.00,$903.00,$4095.00,$3916.50,352,
427,MNQ SEP26,Backtest,DA--VWAPPB_V1,Short,36,25525.25,25552.50,9/19/2025 8:22:00 AM,9/19/2025 8:27:00 AM,DAVWAPPB_V1-0595,Stop loss,($1962.00),$372953.00,$0.00,$0.00,$0.00,$0.00,$0.00,$1962.00,$90.00,$2052.00,6,
428,MNQ SEP26,Backtest,DA--VWAPPB_V1,Short,35,25521.00,25549.25,9/19/2025 8:43:00 AM,9/19/2025 10:02:00 AM,DAVWAPPB_V1-0596,Stop loss,($1977.50),$370975.50,$0.00,$0.00,$0.00,$0.00,$0.00,$1977.50,$3482.50,$5460.00,80,
429,MNQ SEP26,Backtest,DA--VWAPPB_V1,Long,35,25629.00,25762.75,9/22/2025 7:52:00 AM,9/22/2025 1:56:00 PM,DAVWAPPB_V1-0597,FlattenStrategyPositionsLong,$9362.50,$380338.00,$0.00,$0.00,$0.00,$0.00,$0.00,$770.00,$11305.00,$1942.50,365,
430,MNQ SEP26,Backtest,DA--VWAPPB_V1,Short,43,25715.50,25600.75,9/23/2025 7:51:00 AM,9/23/2025 1:56:00 PM,DAVWAPPB_V1-0599,FlattenStrategyPositionsShort,$9868.50,$390206.50,$0.00,$0.00,$0.00,$0.00,$0.00,$1956.50,$14878.00,$5009.50,366,
431,MNQ SEP26,Backtest,DA--VWAPPB_V1,Short,28,25602.50,25499.50,9/24/2025 7:38:00 AM,9/24/2025 1:56:00 PM,DAVWAPPB_V1-0600,FlattenStrategyPositionsShort,$5768.00,$395974.50,$0.00,$0.00,$0.00,$0.00,$0.00,$672.00,$11830.00,$6062.00,379,
432,MNQ SEP26,Backtest,DA--VWAPPB_V1,Short,11,25241.25,25329.25,9/25/2025 7:39:00 AM,9/25/2025 8:10:00 AM,DAVWAPPB_V1-0601,Stop loss,($1936.00),$394038.50,$0.00,$0.00,$0.00,$0.00,$0.00,$1936.00,$1232.00,$3168.00,32,
433,MNQ SEP26,Backtest,DA--VWAPPB_V1,Long,10,25599.75,25502.25,10/1/2025 7:37:00 AM,10/1/2025 7:50:00 AM,DAVWAPPB_V1-0604,Stop loss,($1950.00),$392088.50,$0.00,$0.00,$0.00,$0.00,$0.00,$1950.00,$100.00,$2050.00,14,
434,MNQ SEP26,Backtest,DA--VWAPPB_V1,Short,15,25512.00,25575.50,10/1/2025 7:54:00 AM,10/1/2025 7:58:00 AM,DAVWAPPB_V1-0605,Stop loss,($1905.00),$390183.50,$0.00,$0.00,$0.00,$0.00,$0.00,$1905.00,$67.50,$1972.50,5,
435,MNQ SEP26,Backtest,DA--VWAPPB_V1,Short,18,25841.50,25868.25,10/2/2025 7:41:00 AM,10/2/2025 1:56:00 PM,DAVWAPPB_V1-0606,FlattenStrategyPositionsShort,($963.00),$389220.50,$0.00,$0.00,$0.00,$0.00,$0.00,$1746.00,$3042.00,$4005.00,376,
436,MNQ SEP26,Backtest,DA--VWAPPB_V1,Short,36,25892.25,25919.25,10/6/2025 8:36:00 AM,10/6/2025 8:50:00 AM,DAVWAPPB_V1-0607,Stop loss,($1944.00),$387276.50,$0.00,$0.00,$0.00,$0.00,$0.00,$1944.00,$1350.00,$3294.00,15,
437,MNQ SEP26,Backtest,DA--VWAPPB_V1,Long,20,25923.75,26094.00,10/8/2025 7:50:00 AM,10/8/2025 1:56:00 PM,DAVWAPPB_V1-0609,FlattenStrategyPositionsLong,$6810.00,$394086.50,$0.00,$0.00,$0.00,$0.00,$0.00,$710.00,$6900.00,$90.00,367,
438,MNQ SEP26,Backtest,DA--VWAPPB_V1,Long,27,26149.25,26113.25,10/10/2025 7:49:00 AM,10/10/2025 7:50:00 AM,DAVWAPPB_V1-0612,Stop loss,($1944.00),$392142.50,$0.00,$0.00,$0.00,$0.00,$0.00,$1944.00,$81.00,$2025.00,2,
439,MNQ SEP26,Backtest,DA--VWAPPB_V1,Short,21,25499.75,25545.50,10/13/2025 7:42:00 AM,10/13/2025 7:44:00 AM,DAVWAPPB_V1-0614,Stop loss,($1921.50),$390221.00,$0.00,$0.00,$0.00,$0.00,$0.00,$1921.50,$262.50,$2184.00,3,
440,MNQ SEP26,Backtest,DA--VWAPPB_V1,Long,14,25625.25,25558.00,10/13/2025 7:54:00 AM,10/13/2025 8:23:00 AM,DAVWAPPB_V1-0615,Stop loss,($1883.00),$388338.00,$0.00,$0.00,$0.00,$0.00,$0.00,$1883.00,$1449.00,$3332.00,30,
441,MNQ SEP26,Backtest,DA--VWAPPB_V1,Short,20,25529.00,25577.75,10/13/2025 8:56:00 AM,10/13/2025 9:11:00 AM,DAVWAPPB_V1-0617,Stop loss,($1950.00),$386388.00,$0.00,$0.00,$0.00,$0.00,$0.00,$1950.00,$890.00,$2840.00,16,
442,MNQ SEP26,Backtest,DA--VWAPPB_V1,Long,22,25626.00,25704.25,10/13/2025 9:20:00 AM,10/13/2025 1:56:00 PM,DAVWAPPB_V1-0618,FlattenStrategyPositionsLong,$3443.00,$389831.00,$0.00,$0.00,$0.00,$0.00,$0.00,$473.00,$4499.00,$1056.00,277,
443,MNQ SEP26,Backtest,DA--VWAPPB_V1,Short,17,25256.75,25314.50,10/14/2025 7:42:00 AM,10/14/2025 7:55:00 AM,DAVWAPPB_V1-0619,Stop loss,($1963.50),$387867.50,$0.00,$0.00,$0.00,$0.00,$0.00,$1963.50,$2388.50,$4352.00,14,
444,MNQ SEP26,Backtest,DA--VWAPPB_V1,Long,15,25351.75,25512.00,10/14/2025 8:02:00 AM,10/14/2025 1:56:00 PM,DAVWAPPB_V1-0620,FlattenStrategyPositionsLong,$4807.50,$392675.00,$0.00,$0.00,$0.00,$0.00,$0.00,$1020.00,$10762.50,$5955.00,355,
445,MNQ SEP26,Backtest,DA--VWAPPB_V1,Long,20,25773.25,25724.50,10/15/2025 7:59:00 AM,10/15/2025 9:42:00 AM,DAVWAPPB_V1-0621,Stop loss,($1950.00),$390725.00,$0.00,$0.00,$0.00,$0.00,$0.00,$1950.00,$4310.00,$6260.00,104,
446,MNQ SEP26,Backtest,DA--VWAPPB_V1,Long,10,25613.50,25516.50,10/17/2025 7:56:00 AM,10/17/2025 8:59:00 AM,DAVWAPPB_V1-0623,Stop loss,($1940.00),$388785.00,$0.00,$0.00,$0.00,$0.00,$0.00,$1940.00,$2210.00,$4150.00,64,
447,MNQ SEP26,Backtest,DA--VWAPPB_V1,Long,24,25995.50,26091.25,10/20/2025 7:52:00 AM,10/20/2025 1:56:00 PM,DAVWAPPB_V1-0624,FlattenStrategyPositionsLong,$4596.00,$393381.00,$0.00,$0.00,$0.00,$0.00,$0.00,$1452.00,$5892.00,$1296.00,365,
448,MNQ SEP26,Backtest,DA--VWAPPB_V1,Short,23,25991.00,26033.75,10/21/2025 7:49:00 AM,10/21/2025 7:51:00 AM,DAVWAPPB_V1-0625,Stop loss,($1966.50),$391414.50,$0.00,$0.00,$0.00,$0.00,$0.00,$1966.50,$391.00,$2357.50,3,
449,MNQ SEP26,Backtest,DA--VWAPPB_V1,Short,25,25977.25,26016.50,10/21/2025 8:33:00 AM,10/21/2025 8:38:00 AM,DAVWAPPB_V1-0627,Stop loss,($1962.50),$389452.00,$0.00,$0.00,$0.00,$0.00,$0.00,$1962.50,$550.00,$2512.50,6,
450,MNQ SEP26,Backtest,DA--VWAPPB_V1,Short,18,25955.25,25791.75,10/22/2025 8:26:00 AM,10/22/2025 1:56:00 PM,DAVWAPPB_V1-0629,FlattenStrategyPositionsShort,$5886.00,$395338.00,$0.00,$0.00,$0.00,$0.00,$0.00,$558.00,$13923.00,$8037.00,331,
451,MNQ SEP26,Backtest,DA--VWAPPB_V1,Long,18,25832.25,26019.50,10/23/2025 7:41:00 AM,10/23/2025 1:56:00 PM,DAVWAPPB_V1-0630,FlattenStrategyPositionsLong,$6741.00,$402079.00,$0.00,$0.00,$0.00,$0.00,$0.00,$450.00,$7893.00,$1152.00,376,
452,MNQ SEP26,Backtest,DA--VWAPPB_V1,Long,14,26293.25,26225.50,10/24/2025 7:40:00 AM,10/24/2025 8:55:00 AM,DAVWAPPB_V1-0631,Stop loss,($1897.00),$400182.00,$0.00,$0.00,$0.00,$0.00,$0.00,$1897.00,$574.00,$2471.00,76,
453,MNQ SEP26,Backtest,DA--VWAPPB_V1,Short,19,26223.25,26275.25,10/24/2025 8:57:00 AM,10/24/2025 9:16:00 AM,DAVWAPPB_V1-0632,Stop loss,($1976.00),$398206.00,$0.00,$0.00,$0.00,$0.00,$0.00,$1976.00,$1045.00,$3021.00,20,
454,MNQ SEP26,Backtest,DA--VWAPPB_V1,Long,36,26281.75,26295.75,10/24/2025 9:20:00 AM,10/24/2025 1:56:00 PM,DAVWAPPB_V1-0633,FlattenStrategyPositionsLong,$1008.00,$399214.00,$0.00,$0.00,$0.00,$0.00,$0.00,$990.00,$3636.00,$2628.00,277,
455,MNQ SEP26,Backtest,DA--VWAPPB_V1,Short,28,26794.25,26828.75,10/28/2025 7:56:00 AM,10/28/2025 7:57:00 AM,DAVWAPPB_V1-0634,Stop loss,($1932.00),$397282.00,$0.00,$0.00,$0.00,$0.00,$0.00,$1932.00,$0.00,$1932.00,2,
456,MNQ SEP26,Backtest,DA--VWAPPB_V1,Short,8,26728.75,26843.00,10/30/2025 7:40:00 AM,10/30/2025 7:51:00 AM,DAVWAPPB_V1-0636,Stop loss,($1828.00),$395454.00,$0.00,$0.00,$0.00,$0.00,$0.00,$1828.00,$384.00,$2212.00,12,
457,MNQ SEP26,Backtest,DA--VWAPPB_V1,Long,10,26879.75,26783.00,10/30/2025 7:54:00 AM,10/30/2025 8:25:00 AM,DAVWAPPB_V1-0637,Stop loss,($1935.00),$393519.00,$0.00,$0.00,$0.00,$0.00,$0.00,$1935.00,$1260.00,$3195.00,32,
458,MNQ SEP26,Backtest,DA--VWAPPB_V1,Short,32,26871.75,26902.25,10/31/2025 7:50:00 AM,10/31/2025 8:37:00 AM,DAVWAPPB_V1-0639,Stop loss,($1952.00),$391567.00,$0.00,$0.00,$0.00,$0.00,$0.00,$1952.00,$3296.00,$5248.00,48,
459,MNQ SEP26,Backtest,DA--VWAPPB_V1,Short,38,26924.25,26855.50,11/3/2025 7:48:00 AM,11/3/2025 1:56:00 PM,DAVWAPPB_V1-0640,FlattenStrategyPositionsShort,$5225.00,$396792.00,$0.00,$0.00,$0.00,$0.00,$0.00,$1634.00,$11267.00,$6042.00,369,
460,MNQ SEP26,Backtest,DA--VWAPPB_V1,Long,18,26543.50,26490.50,11/4/2025 7:51:00 AM,11/4/2025 9:57:00 AM,DAVWAPPB_V1-0641,Stop loss,($1908.00),$394884.00,$0.00,$0.00,$0.00,$0.00,$0.00,$1908.00,$4086.00,$5994.00,127,
461,MNQ SEP26,Backtest,DA--VWAPPB_V1,Long,27,26381.00,26344.75,11/10/2025 7:42:00 AM,11/10/2025 8:51:00 AM,DAVWAPPB_V1-0642,Stop loss,($1957.50),$392926.50,$0.00,$0.00,$0.00,$0.00,$0.00,$1957.50,$2632.50,$4590.00,70,
462,MNQ SEP26,Backtest,DA--VWAPPB_V1,Short,21,26331.75,26379.25,11/11/2025 7:55:00 AM,11/11/2025 7:58:00 AM,DAVWAPPB_V1-0643,Stop loss,($1995.00),$390931.50,$0.00,$0.00,$0.00,$0.00,$0.00,$1995.00,$283.50,$2278.50,4,
463,MNQ SEP26,Backtest,DA--VWAPPB_V1,Short,21,26435.25,26381.75,11/12/2025 7:38:00 AM,11/12/2025 1:56:00 PM,DAVWAPPB_V1-0644,FlattenStrategyPositionsShort,$2247.00,$393178.50,$0.00,$0.00,$0.00,$0.00,$0.00,$966.00,$7696.50,$5449.50,379,
464,MNQ SEP26,Backtest,DA--VWAPPB_V1,Short,8,26118.25,26230.00,11/13/2025 7:40:00 AM,11/13/2025 8:15:00 AM,DAVWAPPB_V1-0645,Stop loss,($1788.00),$391390.50,$0.00,$0.00,$0.00,$0.00,$0.00,$1788.00,$1188.00,$2976.00,36,
465,MNQ SEP26,Backtest,DA--VWAPPB_V1,Short,24,26120.50,25804.25,11/13/2025 8:34:00 AM,11/13/2025 1:56:00 PM,DAVWAPPB_V1-0646,FlattenStrategyPositionsShort,$15180.00,$406570.50,$0.00,$0.00,$0.00,$0.00,$0.00,$768.00,$17052.00,$1872.00,323,
466,MNQ SEP26,Backtest,DA--VWAPPB_V1,Long,14,25600.75,25849.00,11/14/2025 7:45:00 AM,11/14/2025 1:56:00 PM,DAVWAPPB_V1-0647,FlattenStrategyPositionsLong,$6951.00,$413521.50,$0.00,$0.00,$0.00,$0.00,$0.00,$518.00,$12768.00,$5817.00,372,
467,MNQ SEP26,Backtest,DA--VWAPPB_V1,Long,16,25956.00,25896.50,11/17/2025 7:47:00 AM,11/17/2025 8:05:00 AM,DAVWAPPB_V1-0648,Stop loss,($1904.00),$411617.50,$0.00,$0.00,$0.00,$0.00,$0.00,$1904.00,$1984.00,$3888.00,19,
468,MNQ SEP26,Backtest,DA--VWAPPB_V1,Short,7,25378.50,25507.75,11/18/2025 7:52:00 AM,11/18/2025 10:54:00 AM,DAVWAPPB_V1-0650,Stop loss,($1809.50),$409808.00,$0.00,$0.00,$0.00,$0.00,$0.00,$1809.50,$3293.50,$5103.00,183,
469,MNQ SEP26,Backtest,DA--VWAPPB_V1,Short,22,25949.75,25993.50,11/20/2025 8:15:00 AM,11/20/2025 8:19:00 AM,DAVWAPPB_V1-0652,Stop loss,($1925.00),$407883.00,$0.00,$0.00,$0.00,$0.00,$0.00,$1925.00,$1342.00,$3267.00,5,
470,MNQ SEP26,Backtest,DA--VWAPPB_V1,Short,16,25931.50,24901.75,11/20/2025 9:00:00 AM,11/20/2025 1:56:00 PM,DAVWAPPB_V1-0653,FlattenStrategyPositionsShort,$32952.00,$440835.00,$0.00,$0.00,$0.00,$0.00,$0.00,$328.00,$34200.00,$1248.00,297,
471,MNQ SEP26,Backtest,DA--VWAPPB_V1,Long,11,24956.00,25090.00,11/21/2025 9:35:00 AM,11/21/2025 1:56:00 PM,DAVWAPPB_V1-0654,FlattenStrategyPositionsLong,$2948.00,$443783.00,$0.00,$0.00,$0.00,$0.00,$0.00,$737.00,$8882.50,$5934.50,262,
472,MNQ SEP26,Backtest,DA--VWAPPB_V1,Long,19,26004.50,26069.75,11/26/2025 8:40:00 AM,11/26/2025 1:56:00 PM,DAVWAPPB_V1-0656,FlattenStrategyPositionsLong,$2479.50,$446262.50,$0.00,$0.00,$0.00,$0.00,$0.00,$1843.00,$5101.50,$2622.00,317,
473,MNQ SEP26,Backtest,DA--VWAPPB_V1,Long,26,26161.50,26123.50,11/28/2025 7:38:00 AM,11/28/2025 7:41:00 AM,DAVWAPPB_V1-0659,Stop loss,($1976.00),$444286.50,$0.00,$0.00,$0.00,$0.00,$0.00,$1976.00,$1209.00,$3185.00,4,
474,MNQ SEP26,Backtest,DA--VWAPPB_V1,Long,20,26094.75,26046.25,12/1/2025 7:54:00 AM,12/1/2025 8:35:00 AM,DAVWAPPB_V1-0660,Stop loss,($1940.00),$442346.50,$0.00,$0.00,$0.00,$0.00,$0.00,$1940.00,$2330.00,$4270.00,42,
475,MNQ SEP26,Backtest,DA--VWAPPB_V1,Long,9,26366.50,26261.75,12/2/2025 7:40:00 AM,12/2/2025 9:23:00 AM,DAVWAPPB_V1-0661,Stop loss,($1885.50),$440461.00,$0.00,$0.00,$0.00,$0.00,$0.00,$1885.50,$1201.50,$3087.00,104,
476,MNQ SEP26,Backtest,DA--VWAPPB_V1,Long,10,26337.25,26412.00,12/3/2025 8:06:00 AM,12/3/2025 1:56:00 PM,DAVWAPPB_V1-0662,FlattenStrategyPositionsLong,$1495.00,$441956.00,$0.00,$0.00,$0.00,$0.00,$0.00,$1520.00,$2235.00,$740.00,351,
477,MNQ SEP26,Backtest,DA--VWAPPB_V1,Short,13,26341.00,26414.50,12/4/2025 7:48:00 AM,12/4/2025 10:02:00 AM,DAVWAPPB_V1-0663,Stop loss,($1911.00),$440045.00,$0.00,$0.00,$0.00,$0.00,$0.00,$1911.00,$1885.00,$3796.00,135,
478,MNQ SEP26,Backtest,DA--VWAPPB_V1,Short,17,26517.25,26376.00,12/8/2025 7:53:00 AM,12/8/2025 1:56:00 PM,DAVWAPPB_V1-0664,FlattenStrategyPositionsShort,$4802.50,$444847.50,$0.00,$0.00,$0.00,$0.00,$0.00,$833.00,$6468.50,$1666.00,364,
479,MNQ SEP26,Backtest,DA--VWAPPB_V1,Short,16,26336.75,26398.75,12/10/2025 8:40:00 AM,12/10/2025 9:20:00 AM,DAVWAPPB_V1-0665,Stop loss,($1984.00),$442863.50,$0.00,$0.00,$0.00,$0.00,$0.00,$1984.00,$1448.00,$3432.00,41,
480,MNQ SEP26,Backtest,DA--VWAPPB_V1,Long,15,26330.75,26266.25,12/11/2025 8:18:00 AM,12/11/2025 8:49:00 AM,DAVWAPPB_V1-0666,Stop loss,($1935.00),$440928.50,$0.00,$0.00,$0.00,$0.00,$0.00,$1935.00,$1852.50,$3787.50,32,
481,MNQ SEP26,Backtest,DA--VWAPPB_V1,Short,14,26267.75,25961.00,12/12/2025 7:51:00 AM,12/12/2025 1:56:00 PM,DAVWAPPB_V1-0667,FlattenStrategyPositionsShort,$8589.00,$449517.50,$0.00,$0.00,$0.00,$0.00,$0.00,$1876.00,$10829.00,$2240.00,366,
482,MNQ SEP26,Backtest,DA--VWAPPB_V1,Short,12,26060.50,25849.00,12/15/2025 7:44:00 AM,12/15/2025 1:56:00 PM,DAVWAPPB_V1-0668,FlattenStrategyPositionsShort,$5076.00,$454593.50,$0.00,$0.00,$0.00,$0.00,$0.00,$426.00,$6336.00,$1260.00,373,
483,MNQ SEP26,Backtest,DA--VWAPPB_V1,Long,19,25866.25,25815.50,12/16/2025 7:56:00 AM,12/16/2025 8:12:00 AM,DAVWAPPB_V1-0669,Stop loss,($1928.50),$452665.00,$0.00,$0.00,$0.00,$0.00,$0.00,$1928.50,$1985.50,$3914.00,17,
484,MNQ SEP26,Backtest,DA--VWAPPB_V1,Short,13,25785.75,25859.25,12/16/2025 8:20:00 AM,12/16/2025 10:03:00 AM,DAVWAPPB_V1-0670,Stop loss,($1911.00),$450754.00,$0.00,$0.00,$0.00,$0.00,$0.00,$1911.00,$2593.50,$4504.50,104,
485,MNQ SEP26,Backtest,DA--VWAPPB_V1,Short,10,25690.75,25784.50,12/18/2025 7:43:00 AM,12/18/2025 7:58:00 AM,DAVWAPPB_V1-0671,Stop loss,($1875.00),$448879.00,$0.00,$0.00,$0.00,$0.00,$0.00,$1875.00,$400.00,$2275.00,16,
486,MNQ SEP26,Backtest,DA--VWAPPB_V1,Short,30,25691.00,25723.50,12/18/2025 8:22:00 AM,12/18/2025 8:22:00 AM,DAVWAPPB_V1-0673,Stop loss,($1950.00),$446929.00,$0.00,$0.00,$0.00,$0.00,$0.00,$1950.00,$0.00,$1950.00,1,
487,MNQ SEP26,Backtest,DA--VWAPPB_V1,Long,16,25974.25,26091.50,12/19/2025 7:43:00 AM,12/19/2025 1:56:00 PM,DAVWAPPB_V1-0674,FlattenStrategyPositionsLong,$3752.00,$450681.00,$0.00,$0.00,$0.00,$0.00,$0.00,$528.00,$4376.00,$624.00,374,
488,MNQ SEP26,Backtest,DA--VWAPPB_V1,Short,21,26189.75,26236.75,12/22/2025 7:44:00 AM,12/22/2025 7:49:00 AM,DAVWAPPB_V1-0676,Stop loss,($1974.00),$448707.00,$0.00,$0.00,$0.00,$0.00,$0.00,$1974.00,$31.50,$2005.50,6,
489,MNQ SEP26,Backtest,DA--VWAPPB_V1,Short,20,26189.75,26239.50,12/22/2025 8:14:00 AM,12/22/2025 10:58:00 AM,DAVWAPPB_V1-0677,Stop loss,($1990.00),$446717.00,$0.00,$0.00,$0.00,$0.00,$0.00,$1990.00,$2010.00,$4000.00,165,
490,MNQ SEP26,Backtest,DA--VWAPPB_V1,Long,24,26250.75,26210.00,12/23/2025 7:48:00 AM,12/23/2025 7:55:00 AM,DAVWAPPB_V1-0678,Stop loss,($1956.00),$444761.00,$0.00,$0.00,$0.00,$0.00,$0.00,$1956.00,$504.00,$2460.00,8,
491,MNQ SEP26,Backtest,DA--VWAPPB_V1,Long,71,26223.25,26318.25,12/23/2025 8:49:00 AM,12/23/2025 1:56:00 PM,DAVWAPPB_V1-0680,FlattenStrategyPositionsLong,$13490.00,$458251.00,$0.00,$0.00,$0.00,$0.00,$0.00,$994.00,$14271.00,$781.00,308,
492,MNQ SEP26,Backtest,DA--VWAPPB_V1,Short,43,26383.00,26405.75,12/26/2025 8:01:00 AM,12/26/2025 8:32:00 AM,DAVWAPPB_V1-0681,Stop loss,($1956.50),$456294.50,$0.00,$0.00,$0.00,$0.00,$0.00,$1956.50,$3332.50,$5289.00,32,
493,MNQ SEP26,Backtest,DA--VWAPPB_V1,Long,31,26315.25,26283.75,12/29/2025 7:44:00 AM,12/29/2025 7:46:00 AM,DAVWAPPB_V1-0683,Stop loss,($1953.00),$454341.50,$0.00,$0.00,$0.00,$0.00,$0.00,$1953.00,$31.00,$1984.00,3,
494,MNQ SEP26,Backtest,DA--VWAPPB_V1,Short,29,26206.25,26239.75,12/29/2025 8:09:00 AM,12/29/2025 8:23:00 AM,DAVWAPPB_V1-0684,Stop loss,($1943.00),$452398.50,$0.00,$0.00,$0.00,$0.00,$0.00,$1943.00,$2015.50,$3958.50,15,
495,MNQ SEP26,Backtest,DA--VWAPPB_V1,Long,32,26259.00,26228.50,12/29/2025 8:29:00 AM,12/29/2025 8:50:00 AM,DAVWAPPB_V1-0685,Stop loss,($1952.00),$450446.50,$0.00,$0.00,$0.00,$0.00,$0.00,$1952.00,$1552.00,$3504.00,22,
496,MNQ SEP26,Backtest,DA--VWAPPB_V1,Long,16,26256.50,26195.50,12/30/2025 7:56:00 AM,12/30/2025 8:14:00 AM,DAVWAPPB_V1-0686,Stop loss,($1952.00),$448494.50,$0.00,$0.00,$0.00,$0.00,$0.00,$1952.00,$904.00,$2856.00,19,
497,MNQ SEP26,Backtest,DA--VWAPPB_V1,Short,55,26205.00,26223.25,12/30/2025 8:19:00 AM,12/30/2025 8:24:00 AM,DAVWAPPB_V1-0687,Stop loss,($2007.50),$446487.00,$0.00,$0.00,$0.00,$0.00,$0.00,$2007.50,$907.50,$2915.00,6,
498,MNQ SEP26,Backtest,DA--VWAPPB_V1,Long,40,26249.00,26224.50,12/30/2025 8:57:00 AM,12/30/2025 10:01:00 AM,DAVWAPPB_V1-0688,Stop loss,($1960.00),$444527.00,$0.00,$0.00,$0.00,$0.00,$0.00,$1960.00,$4400.00,$6360.00,65,
499,MNQ SEP26,Backtest,DA--VWAPPB_V1,Short,23,26098.50,26140.75,12/31/2025 7:50:00 AM,12/31/2025 7:56:00 AM,DAVWAPPB_V1-0690,Stop loss,($1943.50),$442583.50,$0.00,$0.00,$0.00,$0.00,$0.00,$1943.50,$69.00,$2012.50,7,
500,MNQ SEP26,Backtest,DA--VWAPPB_V1,Long,29,26266.50,26232.75,1/2/2026 7:57:00 AM,1/2/2026 8:07:00 AM,DAVWAPPB_V1-0691,Stop loss,($1957.50),$440626.00,$0.00,$0.00,$0.00,$0.00,$0.00,$1957.50,$1363.00,$3320.50,11,
501,MNQ SEP26,Backtest,DA--VWAPPB_V1,Long,17,26222.75,26165.25,1/6/2026 7:51:00 AM,1/6/2026 9:07:00 AM,DAVWAPPB_V1-0693,Stop loss,($1955.00),$438671.00,$0.00,$0.00,$0.00,$0.00,$0.00,$1955.00,$2244.00,$4199.00,77,
502,MNQ SEP26,Backtest,DA--VWAPPB_V1,Long,24,26368.25,26327.50,1/7/2026 7:47:00 AM,1/7/2026 8:02:00 AM,DAVWAPPB_V1-0694,Stop loss,($1956.00),$436715.00,$0.00,$0.00,$0.00,$0.00,$0.00,$1956.00,$1044.00,$3000.00,16,
503,MNQ SEP26,Backtest,DA--VWAPPB_V1,Long,27,26398.25,26362.25,1/7/2026 8:36:00 AM,1/7/2026 8:39:00 AM,DAVWAPPB_V1-0695,Stop loss,($1944.00),$434771.00,$0.00,$0.00,$0.00,$0.00,$0.00,$1944.00,$742.50,$2686.50,4,
504,MNQ SEP26,Backtest,DA--VWAPPB_V1,Short,14,26209.75,26201.25,1/8/2026 7:39:00 AM,1/8/2026 1:56:00 PM,DAVWAPPB_V1-0696,FlattenStrategyPositionsShort,$238.00,$435009.00,$0.00,$0.00,$0.00,$0.00,$0.00,$434.00,$3647.00,$3409.00,378,
505,MNQ SEP26,Backtest,DA--VWAPPB_V1,Long,17,26380.25,26484.50,1/12/2026 7:38:00 AM,1/12/2026 1:56:00 PM,DAVWAPPB_V1-0697,FlattenStrategyPositionsLong,$3544.50,$438553.50,$0.00,$0.00,$0.00,$0.00,$0.00,$1224.00,$5108.50,$1564.00,379,
506,MNQ SEP26,Backtest,DA--VWAPPB_V1,Short,12,26162.25,26111.50,1/14/2026 7:44:00 AM,1/14/2026 1:56:00 PM,DAVWAPPB_V1-0698,FlattenStrategyPositionsShort,$1218.00,$439771.50,$0.00,$0.00,$0.00,$0.00,$0.00,$1026.00,$5544.00,$4326.00,373,
507,MNQ SEP26,Backtest,DA--VWAPPB_V1,Short,15,26382.25,26446.00,1/15/2026 7:39:00 AM,1/15/2026 7:45:00 AM,DAVWAPPB_V1-0699,Stop loss,($1912.50),$437859.00,$0.00,$0.00,$0.00,$0.00,$0.00,$1912.50,$577.50,$2490.00,7,
508,MNQ SEP26,Backtest,DA--VWAPPB_V1,Short,17,26335.75,26394.00,1/15/2026 8:50:00 AM,1/15/2026 8:58:00 AM,DAVWAPPB_V1-0700,Stop loss,($1980.50),$435878.50,$0.00,$0.00,$0.00,$0.00,$0.00,$1980.50,$756.50,$2737.00,9,
509,MNQ SEP26,Backtest,DA--VWAPPB_V1,Short,29,26317.25,26222.75,1/16/2026 7:54:00 AM,1/16/2026 1:56:00 PM,DAVWAPPB_V1-0702,FlattenStrategyPositionsShort,$5481.00,$441359.50,$0.00,$0.00,$0.00,$0.00,$0.00,$319.00,$12586.00,$7105.00,363,
510,MNQ SEP26,Backtest,DA--VWAPPB_V1,Short,35,25758.00,25786.50,1/19/2026 7:41:00 AM,1/19/2026 7:52:00 AM,DAVWAPPB_V1-0703,Stop loss,($1995.00),$439364.50,$0.00,$0.00,$0.00,$0.00,$0.00,$1995.00,$822.50,$2817.50,12,
511,MNQ SEP26,Backtest,DA--VWAPPB_V1,Long,20,25869.75,25820.50,1/20/2026 8:30:00 AM,1/20/2026 10:33:00 AM,DAVWAPPB_V1-0704,Stop loss,($1970.00),$437394.50,$0.00,$0.00,$0.00,$0.00,$0.00,$1970.00,$2810.00,$4780.00,124,
512,MNQ SEP26,Backtest,DA--VWAPPB_V1,Short,10,26080.00,26176.50,1/22/2026 7:51:00 AM,1/22/2026 9:21:00 AM,DAVWAPPB_V1-0705,Stop loss,($1930.00),$435464.50,$0.00,$0.00,$0.00,$0.00,$0.00,$1930.00,$705.00,$2635.00,91,
513,MNQ SEP26,Backtest,DA--VWAPPB_V1,Long,22,26307.00,26369.25,1/26/2026 7:42:00 AM,1/26/2026 1:56:00 PM,DAVWAPPB_V1-0706,FlattenStrategyPositionsLong,$2739.00,$438203.50,$0.00,$0.00,$0.00,$0.00,$0.00,$770.00,$5973.00,$3234.00,375,
514,MNQ SEP26,Backtest,DA--VWAPPB_V1,Long,22,26519.25,26587.75,1/27/2026 7:54:00 AM,1/27/2026 1:56:00 PM,DAVWAPPB_V1-0707,FlattenStrategyPositionsLong,$3014.00,$441217.50,$0.00,$0.00,$0.00,$0.00,$0.00,$187.00,$4631.00,$1617.00,363,
515,MNQ SEP26,Backtest,DA--VWAPPB_V1,Short,8,26514.25,26494.50,1/29/2026 7:42:00 AM,1/29/2026 1:56:00 PM,DAVWAPPB_V1-0708,FlattenStrategyPositionsShort,$316.00,$441533.50,$0.00,$0.00,$0.00,$0.00,$0.00,$396.00,$7492.00,$7176.00,375,
516,MNQ SEP26,Backtest,DA--VWAPPB_V1,Long,24,26416.00,26374.75,1/30/2026 8:47:00 AM,1/30/2026 8:54:00 AM,DAVWAPPB_V1-0709,Stop loss,($1980.00),$439553.50,$0.00,$0.00,$0.00,$0.00,$0.00,$1980.00,$1356.00,$3336.00,8,
517,MNQ SEP26,Backtest,DA--VWAPPB_V1,Short,26,26341.75,26379.00,1/30/2026 9:03:00 AM,1/30/2026 9:08:00 AM,DAVWAPPB_V1-0710,Stop loss,($1937.00),$437616.50,$0.00,$0.00,$0.00,$0.00,$0.00,$1937.00,$494.00,$2431.00,6,
518,MNQ SEP26,Backtest,DA--VWAPPB_V1,Long,20,26220.25,26357.75,2/2/2026 7:42:00 AM,2/2/2026 1:56:00 PM,DAVWAPPB_V1-0711,FlattenStrategyPositionsLong,$5500.00,$443116.50,$0.00,$0.00,$0.00,$0.00,$0.00,$900.00,$9550.00,$4050.00,375,
519,MNQ SEP26,Backtest,DA--VWAPPB_V1,Short,8,26348.50,25933.50,2/3/2026 7:38:00 AM,2/3/2026 1:56:00 PM,DAVWAPPB_V1-0712,FlattenStrategyPositionsShort,$6640.00,$449756.50,$0.00,$0.00,$0.00,$0.00,$0.00,$484.00,$9928.00,$3288.00,379,
520,MNQ SEP26,Backtest,DA--VWAPPB_V1,Long,9,25440.25,25337.00,2/5/2026 7:45:00 AM,2/5/2026 7:56:00 AM,DAVWAPPB_V1-0713,Stop loss,($1858.50),$447898.00,$0.00,$0.00,$0.00,$0.00,$0.00,$1858.50,$558.00,$2416.50,12,
521,MNQ SEP26,Backtest,DA--VWAPPB_V1,Long,14,25689.50,25621.75,2/9/2026 7:50:00 AM,2/9/2026 7:52:00 AM,DAVWAPPB_V1-0714,Stop loss,($1897.00),$446001.00,$0.00,$0.00,$0.00,$0.00,$0.00,$1897.00,$252.00,$2149.00,3,
522,MNQ SEP26,Backtest,DA--VWAPPB_V1,Short,13,25229.25,25302.25,2/24/2026 7:38:00 AM,2/24/2026 7:39:00 AM,DAVWAPPB_V1-0716,Stop loss,($1898.00),$444103.00,$0.00,$0.00,$0.00,$0.00,$0.00,$1898.00,$656.50,$2554.50,2,
523,MNQ SEP26,Backtest,DA--VWAPPB_V1,Short,11,25765.50,25574.50,2/26/2026 7:37:00 AM,2/26/2026 1:56:00 PM,DAVWAPPB_V1-0717,FlattenStrategyPositionsShort,$4202.00,$448305.00,$0.00,$0.00,$0.00,$0.00,$0.00,$880.00,$8657.00,$4455.00,380,
524,MNQ SEP26,Backtest,DA--VWAPPB_V1,Long,12,25473.25,25391.00,2/27/2026 8:09:00 AM,2/27/2026 11:26:00 AM,DAVWAPPB_V1-0718,Stop loss,($1974.00),$446331.00,$0.00,$0.00,$0.00,$0.00,$0.00,$1974.00,$1764.00,$3738.00,198,
525,MNQ SEP26,Backtest,DA--VWAPPB_V1,Long,5,25360.00,25551.75,3/2/2026 7:37:00 AM,3/2/2026 1:56:00 PM,DAVWAPPB_V1-0719,FlattenStrategyPositionsLong,$1917.50,$448248.50,$0.00,$0.00,$0.00,$0.00,$0.00,$547.50,$2500.00,$582.50,380,
526,MNQ SEP26,Backtest,DA--VWAPPB_V1,Long,7,25083.25,25263.25,3/3/2026 9:09:00 AM,3/3/2026 1:56:00 PM,DAVWAPPB_V1-0720,FlattenStrategyPositionsLong,$2520.00,$450768.50,$0.00,$0.00,$0.00,$0.00,$0.00,$409.50,$3878.00,$1358.00,288,
527,MNQ SEP26,Backtest,DA--VWAPPB_V1,Long,21,25511.25,25652.25,3/4/2026 8:14:00 AM,3/4/2026 1:56:00 PM,DAVWAPPB_V1-0721,FlattenStrategyPositionsLong,$5922.00,$456690.50,$0.00,$0.00,$0.00,$0.00,$0.00,$1837.50,$9061.50,$3139.50,343,
528,MNQ SEP26,Backtest,DA--VWAPPB_V1,Long,12,25621.00,25539.00,3/5/2026 7:38:00 AM,3/5/2026 8:25:00 AM,DAVWAPPB_V1-0722,Stop loss,($1968.00),$454722.50,$0.00,$0.00,$0.00,$0.00,$0.00,$1968.00,$2334.00,$4302.00,48,
529,MNQ SEP26,Backtest,DA--VWAPPB_V1,Short,16,24869.25,24928.75,3/9/2026 7:46:00 AM,3/9/2026 7:47:00 AM,DAVWAPPB_V1-0723,Stop loss,($1904.00),$452818.50,$0.00,$0.00,$0.00,$0.00,$0.00,$1904.00,$504.00,$2408.00,2,
530,MNQ SEP26,Backtest,DA--VWAPPB_V1,Long,8,24969.75,25463.50,3/9/2026 8:27:00 AM,3/9/2026 1:56:00 PM,DAVWAPPB_V1-0724,FlattenStrategyPositionsLong,$7900.00,$460718.50,$0.00,$0.00,$0.00,$0.00,$0.00,$1244.00,$9524.00,$1624.00,330,
531,MNQ SEP26,Backtest,DA--VWAPPB_V1,Long,15,25535.00,25470.50,3/10/2026 8:31:00 AM,3/10/2026 1:37:00 PM,DAVWAPPB_V1-0726,Stop loss,($1935.00),$458783.50,$0.00,$0.00,$0.00,$0.00,$0.00,$1935.00,$5782.50,$7717.50,307,
532,MNQ SEP26,Backtest,DA--VWAPPB_V1,Long,21,25620.00,25573.75,3/11/2026 7:42:00 AM,3/11/2026 7:45:00 AM,DAVWAPPB_V1-0727,Stop loss,($1942.50),$456841.00,$0.00,$0.00,$0.00,$0.00,$0.00,$1942.50,$231.00,$2173.50,4,
533,MNQ SEP26,Backtest,DA--VWAPPB_V1,Long,18,25642.00,25587.75,3/11/2026 8:06:00 AM,3/11/2026 8:09:00 AM,DAVWAPPB_V1-0728,Stop loss,($1953.00),$454888.00,$0.00,$0.00,$0.00,$0.00,$0.00,$1953.00,$621.00,$2574.00,4,
534,MNQ SEP26,Backtest,DA--VWAPPB_V1,Short,9,25178.25,25081.75,3/12/2026 7:56:00 AM,3/12/2026 1:56:00 PM,DAVWAPPB_V1-0729,FlattenStrategyPositionsShort,$1737.00,$456625.00,$0.00,$0.00,$0.00,$0.00,$0.00,$1471.50,$2209.50,$472.50,361,
535,MNQ SEP26,Backtest,DA--VWAPPB_V1,Long,33,25268.25,25238.00,3/13/2026 7:53:00 AM,3/13/2026 7:59:00 AM,DAVWAPPB_V1-0730,Stop loss,($1996.50),$454628.50,$0.00,$0.00,$0.00,$0.00,$0.00,$1996.50,$2557.50,$4554.00,7,
536,MNQ SEP26,Backtest,DA--VWAPPB_V1,Short,20,25174.50,25223.25,3/13/2026 8:16:00 AM,3/13/2026 8:32:00 AM,DAVWAPPB_V1-0731,Stop loss,($1950.00),$452678.50,$0.00,$0.00,$0.00,$0.00,$0.00,$1950.00,$1230.00,$3180.00,17,
537,MNQ SEP26,Backtest,DA--VWAPPB_V1,Short,19,25175.75,25226.25,3/16/2026 8:39:00 AM,3/16/2026 9:23:00 AM,DAVWAPPB_V1-0732,Stop loss,($1919.00),$450759.50,$0.00,$0.00,$0.00,$0.00,$0.00,$1919.00,$1748.00,$3667.00,45,
538,MNQ SEP26,Backtest,DA--VWAPPB_V1,Long,29,25244.50,25210.00,3/16/2026 9:35:00 AM,3/16/2026 9:54:00 AM,DAVWAPPB_V1-0734,Stop loss,($2001.00),$448758.50,$0.00,$0.00,$0.00,$0.00,$0.00,$2001.00,$333.50,$2334.50,20,
539,MNQ SEP26,Backtest,DA--VWAPPB_V1,Long,10,25369.00,25272.25,3/17/2026 7:39:00 AM,3/17/2026 9:37:00 AM,DAVWAPPB_V1-0735,Stop loss,($1935.00),$446823.50,$0.00,$0.00,$0.00,$0.00,$0.00,$1935.00,$825.00,$2760.00,119,
540,MNQ SEP26,Backtest,DA--VWAPPB_V1,Short,13,24678.25,24752.50,3/20/2026 7:39:00 AM,3/20/2026 7:46:00 AM,DAVWAPPB_V1-0736,Stop loss,($1930.50),$444893.00,$0.00,$0.00,$0.00,$0.00,$0.00,$1930.50,$84.50,$2015.00,8,
541,MNQ SEP26,Backtest,DA--VWAPPB_V1,Short,20,24626.00,24360.50,3/20/2026 7:58:00 AM,3/20/2026 1:56:00 PM,DAVWAPPB_V1-0737,FlattenStrategyPositionsShort,$10620.00,$455513.00,$0.00,$0.00,$0.00,$0.00,$0.00,$1150.00,$14380.00,$3760.00,359,
542,MNQ SEP26,Backtest,DA--VWAPPB_V1,Short,13,24834.00,24742.75,3/23/2026 9:41:00 AM,3/23/2026 1:56:00 PM,DAVWAPPB_V1-0738,FlattenStrategyPositionsShort,$2372.50,$457885.50,$0.00,$0.00,$0.00,$0.00,$0.00,$604.50,$6064.50,$3692.00,256,
543,MNQ SEP26,Backtest,DA--VWAPPB_V1,Short,11,24669.50,24758.75,3/25/2026 7:53:00 AM,3/25/2026 8:17:00 AM,DAVWAPPB_V1-0740,Stop loss,($1963.50),$455922.00,$0.00,$0.00,$0.00,$0.00,$0.00,$1963.50,$995.50,$2959.00,25,
544,MNQ SEP26,Backtest,DA--VWAPPB_V1,Long,21,24756.50,24710.75,3/25/2026 8:21:00 AM,3/25/2026 9:11:00 AM,DAVWAPPB_V1-0741,Stop loss,($1921.50),$454000.50,$0.00,$0.00,$0.00,$0.00,$0.00,$1921.50,$2457.00,$4378.50,51,
545,MNQ SEP26,Backtest,DA--VWAPPB_V1,Long,21,24477.50,24431.00,3/26/2026 7:52:00 AM,3/26/2026 8:44:00 AM,DAVWAPPB_V1-0742,Stop loss,($1953.00),$452047.50,$0.00,$0.00,$0.00,$0.00,$0.00,$1953.00,$2499.00,$4452.00,53,
546,MNQ SEP26,Backtest,DA--VWAPPB_V1,Short,13,24412.00,24077.25,3/26/2026 8:47:00 AM,3/26/2026 1:56:00 PM,DAVWAPPB_V1-0743,FlattenStrategyPositionsShort,$8703.50,$460751.00,$0.00,$0.00,$0.00,$0.00,$0.00,$643.50,$8827.00,$123.50,310,
547,MNQ SEP26,Backtest,DA--VWAPPB_V1,Short,8,23816.00,23604.25,3/27/2026 7:56:00 AM,3/27/2026 1:56:00 PM,DAVWAPPB_V1-0745,FlattenStrategyPositionsShort,$3388.00,$464139.00,$0.00,$0.00,$0.00,$0.00,$0.00,$1452.00,$4020.00,$632.00,361,
548,MNQ SEP26,Backtest,DA--VWAPPB_V1,Long,17,23698.50,23640.75,3/30/2026 9:04:00 AM,3/30/2026 9:09:00 AM,DAVWAPPB_V1-0746,Stop loss,($1963.50),$462175.50,$0.00,$0.00,$0.00,$0.00,$0.00,$1963.50,$1190.00,$3153.50,6,
549,MNQ SEP26,Backtest,DA--VWAPPB_V1,Long,10,23786.00,23694.50,3/31/2026 7:50:00 AM,3/31/2026 8:56:00 AM,DAVWAPPB_V1-0748,Stop loss,($1830.00),$460345.50,$0.00,$0.00,$0.00,$0.00,$0.00,$1830.00,$1965.00,$3795.00,67,
550,MNQ SEP26,Backtest,DA--VWAPPB_V1,Long,13,23846.00,23769.25,3/31/2026 9:17:00 AM,3/31/2026 9:32:00 AM,DAVWAPPB_V1-0749,Stop loss,($1995.50),$458350.00,$0.00,$0.00,$0.00,$0.00,$0.00,$1995.50,$240.50,$2236.00,16,
551,MNQ SEP26,Backtest,DA--VWAPPB_V1,Long,7,24459.25,24501.25,4/1/2026 7:37:00 AM,4/1/2026 1:56:00 PM,DAVWAPPB_V1-0750,FlattenStrategyPositionsLong,$588.00,$458938.00,$0.00,$0.00,$0.00,$0.00,$0.00,$1449.00,$2597.00,$2009.00,380,
552,MNQ SEP26,Backtest,DA--VWAPPB_V1,Long,18,24105.00,24497.75,4/2/2026 7:54:00 AM,4/2/2026 1:56:00 PM,DAVWAPPB_V1-0751,FlattenStrategyPositionsLong,$14139.00,$473077.00,$0.00,$0.00,$0.00,$0.00,$0.00,$378.00,$16506.00,$2367.00,363,
553,MNQ SEP26,Backtest,DA--VWAPPB_V1,Short,28,24576.25,24612.00,4/6/2026 8:56:00 AM,4/6/2026 8:58:00 AM,DAVWAPPB_V1-0755,Stop loss,($2002.00),$471075.00,$0.00,$0.00,$0.00,$0.00,$0.00,$2002.00,$84.00,$2086.00,3,
554,MNQ SEP26,Backtest,DA--VWAPPB_V1,Short,15,24449.25,24512.00,4/7/2026 7:51:00 AM,4/7/2026 10:04:00 AM,DAVWAPPB_V1-0756,Stop loss,($1882.50),$469192.50,$0.00,$0.00,$0.00,$0.00,$0.00,$1882.50,$6360.00,$8242.50,134,
555,MNQ SEP26,Backtest,DA--VWAPPB_V1,Short,13,25409.50,25334.50,4/8/2026 7:42:00 AM,4/8/2026 1:56:00 PM,DAVWAPPB_V1-0757,FlattenStrategyPositionsShort,$1950.00,$471142.50,$0.00,$0.00,$0.00,$0.00,$0.00,$1235.00,$4868.50,$2918.50,375,
556,MNQ SEP26,Backtest,DA--VWAPPB_V1,Short,14,25310.50,25377.25,4/9/2026 7:56:00 AM,4/9/2026 9:16:00 AM,DAVWAPPB_V1-0758,Stop loss,($1869.00),$469273.50,$0.00,$0.00,$0.00,$0.00,$0.00,$1869.00,$1526.00,$3395.00,81,
557,MNQ SEP26,Backtest,DA--VWAPPB_V1,Short,23,25580.00,25622.25,4/10/2026 8:08:00 AM,4/10/2026 8:15:00 AM,DAVWAPPB_V1-0760,Stop loss,($1943.50),$467330.00,$0.00,$0.00,$0.00,$0.00,$0.00,$1943.50,$713.00,$2656.50,8,
558,MNQ SEP26,Backtest,DA--VWAPPB_V1,Long,25,25658.00,25618.00,4/10/2026 8:34:00 AM,4/10/2026 8:43:00 AM,DAVWAPPB_V1-0761,Stop loss,($2000.00),$465330.00,$0.00,$0.00,$0.00,$0.00,$0.00,$2000.00,$387.50,$2387.50,10,
559,MNQ SEP26,Backtest,DA--VWAPPB_V1,Long,17,25574.50,25818.00,4/13/2026 7:58:00 AM,4/13/2026 1:56:00 PM,DAVWAPPB_V1-0762,FlattenStrategyPositionsLong,$8279.00,$473609.00,$0.00,$0.00,$0.00,$0.00,$0.00,$1147.50,$8585.00,$306.00,359,
560,MNQ SEP26,Backtest,DA--VWAPPB_V1,Long,28,26054.25,26019.25,4/14/2026 7:54:00 AM,4/14/2026 7:56:00 AM,DAVWAPPB_V1-0763,Stop loss,($1960.00),$471649.00,$0.00,$0.00,$0.00,$0.00,$0.00,$1960.00,$42.00,$2002.00,3,
561,MNQ SEP26,Backtest,DA--VWAPPB_V1,Long,29,26681.25,26776.75,4/16/2026 8:39:00 AM,4/16/2026 1:56:00 PM,DAVWAPPB_V1-0764,FlattenStrategyPositionsLong,$5539.00,$477188.00,$0.00,$0.00,$0.00,$0.00,$0.00,$1769.00,$10280.50,$4741.50,318,
562,MNQ SEP26,Backtest,DA--VWAPPB_V1,Short,19,27078.00,26893.25,4/21/2026 8:52:00 AM,4/21/2026 1:56:00 PM,DAVWAPPB_V1-0767,FlattenStrategyPositionsShort,$7020.50,$484208.50,$0.00,$0.00,$0.00,$0.00,$0.00,$997.50,$8759.00,$1738.50,305,
563,MNQ SEP26,Backtest,DA--VWAPPB_V1,Long,26,27187.25,27380.00,4/22/2026 8:08:00 AM,4/22/2026 1:56:00 PM,DAVWAPPB_V1-0768,FlattenStrategyPositionsLong,$10023.00,$494231.50,$0.00,$0.00,$0.00,$0.00,$0.00,$767.00,$10478.00,$455.00,349,
564,MNQ SEP26,Backtest,DA--VWAPPB_V1,Short,27,27296.00,27331.75,4/23/2026 8:07:00 AM,4/23/2026 8:32:00 AM,DAVWAPPB_V1-0769,Stop loss,($1930.50),$492301.00,$0.00,$0.00,$0.00,$0.00,$0.00,$1930.50,$1201.50,$3132.00,26,
565,MNQ SEP26,Backtest,DA--VWAPPB_V1,Long,26,27554.25,27736.50,4/24/2026 8:47:00 AM,4/24/2026 1:56:00 PM,DAVWAPPB_V1-0771,FlattenStrategyPositionsLong,$9477.00,$501778.00,$0.00,$0.00,$0.00,$0.00,$0.00,$1495.00,$10621.00,$1144.00,310,
566,MNQ SEP26,Backtest,DA--VWAPPB_V1,Short,4,29554.00,29780.25,6/12/2026 7:46:00 AM,6/12/2026 8:04:00 AM,DAVWAPPB_V1-0773,Stop loss,($1810.00),$499968.00,$0.00,$0.00,$0.00,$0.00,$0.00,$1810.00,$286.00,$2096.00,19,
567,MNQ SEP26,Backtest,DA--VWAPPB_V1,Long,14,30719.25,30842.75,6/15/2026 7:42:00 AM,6/15/2026 1:56:00 PM,DAVWAPPB_V1-0775,FlattenStrategyPositionsLong,$3458.00,$503426.00,$0.00,$0.00,$0.00,$0.00,$0.00,$1372.00,$5579.00,$2121.00,375,
568,MNQ SEP26,Backtest,DA--VWAPPB_V1,Short,15,30771.50,30391.00,6/16/2026 8:20:00 AM,6/16/2026 1:56:00 PM,DAVWAPPB_V1-0776,FlattenStrategyPositionsShort,$11415.00,$514841.00,$0.00,$0.00,$0.00,$0.00,$0.00,$112.50,$12907.50,$1492.50,337,
569,MNQ SEP26,Backtest,DA--VWAPPB_V1,Short,13,30422.25,30495.25,6/18/2026 7:45:00 AM,6/18/2026 7:50:00 AM,DAVWAPPB_V1-0778,Stop loss,($1898.00),$512943.00,$0.00,$0.00,$0.00,$0.00,$0.00,$1898.00,$786.50,$2684.50,6,
570,MNQ SEP26,Backtest,DA--VWAPPB_V1,Long,10,30574.00,30477.50,6/18/2026 8:10:00 AM,6/18/2026 8:31:00 AM,DAVWAPPB_V1-0779,Stop loss,($1930.00),$511013.00,$0.00,$0.00,$0.00,$0.00,$0.00,$1930.00,$1380.00,$3310.00,22,
571,MNQ SEP26,Backtest,DA--VWAPPB_V1,Long,6,30922.00,30769.75,6/22/2026 7:41:00 AM,6/22/2026 7:44:00 AM,DAVWAPPB_V1-0781,Stop loss,($1827.00),$509186.00,$0.00,$0.00,$0.00,$0.00,$0.00,$1827.00,$60.00,$1887.00,4,
572,MNQ SEP26,Backtest,DA--VWAPPB_V1,Short,11,30789.50,30626.00,6/22/2026 8:28:00 AM,6/22/2026 1:56:00 PM,DAVWAPPB_V1-0782,FlattenStrategyPositionsShort,$3597.00,$512783.00,$0.00,$0.00,$0.00,$0.00,$0.00,$363.00,$6308.50,$2711.50,329,
573,MNQ SEP26,Backtest,DA--VWAPPB_V1,Long,11,29915.00,29830.50,6/23/2026 8:00:00 AM,6/23/2026 8:55:00 AM,DAVWAPPB_V1-0783,Stop loss,($1859.00),$510924.00,$0.00,$0.00,$0.00,$0.00,$0.00,$1859.00,$2898.50,$4757.50,56,
574,MNQ SEP26,Backtest,DA--VWAPPB_V1,Long,5,29826.50,29636.50,6/24/2026 7:37:00 AM,6/24/2026 7:42:00 AM,DAVWAPPB_V1-0784,Stop loss,($1900.00),$509024.00,$0.00,$0.00,$0.00,$0.00,$0.00,$1900.00,$170.00,$2070.00,6,
575,MNQ SEP26,Backtest,DA--VWAPPB_V1,Long,15,29783.25,29717.50,6/24/2026 8:39:00 AM,6/24/2026 8:43:00 AM,DAVWAPPB_V1-0785,Stop loss,($1972.50),$507051.50,$0.00,$0.00,$0.00,$0.00,$0.00,$1972.50,$142.50,$2115.00,5,
576,MNQ SEP26,Backtest,DA--VWAPPB_V1,Long,7,29771.00,29628.75,6/25/2026 8:56:00 AM,6/25/2026 8:58:00 AM,DAVWAPPB_V1-0786,Stop loss,($1991.50),$505060.00,$0.00,$0.00,$0.00,$0.00,$0.00,$1991.50,$10.50,$2002.00,3,
577,MNQ SEP26,Backtest,DA--VWAPPB_V1,Short,6,29527.00,29676.00,6/25/2026 9:16:00 AM,6/25/2026 9:33:00 AM,DAVWAPPB_V1-0787,Stop loss,($1788.00),$503272.00,$0.00,$0.00,$0.00,$0.00,$0.00,$1788.00,$774.00,$2562.00,18,
578,MNQ SEP26,Backtest,DA--VWAPPB_V1,Long,10,29818.25,29719.50,6/29/2026 7:50:00 AM,6/29/2026 7:56:00 AM,DAVWAPPB_V1-0788,Stop loss,($1975.00),$501297.00,$0.00,$0.00,$0.00,$0.00,$0.00,$1975.00,$405.00,$2380.00,7,
579,MNQ SEP26,Backtest,DA--VWAPPB_V1,Long,17,30219.00,30160.75,6/30/2026 7:42:00 AM,6/30/2026 7:45:00 AM,DAVWAPPB_V1-0789,Stop loss,($1980.50),$499316.50,$0.00,$0.00,$0.00,$0.00,$0.00,$1980.50,$790.50,$2771.00,4,
580,MNQ SEP26,Backtest,DA--VWAPPB_V1,Long,9,30248.00,30572.50,6/30/2026 7:52:00 AM,6/30/2026 1:56:00 PM,DAVWAPPB_V1-0790,FlattenStrategyPositionsLong,$5841.00,$505157.50,$0.00,$0.00,$0.00,$0.00,$0.00,$427.50,$6336.00,$495.00,365,
581,MNQ SEP26,Backtest,DA--VWAPPB_V1,Short,15,30112.00,30174.75,7/1/2026 7:40:00 AM,7/1/2026 7:42:00 AM,DAVWAPPB_V1-0791,Stop loss,($1882.50),$503275.00,$0.00,$0.00,$0.00,$0.00,$0.00,$1882.50,$480.00,$2362.50,3,
582,MNQ SEP26,Backtest,DA--VWAPPB_V1,Long,18,30281.50,30228.75,7/1/2026 8:05:00 AM,7/1/2026 8:33:00 AM,DAVWAPPB_V1-0792,Stop loss,($1899.00),$501376.00,$0.00,$0.00,$0.00,$0.00,$0.00,$1899.00,$1647.00,$3546.00,29,
583,MNQ SEP26,Backtest,DA--VWAPPB_V1,Short,46,29900.75,29922.00,7/3/2026 8:15:00 AM,7/3/2026 8:18:00 AM,DAVWAPPB_V1-0793,Stop loss,($1955.00),$499421.00,$0.00,$0.00,$0.00,$0.00,$0.00,$1955.00,$506.00,$2461.00,4,
584,MNQ SEP26,Backtest,DA--VWAPPB_V1,Short,9,29510.00,29369.50,7/7/2026 7:39:00 AM,7/7/2026 1:56:00 PM,DAVWAPPB_V1-0795,FlattenStrategyPositionsShort,$2529.00,$501950.00,$0.00,$0.00,$0.00,$0.00,$0.00,$1737.00,$5404.50,$2875.50,378,
585,MNQ SEP26,Backtest,DA--VWAPPB_V1,Long,9,29322.00,29211.75,7/8/2026 7:37:00 AM,7/8/2026 8:44:00 AM,DAVWAPPB_V1-0796,Stop loss,($1984.50),$499965.50,$0.00,$0.00,$0.00,$0.00,$0.00,$1984.50,$1386.00,$3370.50,68,
586,MNQ SEP26,Backtest,DA--VWAPPB_V1,Long,9,29862.50,29759.75,7/9/2026 7:43:00 AM,7/9/2026 8:16:00 AM,DAVWAPPB_V1-0797,Stop loss,($1849.50),$498116.00,$0.00,$0.00,$0.00,$0.00,$0.00,$1849.50,$1224.00,$3073.50,34,
587,MNQ SEP26,Backtest,DA--VWAPPB_V1,Short,6,29680.00,29836.00,7/9/2026 8:19:00 AM,7/9/2026 9:07:00 AM,DAVWAPPB_V1-0798,Stop loss,($1872.00),$496244.00,$0.00,$0.00,$0.00,$0.00,$0.00,$1872.00,$795.00,$2667.00,49,
588,MNQ SEP26,Backtest,DA--VWAPPB_V1,Long,16,29859.25,29897.75,7/9/2026 9:10:00 AM,7/9/2026 1:56:00 PM,DAVWAPPB_V1-0799,FlattenStrategyPositionsLong,$1232.00,$497476.00,$0.00,$0.00,$0.00,$0.00,$0.00,$936.00,$4288.00,$3056.00,287,
589,MNQ SEP26,Backtest,DA--VWAPPB_V1,Long,22,29953.00,29908.50,7/10/2026 9:26:00 AM,7/10/2026 9:41:00 AM,DAVWAPPB_V1-0800,Stop loss,($1958.00),$495518.00,$0.00,$0.00,$0.00,$0.00,$0.00,$1958.00,$1694.00,$3652.00,16,
590,MNQ SEP26,Backtest,DA--VWAPPB_V1,Short,9,29639.25,29745.25,7/13/2026 7:38:00 AM,7/13/2026 9:01:00 AM,DAVWAPPB_V1-0801,Stop loss,($1908.00),$493610.00,$0.00,$0.00,$0.00,$0.00,$0.00,$1908.00,$2628.00,$4536.00,84,
591,MNQ SEP26,Backtest,DA--VWAPPB_V1,Short,12,29663.75,29744.75,7/14/2026 8:10:00 AM,7/14/2026 8:34:00 AM,DAVWAPPB_V1-0802,Stop loss,($1944.00),$491666.00,$0.00,$0.00,$0.00,$0.00,$0.00,$1944.00,$2316.00,$4260.00,25,
592,MNQ SEP26,Backtest,DA--VWAPPB_V1,Long,10,29840.75,29744.00,7/14/2026 9:08:00 AM,7/14/2026 10:02:00 AM,DAVWAPPB_V1-0805,Stop loss,($1935.00),$489731.00,$0.00,$0.00,$0.00,$0.00,$0.00,$1935.00,$1105.00,$3040.00,55,
593,MNQ SEP26,Backtest,DA--VWAPPB_V1,Short,8,29840.00,29680.25,7/15/2026 7:45:00 AM,7/15/2026 1:56:00 PM,DAVWAPPB_V1-0806,FlattenStrategyPositionsShort,$2556.00,$492287.00,$0.00,$0.00,$0.00,$0.00,$0.00,$836.00,$7092.00,$4536.00,372,
594,MNQ SEP26,Backtest,DA--VWAPPB_V1,Short,9,29346.25,29450.50,7/16/2026 7:44:00 AM,7/16/2026 8:08:00 AM,DAVWAPPB_V1-0807,Stop loss,($1876.50),$490410.50,$0.00,$0.00,$0.00,$0.00,$0.00,$1876.50,$1593.00,$3469.50,25,
595,MNQ SEP26,Backtest,DA--VWAPPB_V1,Long,9,29482.25,29372.75,7/16/2026 8:11:00 AM,7/16/2026 8:56:00 AM,DAVWAPPB_V1-0808,Stop loss,($1971.00),$488439.50,$0.00,$0.00,$0.00,$0.00,$0.00,$1971.00,$481.50,$2452.50,46,
596,MNQ SEP26,Backtest,DA--VWAPPB_V1,Short,9,28417.25,28523.00,7/17/2026 7:46:00 AM,7/17/2026 7:51:00 AM,DAVWAPPB_V1-0810,Stop loss,($1903.50),$486536.00,$0.00,$0.00,$0.00,$0.00,$0.00,$1903.50,$103.50,$2007.00,6,
597,MNQ SEP26,Backtest,DA--VWAPPB_V1,Long,7,28631.75,28837.25,7/17/2026 7:58:00 AM,7/17/2026 1:56:00 PM,DAVWAPPB_V1-0811,FlattenStrategyPositionsLong,$2877.00,$489413.00,$0.00,$0.00,$0.00,$0.00,$0.00,$304.50,$5813.50,$2936.50,359,
